{
"type": "FeatureCollection",
"name": "city_corporation",
"crs": { "type": "name", "properties": { "name": "urn:ogc:def:crs:OGC:1.3:CRS84" } },
"features": [
{ "type": "Feature", "properties": { "FEATURE_ID": "DH22_0003", "GEO_CODE": "302620", "GEO_CODE_CLEAN": "302620", "ADMIN_LEVEL": "citycorporation", "LEVEL_STANDARD": "city_corporation", "LEVEL_ORDER": 2, "location_name": "Dhaka South City Corporation", "PARENT_GEO_CODE": "3026", "PARENT_LOCATION_NAME": "Dhaka", "CHILD_COUNT": 0, "HAS_CHILDREN": 0, "ADMIN_PATH": "3026/302620", "CENSUS_DATA_AVAILABLE": 1, "CENSUS_TABLE_COUNT": 18, "CENSUS_COVERAGE_PCT": 100.0, "SDG_DATA_AVAILABLE": 1, "SDG_INDICATOR_COUNT": 22, "NAME_MATCH_STATUS": "MATCH", "CENSUS_LOCATION_NAME": "Dhaka South City Corporation", "DIVISION_CODE": "30", "DIVISION_NAME": "Dhaka", "DISTRICT_CODE": "26", "DISTRICT_NAME": "Dhaka", "CITY_CODE": "20", "CITY_NAME": "Dhaka South City Corporation", "UPAZILA_CODE": null, "UPAZILA_NAME": null, "MUNICIPALITY_CODE": null, "MUNICIPALITY_NAME": null, "UNION_CODE": null, "UNION_NAME": null, "MAUZA_CODE": null, "CENTROID_LAT": 23.72675472086387, "CENTROID_LON": 90.437424382405212, "MAUZA_NAME": null, "VILLAGE_CODE": null, "VILLAGE_NAME": null, "RMO_CODE": null, "location_id": "4", "source_row_number": 10.0, "level": "city_corp", "district": 26.0, "city_corporation": 20.0, "upazila_thana": null, "paurashava": null, "union_ward": null, "mauza": null, "village_mahalla": null, "household_except_floating_household_total_c_01": 1101733.0, "general_c_01": 1007018.0, "institutional_c_01": 1591.0, "others_c_01": 93124.0, "population_including_floating_population_total_c_01": 4305063.0, "male_c_01": 2339434.0, "female_c_01": 1965459.0, "hijra_c_01": 170.0, "sex_ratio_c_01": 119.03, "total_c_02": 4305063.0, "age_group_in_years_0_4_c_02": 317068.0, "5_9_c_02": 328706.0, "10_14_c_02": 369427.0, "15_19_c_02": 432461.0, "20_24_c_02": 494951.0, "25_29_c_02": 475100.0, "30_34_c_02": 385370.0, "35_39_c_02": 372918.0, "40_44_c_02": 295924.0, "45_49_c_02": 225237.0, "50_54_c_02": 206018.0, "55_59_c_02": 131309.0, "60_64_c_02": 114079.0, "65_69_c_02": 70387.0, "70_74_c_02": 47718.0, "75_79_c_02": 18536.0, "80_c_02": 19854.0, "total_c_03": 4305063.0, "muslim_c_03": 4101482.0, "hindu_c_03": 194311.0, "christian_c_03": 4481.0, "buddhist_c_03": 4438.0, "others_c_03": 351.0, "male_population_number_c_04": 2005191.0, "total_c_04": 100.0, "never_married_c_04": 39.37, "currently_married_c_04": 59.62, "widowed_widower_c_04": 0.7, "divorced_c_04": 0.16, "separated_c_04": 0.15, "female_population_number_c_04": 1653928.0, "total_1_c_04": 100.0, "never_married_1_c_04": 26.46, "currently_married_1_c_04": 65.15, "widowed_widower_1_c_04": 7.38, "divorced_1_c_04": 0.54, "separated_1_c_04": 0.48, "5_years_and_above_total_c_05": 84.82, "male_c_05": 85.83, "female_c_05": 83.6, "7_years_and_above_total_c_05": 85.56, "male_1_c_05": 86.6, "female_1_c_05": 84.31, "15_years_and_above_total_c_05": 84.38, "male_2_c_05": 85.76, "female_2_c_05": 82.7, "population_number_c_06": 3987825.0, "field_of_education_total_c_06": 3510565.0, "general_c_06": 3234844.0, "technical_c_06": 32903.0, "religious_c_06": 179204.0, "others_c_06": 63614.0, "highest_level_of_education_attained_total_c_06": 3510565.0, "attended_school_but_not_completed_play_nursery_kg_pre_primary_class_i_c_06": 35576.0, "play_nursery_kg_pre_primary_student_c_06": 84443.0, "student_class_i_c_06": 49891.0, "class_i_v_c_06": 806555.0, "class_vi_ix_c_06": 794452.0, "ssc_dakhil_o_level_equivalent_c_06": 455162.0, "hsc_alim_a_level_equivalent_c_06": 523356.0, "diploma_nursing_midwifery_c_06": 21196.0, "graduate_and_above_c_06": 626519.0, "non_formal_informal_education_and_others_c_06": 113415.0, "total_male_c_07": 577589.0, "female_c_07": 489217.0, "5_9_years_male_c_07": 130758.0, "female_1_c_07": 120326.0, "10_14_years_male_c_07": 160143.0, "female_2_c_07": 141637.0, "15_19_years_male_c_07": 133929.0, "female_3_c_07": 116638.0, "20_24_years_male_c_07": 113681.0, "female_4_c_07": 87982.0, "25_29_years_male_c_07": 39078.0, "female_5_c_07": 22634.0, "population_total_c_08": 3987825.0, "male_c_08": 2177694.0, "female_c_08": 1810131.0, "employed_total_c_08": 1638588.0, "male_1_c_08": 1394397.0, "female_1_c_08": 244191.0, "household_work_total_c_08": 754723.0, "male_2_c_08": 9777.0, "female_2_c_08": 744946.0, "looking_for_work_total_c_08": 53807.0, "male_3_c_08": 39884.0, "female_3_c_08": 13923.0, "do_not_work_total_c_08": 1540707.0, "male_4_c_08": 733636.0, "female_4_c_08": 807071.0, "total_c_09": 1638588.0, "male_c_09": 1394397.0, "female_c_09": 244191.0, "agriculture_total_c_09": 17542.0, "male_1_c_09": 16440.0, "female_1_c_09": 1102.0, "industry_total_c_09": 383604.0, "male_2_c_09": 339068.0, "female_2_c_09": 44536.0, "service_total_c_09": 1237442.0, "male_3_c_09": 1038889.0, "female_3_c_09": 198553.0, "total_c_10": 25.57, "15_19_years_c_10": 20.62, "20_24_years_c_10": 29.9, "male_total_c_10": 8.56, "15_19_years_1_c_10": 9.53, "20_24_years_1_c_10": 7.68, "female_total_c_10": 44.53, "15_19_years_2_c_10": 33.49, "20_24_years_2_c_10": 53.81, "population_having_mobile_phone_for_own_use_5_years_and_above_total_c_11_": 71.62, "male_c_11_": 76.61, "female_c_11_": 65.61, "15_years_and_above_total_c_11_": 85.56, "male_1_c_11_": 91.04, "female_1_c_11_": 78.9, "internet_user_5_years_and_above_total_c_11_": 54.7, "male_2_c_11_": 59.93, "female_2_c_11_": 48.42, "15_years_and_above_total_1_c_11_": 63.34, "male_3_c_11_": 69.37, "female_3_c_11_": 56.01, "having_account_in_financial_institution_bank_insurance_micro_credit_post_office_etc_total_c_12": 34.46, "male_c_12": 39.9, "female_c_12": 27.85, "having_mobile_banking_account_total_c_12": 45.3, "male_1_c_12": 56.54, "female_1_c_12": 31.62, "ethnic_population_total_c_13": 3784.0, "male_c_13": 2000.0, "female_c_13": 1784.0, "ethnic_population_in_major_groups_garo_c_13": 616.0, "chakma_c_13": 878.0, "marma_c_13": 728.0, "others_c_13": 1562.0, "general_household_c_14": 1007018.0, "type_of_structure_total_c_14": 100.0, "pucca_c_14": 84.61, "semi_pucca_c_14": 10.39, "kancha_c_14": 4.84, "jhupri_c_14": 0.16, "ownership_status_total_c_14": 100.0, "own_dwelling_unit_c_14": 22.74, "rented_but_having_own_dwelling_unit_elsewhere_c_14": 54.59, "rented_and_having_no_own_dwelling_unit_elsewhere_c_14": 20.35, "rent_free_but_having_own_dwelling_unit_elsewhere_c_14": 1.43, "rent_free_and_having_no_own_dwelling_unit_elsewhere_c_14": 0.88, "general_household_c_15": 1007018.0, "source_of_drinking_water_total_c_15": 100.0, "tap_pipe_supply_c_15": 84.54, "tube_well_deep_shallow_c_15": 13.36, "bottled_jar_water_c_15": 2.1, "well_c_15": 0.0, "pond_river_canal_lake_c_15": 0.0, "spring_c_15": 0.0, "rain_water_c_15": 0.0, "others_c_15": 0.0, "general_household_c_16": 1007018.0, "toilet_facilities_total_c_16": 100.0, "safe_disposal_with_flushing_pouring_water_c_16": 89.97, "unsafe_disposal_with_flushing_pouring_water_c_16": 6.88, "pit_latrine_with_slab_ventilated_improved_latrine_composting_latrine_c_16": 2.82, "pit_latrine_without_slab_open_pit_c_16": 0.26, "raw_open_hanging_latrine_permanent_temporary_c_16": 0.05, "open_defecation_no_latrine_available_c_16": 0.02, "general_household_c_17": 1007018.0, "source_of_cooking_fuel_total_c_17": 100.0, "straw_leaf_bran_husk_c_17": 1.23, "wood_chalk_chopped_wood_c_17": 2.04, "wood_coal_charcoal_dried_dung_c_17": 0.27, "kerosene_paraffin_c_17": 0.08, "petrol_diesel_c_17": 0.05, "electricity_c_17": 0.36, "supply_gas_c_17": 83.4, "lp_gas_c_17": 12.17, "biogas_c_17": 0.16, "others_c_17": 0.24, "electricity_coverage_c_17": 99.93, "general_household_c_18": 1007018.0, "household_comprising_1_person_c_18": 50008.0, "2_person_c_18": 147507.0, "3_person_c_18": 237503.0, "4_person_c_18": 287143.0, "5_person_c_18": 159193.0, "6_person_c_18": 67709.0, "7_person_c_18": 28987.0, "8_person_c_18": 13652.0, "9_person_c_18": 6908.0, "10_person_c_18": 3883.0, "10_person_1_c_18": 4525.0, "average_household_size_c_18": 3.85, "code_15": null, "code_18": null, "LOCATION_NAME_CLEAN": "Dhaka South City Corporation", "LOCATION_KEY": "302620", "sdg_4_2_2_learning_total": 49.9, "sdg_4_2_2_learning_male": 48.58, "sdg_4_2_2_learning_female": 51.31, "sdg_5_b_1_mobile_total": 71.62, "sdg_5_b_1_mobile_male": 76.61, "sdg_5_b_1_mobile_female": 65.61, "sdg_6_2_1a_basic_sanitation": 65.11, "sdg_6_2_1b_handwashing": 90.74, "sdg_7_1_1_electricity": 99.75, "sdg_7_1_2_clean_fuel": 95.53, "sdg_8_6_1_neet_total": 25.57, "sdg_8_6_1_neet_male": 8.56, "sdg_8_6_1_neet_female": 44.53, "sdg_8_10_2_financial_inclusion_total": 54.07, "sdg_8_10_2_financial_inclusion_male": 64.06, "sdg_8_10_2_financial_inclusion_female": 41.93, "sdg_11_1_1_urban_slum_total": 3.88, "sdg_11_1_1_urban_slum_male": 3.83, "sdg_11_1_1_urban_slum_female": 3.94, "sdg_17_8_1_internet_total": 54.7, "sdg_17_8_1_internet_male": 59.93, "sdg_17_8_1_internet_female": 48.42, "IS_LEAF": 0 }, "geometry": { "type": "MultiPolygon", "coordinates": [ [ [ [ 90.467419756000083, 23.784954868000057 ], [ 90.467778432000046, 23.784899586000051 ], [ 90.468051829000046, 23.78498640600003 ], [ 90.468321434000075, 23.785241217000078 ], [ 90.468496930000072, 23.785281285000053 ], [ 90.468915306000042, 23.785280012000044 ], [ 90.469811381000056, 23.785058254000035 ], [ 90.46985292100004, 23.785053219000076 ], [ 90.470017655000049, 23.785016978000044 ], [ 90.47012873500006, 23.784997043000033 ], [ 90.470154192000052, 23.784998878000067 ], [ 90.470305222000036, 23.784966872000041 ], [ 90.470369049000055, 23.784950426000023 ], [ 90.470424118000039, 23.78495408200007 ], [ 90.470465697000066, 23.784961603000056 ], [ 90.470485963000044, 23.784964409000054 ], [ 90.470496362000063, 23.784967245000075 ], [ 90.470612140000071, 23.784953988000041 ], [ 90.470653834000075, 23.784951964000072 ], [ 90.470707236000067, 23.784944880000069 ], [ 90.471317855000052, 23.784839145000035 ], [ 90.470934405000037, 23.784316439000065 ], [ 90.47079136800005, 23.783777193000049 ], [ 90.470808872000077, 23.783016166000039 ], [ 90.470816447000061, 23.782984407000072 ], [ 90.470888641000045, 23.782681726000078 ], [ 90.470914864000065, 23.782643542000073 ], [ 90.47159103000007, 23.781658929000059 ], [ 90.471861511000043, 23.781305840000073 ], [ 90.472334702000069, 23.780690194000044 ], [ 90.472735856000043, 23.780002510000031 ], [ 90.472925904000078, 23.779788947000043 ], [ 90.473306818000083, 23.779360894000035 ], [ 90.473553913000046, 23.779083220000075 ], [ 90.473680375000072, 23.778940573000057 ], [ 90.474442669000041, 23.778378228000065 ], [ 90.475049695000052, 23.778137005000076 ], [ 90.475635380000085, 23.778099072000032 ], [ 90.475893111000062, 23.778125375000059 ], [ 90.476482845000078, 23.778189041000076 ], [ 90.477128838000056, 23.778205111000034 ], [ 90.477612830000055, 23.778036515000053 ], [ 90.477754051000034, 23.777914710000061 ], [ 90.478498273000071, 23.777272802000027 ], [ 90.478664367000079, 23.777115150000043 ], [ 90.479018059000055, 23.776779434000048 ], [ 90.480147532000046, 23.775707345000058 ], [ 90.48095231700006, 23.775036449000027 ], [ 90.481269117000068, 23.774672763000069 ], [ 90.481374396000035, 23.774551902000042 ], [ 90.48177555400008, 23.773882259000061 ], [ 90.48201633900004, 23.773472794000043 ], [ 90.482625390000067, 23.77240633200006 ], [ 90.482717831000059, 23.772244464000039 ], [ 90.48315917900004, 23.771500174000039 ], [ 90.48331782300005, 23.770774832000029 ], [ 90.48331070100005, 23.770570315000043 ], [ 90.483295178000049, 23.770124575000068 ], [ 90.483241326000041, 23.769611429000065 ], [ 90.483232874000066, 23.769530893000024 ], [ 90.483069025000077, 23.769012046000057 ], [ 90.482682443000044, 23.768139376000079 ], [ 90.482437489000063, 23.767415294000045 ], [ 90.482354058000055, 23.766580064000038 ], [ 90.48235141300006, 23.765862299000048 ], [ 90.482351320000078, 23.765837162000025 ], [ 90.482429756000045, 23.76531755600007 ], [ 90.482648433000065, 23.764406864000023 ], [ 90.482947994000085, 23.763475597000024 ], [ 90.483145128000046, 23.762212711000075 ], [ 90.483187740000062, 23.761959672000046 ], [ 90.483322766000072, 23.761153113000034 ], [ 90.483381701000042, 23.760669697000026 ], [ 90.483340097000053, 23.760148918000027 ], [ 90.48331803800005, 23.759872791000078 ], [ 90.48337566400005, 23.759034861000032 ], [ 90.48361518300004, 23.758291198000052 ], [ 90.484056352000039, 23.757677877000049 ], [ 90.484559811000054, 23.757324037000046 ], [ 90.48503106000004, 23.757096446000048 ], [ 90.48530506600008, 23.756964114000027 ], [ 90.485566929000072, 23.756837644000029 ], [ 90.486223660000064, 23.756634610000049 ], [ 90.486836881000045, 23.756443 ], [ 90.487843771000087, 23.755900139000062 ], [ 90.487850002000073, 23.755895557000031 ], [ 90.48852819800004, 23.755396683000072 ], [ 90.488788765000038, 23.755043595000075 ], [ 90.488928636000082, 23.754559924000034 ], [ 90.488907216000086, 23.754243858000052 ], [ 90.488744188000055, 23.753781466000078 ], [ 90.488645582000061, 23.753579999000067 ], [ 90.488573301000031, 23.753432321000048 ], [ 90.48831713800007, 23.75290893600004 ], [ 90.487931479000054, 23.752280148000068 ], [ 90.487642992000076, 23.751942223000071 ], [ 90.487566196000046, 23.751852265000025 ], [ 90.487296023000056, 23.751659971000038 ], [ 90.487010832000067, 23.75145698700004 ], [ 90.486918677000062, 23.751391396000031 ], [ 90.486637188000032, 23.751229699000078 ], [ 90.486372901000038, 23.751076984000065 ], [ 90.486029033000079, 23.750798061000069 ], [ 90.485866851000083, 23.750559213000031 ], [ 90.485764067000048, 23.750130500000068 ], [ 90.485767851000048, 23.750052309000068 ], [ 90.485782862000065, 23.749742049000076 ], [ 90.485881925000058, 23.749333024000066 ], [ 90.48595991500008, 23.749195034000024 ], [ 90.485969761000035, 23.749177536000047 ], [ 90.486102482000035, 23.748941682000066 ], [ 90.486565810000059, 23.748476383000025 ], [ 90.486585178000041, 23.748456931000078 ], [ 90.48696736800008, 23.748157657000036 ], [ 90.48730024200006, 23.747790799000029 ], [ 90.487490189000084, 23.747580196000058 ], [ 90.487891234000074, 23.746910538000066 ], [ 90.487896953000075, 23.746905354000035 ], [ 90.488815994000049, 23.746072121000054 ], [ 90.489715360000048, 23.745238530000051 ], [ 90.489823174000037, 23.745138599000029 ], [ 90.489902017000077, 23.745066093000048 ], [ 90.490063074000034, 23.744951248000064 ], [ 90.490948520000074, 23.74431985800004 ], [ 90.491208349000033, 23.744229669000049 ], [ 90.491276408000033, 23.744206045000055 ], [ 90.491815159000055, 23.744019037000044 ], [ 90.492048407000084, 23.743987084000025 ], [ 90.492642026000055, 23.743905755000071 ], [ 90.493509381000081, 23.743959442000062 ], [ 90.493665720000081, 23.743947653000077 ], [ 90.493823768000084, 23.743934850000073 ], [ 90.494013949000077, 23.743919446000064 ], [ 90.494457662000059, 23.743843507000065 ], [ 90.494658792000052, 23.743675765000035 ], [ 90.494725385000038, 23.743541355000048 ], [ 90.494778691000079, 23.743433766000066 ], [ 90.494676369000047, 23.742971184000055 ], [ 90.494614260000048, 23.742786910000063 ], [ 90.494540039000071, 23.742566699000065 ], [ 90.494369988000074, 23.742062155000042 ], [ 90.494247818000076, 23.741814170000055 ], [ 90.494041221000032, 23.741394810000031 ], [ 90.494018719000053, 23.741349151000065 ], [ 90.49382121900004, 23.740948412000023 ], [ 90.493740226000057, 23.740813228000036 ], [ 90.493232481000064, 23.739965763000043 ], [ 90.492907565000053, 23.739503891000027 ], [ 90.49257256900006, 23.738730579000048 ], [ 90.492561761000047, 23.738705631000073 ], [ 90.492502472000069, 23.738351215000023 ], [ 90.492476930000066, 23.738198521000072 ], [ 90.492437549000044, 23.737963113000035 ], [ 90.492326137000077, 23.737358885000049 ], [ 90.492293571000062, 23.737182270000062 ], [ 90.492190852000078, 23.736283876000073 ], [ 90.492168652000032, 23.736087495000049 ], [ 90.492137433000039, 23.735763699000074 ], [ 90.492084425000087, 23.735213879000071 ], [ 90.49209572500007, 23.735155681000037 ], [ 90.492163835000042, 23.734804913000062 ], [ 90.492190018000031, 23.734724495000023 ], [ 90.492330559000038, 23.734292837000055 ], [ 90.492363282000042, 23.734192333000067 ], [ 90.492396356000086, 23.73411530900006 ], [ 90.492642914000044, 23.733541113000058 ], [ 90.492845758000044, 23.733304372000077 ], [ 90.493025107000051, 23.733095050000031 ], [ 90.49320046400004, 23.733058862000064 ], [ 90.493395006000071, 23.733018715000071 ], [ 90.493669705000059, 23.732962025000063 ], [ 90.494123104000039, 23.732946080000033 ], [ 90.494799704000059, 23.73292228300005 ], [ 90.49568699200006, 23.732752343000072 ], [ 90.496117585000036, 23.732591694000064 ], [ 90.496126126000036, 23.73258850700006 ], [ 90.496291377000034, 23.732526854000071 ], [ 90.496351481000033, 23.732492999000044 ], [ 90.496585703000051, 23.732361067000056 ], [ 90.496645661000059, 23.732314164000059 ], [ 90.497147422000069, 23.732043128000043 ], [ 90.497648268000034, 23.731682481000064 ], [ 90.497998619000043, 23.731439529000056 ], [ 90.49806030700006, 23.731396752000023 ], [ 90.498201149000067, 23.731299084000057 ], [ 90.498640671000032, 23.730938629000036 ], [ 90.49896433300006, 23.730638966000072 ], [ 90.499098346000039, 23.730514891000041 ], [ 90.499124753000046, 23.730486910000025 ], [ 90.499513033000085, 23.730075482000075 ], [ 90.499514713000053, 23.730073738000044 ], [ 90.499630914000079, 23.72995316500004 ], [ 90.499691345000031, 23.729880711000078 ], [ 90.499849303000076, 23.729693195000038 ], [ 90.499917703000051, 23.729611996000074 ], [ 90.50027308500006, 23.729190112000026 ], [ 90.50031885900006, 23.729133509000064 ], [ 90.500406982000072, 23.729021680000074 ], [ 90.500714901000038, 23.728630931000055 ], [ 90.500898447000054, 23.728203919000066 ], [ 90.50095497600006, 23.728072404000045 ], [ 90.501030978000074, 23.727582153000071 ], [ 90.501072865000083, 23.727311044000032 ], [ 90.500924341000086, 23.726687413000036 ], [ 90.500908967000044, 23.726622858000042 ], [ 90.500461701000063, 23.725752681000074 ], [ 90.499892865000049, 23.724677412000062 ], [ 90.49955510500007, 23.72405978300003 ], [ 90.499283423000065, 23.723563879000039 ], [ 90.499241897000047, 23.723286268000038 ], [ 90.49926071200008, 23.722913624000057 ], [ 90.49952066700007, 23.722262451000063 ], [ 90.499717201000067, 23.721864393000033 ], [ 90.499757682000052, 23.721782593000057 ], [ 90.499800397000058, 23.721696277000035 ], [ 90.499961198000051, 23.72137133800004 ], [ 90.499965214000042, 23.721363195000038 ], [ 90.49996789000005, 23.721357768000075 ], [ 90.500206521000052, 23.720854904000078 ], [ 90.500329560000068, 23.720595623000065 ], [ 90.500341365000054, 23.720570745000032 ], [ 90.500368655000045, 23.720331298000076 ], [ 90.500438666000036, 23.719716868000035 ], [ 90.500574696000058, 23.719310618000065 ], [ 90.500837566000087, 23.718525562000025 ], [ 90.501049540000054, 23.718263424000043 ], [ 90.501449887000035, 23.717768335000073 ], [ 90.501517314000068, 23.717684950000034 ], [ 90.50162113500005, 23.717556558000069 ], [ 90.501871145000052, 23.717357036000067 ], [ 90.502429711000048, 23.716910030000065 ], [ 90.502460119000034, 23.71688569500003 ], [ 90.502705922000075, 23.71668898300004 ], [ 90.50292313500006, 23.716515151000067 ], [ 90.50308939100006, 23.716382098000054 ], [ 90.503096640000081, 23.716378071000065 ], [ 90.503692884000031, 23.716046770000048 ], [ 90.504385236000076, 23.715662063000025 ], [ 90.505117994000045, 23.71525609400004 ], [ 90.505496310000069, 23.715046494000035 ], [ 90.50564558800005, 23.714962456000023 ], [ 90.50605524000008, 23.714739354000073 ], [ 90.507409893000045, 23.714001577000033 ], [ 90.507497621000084, 23.713953798000034 ], [ 90.509231520000071, 23.713118657000052 ], [ 90.509465483000042, 23.713005966000026 ], [ 90.509560754000063, 23.712960077000048 ], [ 90.510175618000062, 23.712662392000027 ], [ 90.510187881000036, 23.712653679000027 ], [ 90.510294888000033, 23.712577650000071 ], [ 90.510779091000074, 23.712233620000063 ], [ 90.510904407000055, 23.712112409000042 ], [ 90.511139532000072, 23.711884984000051 ], [ 90.511370336000084, 23.711661737000043 ], [ 90.511378007000076, 23.711654317000068 ], [ 90.511419627000066, 23.711614060000045 ], [ 90.51164564700008, 23.711395439000057 ], [ 90.511839326000086, 23.711208100000079 ], [ 90.511879198000031, 23.711169534000078 ], [ 90.511936842000068, 23.710942363000072 ], [ 90.511936850000041, 23.710942327000055 ], [ 90.511980704000052, 23.710885892000078 ], [ 90.511097667000058, 23.709949574000063 ], [ 90.510734174000049, 23.709564143000023 ], [ 90.510416263000081, 23.709384541000077 ], [ 90.509768319000045, 23.709071893000043 ], [ 90.509715983000035, 23.709048934000066 ], [ 90.509722267000086, 23.709029256000065 ], [ 90.509727780000048, 23.709011995000026 ], [ 90.509729592000042, 23.709006319000025 ], [ 90.509741151000071, 23.708970127000043 ], [ 90.509631733000049, 23.708943731000033 ], [ 90.509603445000039, 23.708935818000043 ], [ 90.509547288000078, 23.708920110000065 ], [ 90.509538148000047, 23.708895159000065 ], [ 90.509537451000085, 23.708893257000057 ], [ 90.509521033000055, 23.708842527000058 ], [ 90.509502885000074, 23.708834246000038 ], [ 90.509502256000076, 23.70883395900006 ], [ 90.509449701000051, 23.708809979000023 ], [ 90.509436530000073, 23.708803970000076 ], [ 90.509395429000051, 23.708779746000062 ], [ 90.509335725000085, 23.708744556000056 ], [ 90.509304470000075, 23.70872782400005 ], [ 90.509268558000031, 23.708708598000044 ], [ 90.509241443000064, 23.708694082000022 ], [ 90.508965620000083, 23.708680052000034 ], [ 90.50881310300008, 23.70867159200003 ], [ 90.508676680000065, 23.708630218000053 ], [ 90.508665195000049, 23.708625329000029 ], [ 90.508626584000069, 23.708608893000076 ], [ 90.508584158000076, 23.708590832000027 ], [ 90.508546456000033, 23.708574782000028 ], [ 90.508530444000087, 23.708567966000032 ], [ 90.508429558000046, 23.708532456000057 ], [ 90.508387499000037, 23.708517651000022 ], [ 90.508264056000087, 23.708485966000069 ], [ 90.508238111000082, 23.708479307000061 ], [ 90.508154479000041, 23.708476001000065 ], [ 90.508075319000056, 23.708472870000037 ], [ 90.507959055000072, 23.70846827400004 ], [ 90.507937316000039, 23.708466655000052 ], [ 90.507890381000038, 23.70846315700004 ], [ 90.507867550000071, 23.708461456000066 ], [ 90.507728641000085, 23.708451106000041 ], [ 90.507687950000047, 23.708443934000059 ], [ 90.507657803000086, 23.708438620000038 ], [ 90.507612194000046, 23.708430581000073 ], [ 90.507535268000083, 23.708417021000059 ], [ 90.507523893000041, 23.70841501700005 ], [ 90.507462425000085, 23.708404182000038 ], [ 90.50744148800004, 23.708399141000029 ], [ 90.507403638000085, 23.708390027000064 ], [ 90.507391225000049, 23.708387039000058 ], [ 90.507342663000031, 23.708375346000025 ], [ 90.507332882000071, 23.708372991000033 ], [ 90.507288048000078, 23.708362196000053 ], [ 90.507144183000037, 23.708327555000039 ], [ 90.507078277000062, 23.708313740000051 ], [ 90.506968933000053, 23.708290819000069 ], [ 90.506751301000065, 23.708245198000043 ], [ 90.506645352000078, 23.708220276000077 ], [ 90.506618911000032, 23.708214056000031 ], [ 90.506461797000043, 23.708177098000078 ], [ 90.506400596000049, 23.708162702000038 ], [ 90.506114632000049, 23.708120574000077 ], [ 90.50604351700008, 23.708110098000077 ], [ 90.505968995000046, 23.708104271000025 ], [ 90.505875547000073, 23.708096964000049 ], [ 90.505873074000078, 23.708100493000074 ], [ 90.505873029000043, 23.708100491000039 ], [ 90.50587328000006, 23.708096787000045 ], [ 90.505753473000084, 23.708087419000037 ], [ 90.505676798000081, 23.708081423000067 ], [ 90.505436663000069, 23.708067272000051 ], [ 90.505327977000036, 23.708056511000052 ], [ 90.505290613000057, 23.708052812000062 ], [ 90.504862161000062, 23.708000439000045 ], [ 90.50461722600005, 23.707964379000032 ], [ 90.504351520000057, 23.707925261000071 ], [ 90.504340336000041, 23.707924885000068 ], [ 90.504154653000057, 23.707939067000041 ], [ 90.504078448000087, 23.707944887000053 ], [ 90.504008686000077, 23.707948209000051 ], [ 90.503794962000086, 23.707958388000065 ], [ 90.503763481000078, 23.707959887000072 ], [ 90.503610924000043, 23.707967153000027 ], [ 90.503389109000068, 23.707963839000058 ], [ 90.502954236000051, 23.707957339000075 ], [ 90.502667053000039, 23.707934385000044 ], [ 90.502583013000049, 23.707927668000025 ], [ 90.502552344000037, 23.707925217000025 ], [ 90.502546959000085, 23.707924786000035 ], [ 90.50249883500004, 23.707916773000022 ], [ 90.502221625000061, 23.707870616000037 ], [ 90.502708323000036, 23.707160394000027 ], [ 90.503353491000041, 23.706285828000034 ], [ 90.503344277000053, 23.706275961000074 ], [ 90.503281511000068, 23.706208745000026 ], [ 90.503183632000059, 23.706105189000027 ], [ 90.503124086000071, 23.706085061000067 ], [ 90.501753978000067, 23.705640146000064 ], [ 90.501371612000071, 23.705614685000057 ], [ 90.501340636000066, 23.705612622000046 ], [ 90.501298807000069, 23.705609837000054 ], [ 90.500428157000044, 23.705551857000046 ], [ 90.500318151000045, 23.70552512200004 ], [ 90.499088398000083, 23.705478308000067 ], [ 90.499079781000034, 23.70547810000005 ], [ 90.499120166000068, 23.705295938000063 ], [ 90.499135411000054, 23.705209853000042 ], [ 90.499140690000047, 23.705192342000032 ], [ 90.499157070000081, 23.705138003000059 ], [ 90.499196333000043, 23.705118475000063 ], [ 90.499268500000085, 23.705116689000079 ], [ 90.499283099000081, 23.70509344900006 ], [ 90.49928129500006, 23.705078898000068 ], [ 90.499281297000039, 23.705068606000054 ], [ 90.499281309000082, 23.705018214000063 ], [ 90.499281319000033, 23.704978360000041 ], [ 90.499281329000041, 23.704937995000023 ], [ 90.499281332000066, 23.70492484600004 ], [ 90.49928133800006, 23.704903909000052 ], [ 90.499281339000049, 23.704899872000055 ], [ 90.499281360000055, 23.70481307600005 ], [ 90.499281371000052, 23.704770694000047 ], [ 90.499281377000045, 23.704746810000074 ], [ 90.499281383000039, 23.704725600000074 ], [ 90.499279691000083, 23.704704953000032 ], [ 90.499278654000079, 23.70469229400004 ], [ 90.499270520000039, 23.704592974000036 ], [ 90.499270227000068, 23.704589397000063 ], [ 90.499256805000073, 23.704457715000046 ], [ 90.499247581000077, 23.704367214000058 ], [ 90.499244282000063, 23.704330510000034 ], [ 90.499235861000045, 23.704236784000045 ], [ 90.499234505000061, 23.704221694000069 ], [ 90.49923113300008, 23.704184172000055 ], [ 90.499230401000034, 23.704176027000074 ], [ 90.498965155000064, 23.704164569000056 ], [ 90.498710756000037, 23.704151050000064 ], [ 90.49827983800003, 23.704128540000056 ], [ 90.498054611000043, 23.704119199000047 ], [ 90.498055548000082, 23.704108947000066 ], [ 90.498068551000074, 23.703966678000029 ], [ 90.498075669000059, 23.703888799000026 ], [ 90.498091247000048, 23.703718364000053 ], [ 90.498093337000057, 23.703695497000069 ], [ 90.497663035000073, 23.703676694000023 ], [ 90.497429351000051, 23.703650560000028 ], [ 90.497105837000049, 23.703630452000027 ], [ 90.497024392000071, 23.70362539000007 ], [ 90.496960933000082, 23.703621445000067 ], [ 90.496953701000052, 23.703620996000041 ], [ 90.496952168000064, 23.703634664000049 ], [ 90.496938551000085, 23.703655200000071 ], [ 90.496302465000042, 23.703597494000064 ], [ 90.494757854000056, 23.703500871000074 ], [ 90.494437980000043, 23.703504948000045 ], [ 90.494295753000074, 23.703479289000029 ], [ 90.493417134000083, 23.703320782000048 ], [ 90.492803174000073, 23.702758213000038 ], [ 90.492572503000076, 23.702641121000056 ], [ 90.491885581000076, 23.702292426000042 ], [ 90.491883659000052, 23.702291451000065 ], [ 90.491883037000036, 23.702287532000071 ], [ 90.491879771000072, 23.702266954000038 ], [ 90.491876285000046, 23.702244983000071 ], [ 90.49186602900005, 23.702180355000053 ], [ 90.491863032000083, 23.702161471000068 ], [ 90.491862770000068, 23.702159820000077 ], [ 90.491779429000076, 23.701634675000037 ], [ 90.491733233000048, 23.701466981000067 ], [ 90.491731752000078, 23.701461605000077 ], [ 90.491704299000048, 23.701361948000056 ], [ 90.491589867000073, 23.700946558000055 ], [ 90.491469294000069, 23.700508868000043 ], [ 90.491070888000081, 23.699871822000034 ], [ 90.491059155000073, 23.699853062000045 ], [ 90.49091684800004, 23.69985351300005 ], [ 90.490809496000054, 23.699853854000025 ], [ 90.490344953000033, 23.699855325000044 ], [ 90.490039739000053, 23.700043716000039 ], [ 90.489641248000055, 23.700044975000026 ], [ 90.489635967000083, 23.700044992000073 ], [ 90.489632062000055, 23.70004500400006 ], [ 90.489624894000031, 23.700040645000058 ], [ 90.489325449000034, 23.699858551000034 ], [ 90.48871187900005, 23.699390803000028 ], [ 90.488505641000074, 23.698829187000058 ], [ 90.488199034000047, 23.698642734000032 ], [ 90.488183095000068, 23.698642784000072 ], [ 90.488167033000082, 23.698642835000044 ], [ 90.488163223000072, 23.698642847000031 ], [ 90.488161889000082, 23.698642851000045 ], [ 90.487791361000063, 23.698644018000039 ], [ 90.487484754000036, 23.698457561000055 ], [ 90.486946074000059, 23.698409162000075 ], [ 90.486934877000067, 23.698408155000038 ], [ 90.486464913000077, 23.698365929000033 ], [ 90.486457132000055, 23.698365230000036 ], [ 90.486453254000082, 23.698364882000078 ], [ 90.486374657000056, 23.698357824000027 ], [ 90.485444457000085, 23.698274290000029 ], [ 90.484015912000075, 23.697903917000076 ], [ 90.483607279000069, 23.697810355000058 ], [ 90.483403057000032, 23.697623569000029 ], [ 90.483402028000057, 23.697343568000065 ], [ 90.483095423000066, 23.697154846000046 ], [ 90.482932637000033, 23.697101761000056 ], [ 90.482904938000047, 23.69709272700004 ], [ 90.48289576600007, 23.697089736000066 ], [ 90.481956860000082, 23.696783546000063 ], [ 90.481928636000077, 23.696776860000057 ], [ 90.481729656000084, 23.696727235000026 ], [ 90.481383141000038, 23.696640814000034 ], [ 90.480981431000032, 23.696427542000038 ], [ 90.480443682000043, 23.696140006000064 ], [ 90.480438475000085, 23.696137222000061 ], [ 90.480435086000057, 23.696135410000068 ], [ 90.480430872000056, 23.696133157000077 ], [ 90.480368416000033, 23.696099761000028 ], [ 90.480062002000068, 23.695960709000076 ], [ 90.480060042000048, 23.695424923000076 ], [ 90.480058392000046, 23.694973929000071 ], [ 90.479698772000063, 23.694365353000023 ], [ 90.479137435000041, 23.69408482800003 ], [ 90.47889101800007, 23.694010185000025 ], [ 90.478823967000039, 23.693989874000067 ], [ 90.478809373000047, 23.693582296000045 ], [ 90.478808714000081, 23.693563891000053 ], [ 90.478716538000072, 23.693553790000067 ], [ 90.478505816000052, 23.69352916400004 ], [ 90.478326361000086, 23.693497754000077 ], [ 90.478317798000035, 23.693497047000051 ], [ 90.478161942000042, 23.693194661000064 ], [ 90.478113769000061, 23.693101199000068 ], [ 90.477995829000065, 23.693154639000056 ], [ 90.477850432000082, 23.693135970000071 ], [ 90.477580189000037, 23.693041209000057 ], [ 90.47745513600006, 23.692907763000051 ], [ 90.477309183000045, 23.692736143000047 ], [ 90.477247351000074, 23.692634453000039 ], [ 90.477204752000034, 23.692564395000034 ], [ 90.476827230000083, 23.692264187000035 ], [ 90.476228175000074, 23.69225033400005 ], [ 90.476231884000072, 23.692240729000048 ], [ 90.476239719000034, 23.692220436000071 ], [ 90.476257046000057, 23.692020380000031 ], [ 90.476278234000063, 23.691724284000031 ], [ 90.476260682000031, 23.691459499000075 ], [ 90.476236327000038, 23.691302138000026 ], [ 90.476171178000072, 23.69103463700003 ], [ 90.47615124400005, 23.690952788000061 ], [ 90.47614949900003, 23.690945620000036 ], [ 90.476121105000061, 23.690829042000075 ], [ 90.475971990000062, 23.690499700000032 ], [ 90.475983848000055, 23.690453147000028 ], [ 90.475990732000071, 23.690426120000041 ], [ 90.475993966000033, 23.690413423000052 ], [ 90.47601037000004, 23.690349021000031 ], [ 90.476010666000036, 23.690345915000023 ], [ 90.476035946000081, 23.690079978000028 ], [ 90.476038009000035, 23.690058281000063 ], [ 90.476032807000081, 23.689969352000048 ], [ 90.47574012900003, 23.690009821000046 ], [ 90.475604394000072, 23.690034808000064 ], [ 90.475576767000064, 23.690039590000026 ], [ 90.475575393000042, 23.690032368000061 ], [ 90.475537300000042, 23.689832078000052 ], [ 90.475506931000041, 23.689586935000023 ], [ 90.475503674000038, 23.689560648000054 ], [ 90.475498615000049, 23.689434857000037 ], [ 90.475498506000065, 23.689432152000052 ], [ 90.47546300700003, 23.689345552000077 ], [ 90.47537995600004, 23.689172494000047 ], [ 90.475328602000047, 23.689076271000033 ], [ 90.475320906000036, 23.689061852000066 ], [ 90.475320321000083, 23.689059547000056 ], [ 90.475293499000031, 23.688953797000067 ], [ 90.475253922000036, 23.688797755000053 ], [ 90.475209727000049, 23.688689861000057 ], [ 90.475167662000047, 23.688587167000037 ], [ 90.475198806000037, 23.688580452000053 ], [ 90.475127401000066, 23.688475792000077 ], [ 90.475061306000043, 23.688414052000041 ], [ 90.474925906000067, 23.688287552000077 ], [ 90.474771007000072, 23.688250052000058 ], [ 90.474594606000039, 23.688286352000034 ], [ 90.474462807000066, 23.688342952000028 ], [ 90.474398807000057, 23.688370452000072 ], [ 90.474222506000046, 23.688460052000039 ], [ 90.47417090600004, 23.688472952000041 ], [ 90.473869107000041, 23.688585952000039 ], [ 90.473588955000082, 23.688667426000052 ], [ 90.473586838000074, 23.688668351000047 ], [ 90.473586799000032, 23.688668369000027 ], [ 90.473586755000042, 23.688668388000053 ], [ 90.473504552000065, 23.688704323000024 ], [ 90.473461652000083, 23.68871602300004 ], [ 90.473286547000043, 23.688769469000079 ], [ 90.473172692000048, 23.688804220000065 ], [ 90.473103552000055, 23.68882532300006 ], [ 90.47299561400007, 23.688860232000025 ], [ 90.472915252000064, 23.688886223000054 ], [ 90.472798155000078, 23.688670798000032 ], [ 90.472782352000081, 23.688641723000046 ], [ 90.472746052000048, 23.688558423000075 ], [ 90.472745619000079, 23.688557022000055 ], [ 90.472652352000068, 23.688254823000022 ], [ 90.472571852000044, 23.687901123000074 ], [ 90.472565069000041, 23.687838485000043 ], [ 90.472563752000042, 23.687826323000024 ], [ 90.47258535900005, 23.687796773000059 ], [ 90.472618152000052, 23.687751923000064 ], [ 90.472573852000039, 23.687634623000065 ], [ 90.472525728000051, 23.687455137000029 ], [ 90.47252547100004, 23.687453512000047 ], [ 90.472525386000086, 23.687452972000074 ], [ 90.47241375200008, 23.687076157000035 ], [ 90.472255189000066, 23.687090787000045 ], [ 90.472107311000059, 23.687101992000066 ], [ 90.471965938000039, 23.687117957000055 ], [ 90.471806107000077, 23.687144253000042 ], [ 90.471749603000035, 23.687146898000037 ], [ 90.47147480700005, 23.687157252000077 ], [ 90.47146355600006, 23.687140743000043 ], [ 90.471402389000048, 23.687050980000038 ], [ 90.470954769000059, 23.687058317000037 ], [ 90.470912568000074, 23.687049484000056 ], [ 90.470870906000073, 23.686976153000046 ], [ 90.470830706000072, 23.687003153000035 ], [ 90.470730368000034, 23.687027468000053 ], [ 90.470523631000049, 23.68707259100006 ], [ 90.470324473000062, 23.687115491000043 ], [ 90.470234381000068, 23.68712533300004 ], [ 90.470079183000053, 23.687128453000071 ], [ 90.469905136000079, 23.687125030000061 ], [ 90.469858584000065, 23.687124735000054 ], [ 90.469811249000031, 23.687062006000076 ], [ 90.469781840000053, 23.687023030000034 ], [ 90.469775567000056, 23.687014433000058 ], [ 90.469720887000051, 23.68693948300006 ], [ 90.469474449000074, 23.686601694000046 ], [ 90.469051259000082, 23.68653974800003 ], [ 90.468862354000066, 23.686510966000071 ], [ 90.468765373000053, 23.686646745000075 ], [ 90.468567085000075, 23.686921534000078 ], [ 90.468557976000056, 23.686934156000063 ], [ 90.468499502000043, 23.68716958400006 ], [ 90.468448760000058, 23.68763627800007 ], [ 90.468448749000061, 23.687636377000047 ], [ 90.468447163000064, 23.687650950000034 ], [ 90.468398183000033, 23.688101446000076 ], [ 90.468391551000082, 23.688162437000074 ], [ 90.468386432000045, 23.68820951500004 ], [ 90.468347806000054, 23.68829327800006 ], [ 90.468342324000048, 23.688300904000073 ], [ 90.468296160000079, 23.688365130000022 ], [ 90.468270380000035, 23.688413005000029 ], [ 90.468264914000031, 23.688577311000074 ], [ 90.468258625000033, 23.688766390000069 ], [ 90.468235270000037, 23.689449509000042 ], [ 90.468235161000052, 23.689452700000061 ], [ 90.468234515000063, 23.689455035000037 ], [ 90.468211027000052, 23.689540006000072 ], [ 90.467995654000049, 23.690319124000041 ], [ 90.467993860000036, 23.690325616000052 ], [ 90.467990378000081, 23.690338218000022 ], [ 90.467936492000035, 23.690533149000032 ], [ 90.467927711000073, 23.690564914000049 ], [ 90.467924356000083, 23.69059358100003 ], [ 90.467917962000058, 23.690648203000023 ], [ 90.467936153000039, 23.690650628000071 ], [ 90.467932534000056, 23.690659757000049 ], [ 90.467881476000059, 23.690788538000049 ], [ 90.467867909000063, 23.690830725000069 ], [ 90.467869452000059, 23.690822124000078 ], [ 90.467795571000067, 23.69079647600006 ], [ 90.467737321000072, 23.690778231000024 ], [ 90.467730541000037, 23.690777625000067 ], [ 90.467175117000068, 23.690727991000074 ], [ 90.467078252000078, 23.690723524000077 ], [ 90.466949552000074, 23.690707524000061 ], [ 90.466920052000035, 23.690682924000043 ], [ 90.466887392000046, 23.690559271000041 ], [ 90.466843192000056, 23.690458571000079 ], [ 90.466810993000081, 23.690382471000078 ], [ 90.466764092000062, 23.690260871000078 ], [ 90.466684052000062, 23.690186824000023 ], [ 90.466602152000064, 23.69014502400006 ], [ 90.466750577000084, 23.690169621000052 ], [ 90.46681410900004, 23.690153192000025 ], [ 90.466830243000061, 23.690129244000047 ], [ 90.466832971000031, 23.690126539000062 ], [ 90.466918107000083, 23.690042154000025 ], [ 90.466930207000075, 23.690018854000073 ], [ 90.466946307000057, 23.690009054000029 ], [ 90.466961708000042, 23.690011454000057 ], [ 90.466995207000082, 23.690015153000047 ], [ 90.467153808000035, 23.690042654000024 ], [ 90.467160908000039, 23.689996154000028 ], [ 90.467169607000073, 23.689964854000038 ], [ 90.467166207000048, 23.689924254000061 ], [ 90.467167608000068, 23.689889254000036 ], [ 90.467178308000086, 23.689861054000062 ], [ 90.467189008000048, 23.689832153000054 ], [ 90.467180308000081, 23.689791054000068 ], [ 90.467154208000068, 23.689725954000039 ], [ 90.467128908000063, 23.689649153000062 ], [ 90.467095407000045, 23.689539854000031 ], [ 90.467068608000034, 23.689475953000056 ], [ 90.466974478000054, 23.689498959000048 ], [ 90.46689062300004, 23.68922512000006 ], [ 90.466890583000065, 23.689224990000071 ], [ 90.466761862000055, 23.689143633000072 ], [ 90.466674076000061, 23.689087138000048 ], [ 90.466661488000057, 23.689051839000058 ], [ 90.466635378000035, 23.688978629000076 ], [ 90.466611907000072, 23.688956354000027 ], [ 90.466620239000065, 23.688947885000061 ], [ 90.466654207000033, 23.688913354000078 ], [ 90.466693108000072, 23.688883254000075 ], [ 90.466758807000076, 23.688870354000073 ], [ 90.466787607000072, 23.688857454000072 ], [ 90.46679500700003, 23.688843954000049 ], [ 90.466796848000058, 23.688824174000047 ], [ 90.466797007000082, 23.688822454000046 ], [ 90.466794307000043, 23.688754354000025 ], [ 90.466812507000043, 23.688646854000069 ], [ 90.466768637000087, 23.688402789000065 ], [ 90.466712242000085, 23.688399853000078 ], [ 90.466608018000045, 23.68839442500007 ], [ 90.466464956000038, 23.688386975000071 ], [ 90.466454016000057, 23.688127305000023 ], [ 90.466443985000069, 23.687889230000053 ], [ 90.466577603000076, 23.687881659000027 ], [ 90.466593807000038, 23.687724554000056 ], [ 90.466809651000062, 23.687584755000046 ], [ 90.466809806000072, 23.687584654000034 ], [ 90.466730707000067, 23.687472854000077 ], [ 90.466600607000032, 23.687361054000064 ], [ 90.466500007000036, 23.68733895400004 ], [ 90.46642630100007, 23.687351955000054 ], [ 90.466389503000073, 23.687332023000067 ], [ 90.46627359200005, 23.687358271000051 ], [ 90.466047230000072, 23.687409529000035 ], [ 90.465784840000083, 23.687435673000039 ], [ 90.465788545000066, 23.687416748000032 ], [ 90.465762128000051, 23.687285385000052 ], [ 90.465735839000047, 23.687189870000054 ], [ 90.465696659000059, 23.687118292000036 ], [ 90.465561745000059, 23.687135130000058 ], [ 90.465439597000056, 23.687141419000056 ], [ 90.465375427000083, 23.687144723000074 ], [ 90.465286770000034, 23.687036601000045 ], [ 90.465256708000084, 23.686856042000045 ], [ 90.465128917000072, 23.686775133000026 ], [ 90.464834779000057, 23.686803114000043 ], [ 90.464707117000046, 23.686758336000025 ], [ 90.464606573000083, 23.686701113000026 ], [ 90.464577373000054, 23.68666296400005 ], [ 90.464556519000041, 23.686636259000068 ], [ 90.464539720000062, 23.686582776000023 ], [ 90.464532215000077, 23.686477696000054 ], [ 90.464526615000068, 23.686399275000042 ], [ 90.464509534000058, 23.686265494000054 ], [ 90.464457369000058, 23.686217765000038 ], [ 90.464343444000065, 23.686230218000048 ], [ 90.464293335000036, 23.68623569500005 ], [ 90.46425582300003, 23.686249644000043 ], [ 90.464048457000047, 23.68632675200007 ], [ 90.463558133000049, 23.686293825000064 ], [ 90.463445273000048, 23.686342419000027 ], [ 90.463232809000033, 23.686382244000072 ], [ 90.46317682800003, 23.686373042000071 ], [ 90.463072732000057, 23.68628970900005 ], [ 90.463007562000087, 23.686206259000073 ], [ 90.46298123300005, 23.686098794000031 ], [ 90.46296800500005, 23.686027137000053 ], [ 90.462934675000042, 23.685958672000027 ], [ 90.462915726000062, 23.685919750000039 ], [ 90.462759815000084, 23.685860469000033 ], [ 90.462513121000086, 23.685813409000048 ], [ 90.46230531100008, 23.685754282000062 ], [ 90.462123366000071, 23.685671181000032 ], [ 90.462045222000086, 23.685587769000051 ], [ 90.462041149000072, 23.685554976000049 ], [ 90.462031869000043, 23.685480265000024 ], [ 90.462031533000072, 23.685384671000065 ], [ 90.46203111300008, 23.685265179000055 ], [ 90.462069575000044, 23.685133622000023 ], [ 90.462081720000072, 23.68510425900007 ], [ 90.462133904000041, 23.684978089000026 ], [ 90.462172450000082, 23.684870430000046 ], [ 90.462172197000086, 23.684798735000072 ], [ 90.462171987000033, 23.684738989000039 ], [ 90.462119919000031, 23.684691347000069 ], [ 90.461938599000064, 23.684614694000061 ], [ 90.461717487000044, 23.684632801000078 ], [ 90.461587738000048, 23.684633188000078 ], [ 90.461509763000038, 23.684597573000076 ], [ 90.461405502000048, 23.684466440000051 ], [ 90.461353183000085, 23.68434710300005 ], [ 90.461287931000072, 23.684239754000032 ], [ 90.461248712000042, 23.684156225000038 ], [ 90.461144578000074, 23.684060941000041 ], [ 90.460914498000079, 23.684023592000074 ], [ 90.460509976000083, 23.684151459000077 ], [ 90.460470717000078, 23.684142544000053 ], [ 90.460406951000039, 23.684061532000044 ], [ 90.46037868500008, 23.684025623000025 ], [ 90.460359413000049, 23.683863752000036 ], [ 90.460365292000063, 23.683836222000025 ], [ 90.460370070000067, 23.683827348000023 ], [ 90.460377150000056, 23.683814205000033 ], [ 90.46041776900006, 23.683738779000066 ], [ 90.460427464000077, 23.683727222000073 ], [ 90.46047148100007, 23.683670803000041 ], [ 90.460472555000081, 23.683669427000041 ], [ 90.460476432000064, 23.683664457000077 ], [ 90.460567999000034, 23.683547087000022 ], [ 90.460573195000052, 23.683536631000038 ], [ 90.46061747400006, 23.683447522000051 ], [ 90.460625483000058, 23.683363375000056 ], [ 90.460616937000054, 23.683294572000023 ], [ 90.460615279000081, 23.683288250000032 ], [ 90.460595897000076, 23.683214335000059 ], [ 90.460541613000032, 23.683126549000065 ], [ 90.460366549000071, 23.682932057000073 ], [ 90.460237548000066, 23.682851665000044 ], [ 90.460162268000033, 23.682804752000038 ], [ 90.460142347000044, 23.682797685000025 ], [ 90.460124022000059, 23.682780918000049 ], [ 90.459939743000064, 23.682612293000034 ], [ 90.459876690000044, 23.682554596000045 ], [ 90.459276853000063, 23.682104753000033 ], [ 90.459166388000085, 23.681978423000032 ], [ 90.459158689000049, 23.68196961700005 ], [ 90.459177798000042, 23.681825040000035 ], [ 90.459239104000062, 23.68174687800007 ], [ 90.459334022000064, 23.681625864000068 ], [ 90.459676116000082, 23.681290648000072 ], [ 90.459813054000051, 23.681141495000077 ], [ 90.459953791000032, 23.681057718000034 ], [ 90.460229452000078, 23.680893624000078 ], [ 90.460509199000057, 23.680749401000071 ], [ 90.46059692700004, 23.680689958000073 ], [ 90.460691239000084, 23.680585040000039 ], [ 90.460755693000067, 23.680465355000024 ], [ 90.460755274000064, 23.68034586300007 ], [ 90.460754687000076, 23.680178574000024 ], [ 90.460753562000036, 23.68017332200003 ], [ 90.460752713000034, 23.680169357000068 ], [ 90.460714066000037, 23.679988947000027 ], [ 90.460662609000053, 23.679820368000037 ], [ 90.460687427000039, 23.679497662000074 ], [ 90.460814572000061, 23.678756426000064 ], [ 90.460827085000062, 23.67862494700006 ], [ 90.460770349000086, 23.678566541000066 ], [ 90.460722914000087, 23.67851771200003 ], [ 90.460481500000071, 23.678396528000064 ], [ 90.460142875000031, 23.67822654500003 ], [ 90.459884183000042, 23.678054202000055 ], [ 90.459880052000074, 23.678051451000044 ], [ 90.459873788000039, 23.678047405000029 ], [ 90.45967961000008, 23.677898282000058 ], [ 90.459624207000047, 23.677855735000037 ], [ 90.45936120600004, 23.67765375700003 ], [ 90.458485630000041, 23.67696804600007 ], [ 90.458301102000064, 23.676823530000036 ], [ 90.458252234000042, 23.676785258000052 ], [ 90.457691695000051, 23.676346260000059 ], [ 90.457686188000082, 23.676341947000026 ], [ 90.457258555000067, 23.676007034000065 ], [ 90.456865169000082, 23.675680156000055 ], [ 90.45627649100004, 23.675191 ], [ 90.456014961000051, 23.674973683000076 ], [ 90.455851492000079, 23.674837848000038 ], [ 90.455788147000078, 23.674785210000039 ], [ 90.455569903000082, 23.674598427000035 ], [ 90.45544975100006, 23.674494769000034 ], [ 90.45544762600008, 23.674492936000036 ], [ 90.454928822000056, 23.674045350000029 ], [ 90.453970878000064, 23.673218893000069 ], [ 90.453832110000064, 23.673128289000033 ], [ 90.453526727000053, 23.672928898000066 ], [ 90.453507013000035, 23.672911508000027 ], [ 90.453482787000041, 23.672890137000024 ], [ 90.453322614000058, 23.672748846000047 ], [ 90.45319440600008, 23.67254147400007 ], [ 90.452839039000082, 23.671943373000033 ], [ 90.452619825000056, 23.671574421000059 ], [ 90.452472603000047, 23.671364241000049 ], [ 90.452393654000048, 23.671251530000063 ], [ 90.45205315000004, 23.670765410000058 ], [ 90.451736862000075, 23.670581166000034 ], [ 90.451532822000047, 23.670464839000033 ], [ 90.451216695000085, 23.670284609000078 ], [ 90.451140832000078, 23.670251503000031 ], [ 90.450584442000036, 23.670008698000061 ], [ 90.450414253000076, 23.669924313000024 ], [ 90.450297546000058, 23.669866447000061 ], [ 90.449617502000081, 23.669529256000033 ], [ 90.449520448000044, 23.669481132000044 ], [ 90.449102260000075, 23.669187140000076 ], [ 90.448419913000066, 23.669946100000061 ], [ 90.447663199000033, 23.670971073000032 ], [ 90.44763957400005, 23.671003075000044 ], [ 90.447549893000087, 23.671124546000044 ], [ 90.447342870000057, 23.671404955000071 ], [ 90.447029935000046, 23.67182882000003 ], [ 90.446870654000065, 23.672027849000074 ], [ 90.446812862000058, 23.672100064000063 ], [ 90.445421653000039, 23.673741372000052 ], [ 90.444199177000087, 23.675097024000024 ], [ 90.444167072000084, 23.67513262600005 ], [ 90.443568638000045, 23.675796240000068 ], [ 90.44338900200006, 23.675953471000071 ], [ 90.443129742000053, 23.676180394000028 ], [ 90.441780349000055, 23.677361457000075 ], [ 90.441318591000083, 23.677812140000071 ], [ 90.440670478000072, 23.678444703000025 ], [ 90.440320686000064, 23.678786097000057 ], [ 90.440224364000073, 23.678880108000044 ], [ 90.439464423000061, 23.680021644000078 ], [ 90.439352495000037, 23.680118606000065 ], [ 90.439351667000039, 23.680119324000032 ], [ 90.439272870000082, 23.680187584000066 ], [ 90.438828580000063, 23.680572461000054 ], [ 90.438546593000069, 23.680816739000022 ], [ 90.437997705000043, 23.680917648000047 ], [ 90.43727606200008, 23.681048399000076 ], [ 90.435781415000065, 23.681884541000045 ], [ 90.434902737000073, 23.682376083000065 ], [ 90.435190483000042, 23.682639476000077 ], [ 90.434822593000035, 23.682979227000033 ], [ 90.433928839000032, 23.683845920000067 ], [ 90.433024339000042, 23.684723017000067 ], [ 90.43249017100004, 23.684460311000066 ], [ 90.431163833000085, 23.685368992000065 ], [ 90.431057163000048, 23.685442071000068 ], [ 90.430444927000053, 23.685861527000043 ], [ 90.430609833000062, 23.68605074900006 ], [ 90.430598411000062, 23.686059454000031 ], [ 90.430183796000051, 23.686375448000035 ], [ 90.429913979000048, 23.686581084000068 ], [ 90.429149149000068, 23.68723376500003 ], [ 90.428936246000035, 23.687415449000071 ], [ 90.42889189400006, 23.687453296000058 ], [ 90.428715684000053, 23.687600595000049 ], [ 90.428329992000045, 23.687923002000048 ], [ 90.428124600000046, 23.68809469100006 ], [ 90.428097767000054, 23.688117121000062 ], [ 90.426804103000052, 23.689201816000036 ], [ 90.426769252000042, 23.689231036000024 ], [ 90.426765656000043, 23.689234052000074 ], [ 90.426470686000073, 23.689555244000076 ], [ 90.426410142000066, 23.689621169000077 ], [ 90.425621531000047, 23.690481426000076 ], [ 90.42554135000006, 23.691086821000056 ], [ 90.424918512000033, 23.691723134000028 ], [ 90.424895363000076, 23.691746784000031 ], [ 90.423947849000058, 23.692714780000074 ], [ 90.423919549000061, 23.692742844000065 ], [ 90.423822434000044, 23.692839147000029 ], [ 90.423774303000073, 23.692886875000056 ], [ 90.423492687000078, 23.693166917000042 ], [ 90.423486709000031, 23.693172863000029 ], [ 90.42348183200005, 23.693177712000079 ], [ 90.423316612000065, 23.693342007000069 ], [ 90.422998805000077, 23.693658004000042 ], [ 90.421952658000066, 23.694698175000042 ], [ 90.421699700000033, 23.69494968500004 ], [ 90.420903835000047, 23.695707907000042 ], [ 90.420325779000052, 23.696258615000033 ], [ 90.42032086200004, 23.696254113000066 ], [ 90.420306114000084, 23.696242860000041 ], [ 90.420287053000038, 23.69626273800003 ], [ 90.420276253000054, 23.696274 ], [ 90.420251267000083, 23.696300056000041 ], [ 90.420013055000084, 23.696548471000028 ], [ 90.419285727000045, 23.697306943000058 ], [ 90.419262511000056, 23.697331846000054 ], [ 90.419124471000032, 23.697649873000046 ], [ 90.419057420000058, 23.697804350000069 ], [ 90.418882645000053, 23.697992156000055 ], [ 90.418717499000081, 23.698169612000072 ], [ 90.418629751000083, 23.698263902000065 ], [ 90.418523434000065, 23.698374840000042 ], [ 90.417499319000058, 23.699432146000049 ], [ 90.417499604000056, 23.699522196000032 ], [ 90.417500661000076, 23.69985525900006 ], [ 90.417500672000074, 23.699858928000026 ], [ 90.417363652000063, 23.699954138000066 ], [ 90.417350039000041, 23.699962450000044 ], [ 90.417311643000062, 23.699985893000076 ], [ 90.417259943000033, 23.699922804000039 ], [ 90.417156900000066, 23.699907274000054 ], [ 90.416869893000069, 23.700204835000022 ], [ 90.416608789000065, 23.700475538000035 ], [ 90.415977334000047, 23.701011577000031 ], [ 90.415963532000035, 23.701023294000038 ], [ 90.415752190000035, 23.701202699000078 ], [ 90.415090357000054, 23.701872875000049 ], [ 90.415066526000032, 23.701897781000071 ], [ 90.415051947000052, 23.701912285000049 ], [ 90.41502293800005, 23.701941143000056 ], [ 90.415022906000047, 23.701941176000048 ], [ 90.414896039000041, 23.702067385000078 ], [ 90.41465992600007, 23.702302276000069 ], [ 90.414604496000038, 23.702357418000076 ], [ 90.414483673000063, 23.702341933000071 ], [ 90.414441701000044, 23.702374407000036 ], [ 90.414027916000066, 23.702694541000028 ], [ 90.41375548700006, 23.702905310000062 ], [ 90.413733680000064, 23.702922181000076 ], [ 90.413540959000045, 23.703071283000043 ], [ 90.413317995000057, 23.703243781000026 ], [ 90.413247288000036, 23.703292514000054 ], [ 90.41279243300005, 23.703606014000059 ], [ 90.412759858000072, 23.703628465000065 ], [ 90.411867528000073, 23.704243478000024 ], [ 90.411595373000068, 23.704440373000068 ], [ 90.411557702000039, 23.704463126000064 ], [ 90.411009099000069, 23.704794482000068 ], [ 90.411027610000076, 23.704832821000025 ], [ 90.410624319000078, 23.705066480000028 ], [ 90.410714986000073, 23.705240113000059 ], [ 90.410656850000066, 23.705276372000071 ], [ 90.410525913000072, 23.705358038000043 ], [ 90.410525864000078, 23.705358051000076 ], [ 90.410276870000075, 23.705514503000074 ], [ 90.410276828000065, 23.705514526000059 ], [ 90.409685009000043, 23.70583220900005 ], [ 90.409684967000032, 23.705832232000034 ], [ 90.409361348000061, 23.706006374000026 ], [ 90.409308894000048, 23.706034599000077 ], [ 90.409263296000063, 23.706059135000032 ], [ 90.409263254000052, 23.706059159000063 ], [ 90.40906964800007, 23.70616215900003 ], [ 90.40892930800004, 23.706236826000065 ], [ 90.408854655000084, 23.706276542000069 ], [ 90.408713039000077, 23.706351885000061 ], [ 90.408712996000077, 23.706351907000055 ], [ 90.408689634000041, 23.70636324000003 ], [ 90.408595385000069, 23.706408967000073 ], [ 90.408567954000034, 23.706422273000044 ], [ 90.408567911000034, 23.706422294000049 ], [ 90.408560094000052, 23.706426124000075 ], [ 90.408535507000067, 23.706438166000055 ], [ 90.408216909000032, 23.706305780000037 ], [ 90.408216889000073, 23.706305804000067 ], [ 90.408216862000074, 23.70630579300007 ], [ 90.408176519000051, 23.706351139000049 ], [ 90.407965147000084, 23.70658872100006 ], [ 90.407911608000063, 23.706646480000074 ], [ 90.407742730000052, 23.706828675000054 ], [ 90.407723285000031, 23.706838615000038 ], [ 90.407443812000054, 23.706981499000051 ], [ 90.406952519000072, 23.707232677000036 ], [ 90.406952476000072, 23.707232700000077 ], [ 90.406820936000031, 23.707307539000055 ], [ 90.406820897000046, 23.707307563000029 ], [ 90.406820684000081, 23.707307680000042 ], [ 90.40668060400003, 23.707386601000053 ], [ 90.406579191000048, 23.707443738000052 ], [ 90.406488645000081, 23.707494752000059 ], [ 90.406374439000047, 23.707559092000054 ], [ 90.406339567000032, 23.707578738000052 ], [ 90.406310168000061, 23.707595303000062 ], [ 90.406143326000063, 23.707689299000037 ], [ 90.406035701000064, 23.707749935000038 ], [ 90.406035661000033, 23.707749957000033 ], [ 90.405733687000065, 23.707907080000041 ], [ 90.405721528000072, 23.707913405000056 ], [ 90.405558500000041, 23.707998232000023 ], [ 90.405481737000059, 23.708038171000055 ], [ 90.405481696000038, 23.70803819300005 ], [ 90.405214856000043, 23.708176614000024 ], [ 90.405214814000033, 23.708176637000065 ], [ 90.405090969000071, 23.708243999000047 ], [ 90.405056327000068, 23.708262839000042 ], [ 90.405056286000047, 23.708262862000026 ], [ 90.404651140000055, 23.708485193000058 ], [ 90.404651096000066, 23.70848520900006 ], [ 90.404583780000053, 23.708502199000066 ], [ 90.404109486000038, 23.708759543000042 ], [ 90.403951473000063, 23.708846725000058 ], [ 90.403841569000065, 23.708907367000052 ], [ 90.403368746000069, 23.70916825200004 ], [ 90.403265175000058, 23.709217867000064 ], [ 90.403221818000077, 23.709238636000066 ], [ 90.40296530300003, 23.709361243000046 ], [ 90.402860866000083, 23.709410889000026 ], [ 90.402860789000044, 23.709410923000064 ], [ 90.402623516000062, 23.709517735000077 ], [ 90.402307695000047, 23.709629394000046 ], [ 90.402307654000083, 23.709629416000041 ], [ 90.402178167000045, 23.709697733000041 ], [ 90.402144257000032, 23.709715627000037 ], [ 90.402144213000042, 23.709715637000045 ], [ 90.402135691000069, 23.709720169000036 ], [ 90.40213564700008, 23.709720189000052 ], [ 90.401737202000049, 23.709931206000078 ], [ 90.40173715800006, 23.709931223000069 ], [ 90.401671046000047, 23.709949448000032 ], [ 90.401671001000068, 23.709949466000069 ], [ 90.401599349000037, 23.709980525000049 ], [ 90.401584546000038, 23.709986941000068 ], [ 90.401529308000079, 23.710010888000056 ], [ 90.40126753900006, 23.71012436500007 ], [ 90.401267499000085, 23.710124388000054 ], [ 90.400831688000039, 23.710429380000051 ], [ 90.400804402000063, 23.710448477000057 ], [ 90.400804363000077, 23.710448499000051 ], [ 90.400677280000082, 23.710521720000031 ], [ 90.400513075000049, 23.71061633000005 ], [ 90.400513032000049, 23.710616349000077 ], [ 90.400367768000081, 23.710660780000069 ], [ 90.400178018000076, 23.710718816000053 ], [ 90.400177972000051, 23.710718832000055 ], [ 90.39987252800006, 23.710840302000065 ], [ 90.399852752000072, 23.710848167000051 ], [ 90.399800797000069, 23.710868828000059 ], [ 90.399800754000069, 23.710868848000075 ], [ 90.399536346000048, 23.711004996000042 ], [ 90.399536302000058, 23.711005016000058 ], [ 90.39894234500008, 23.711241375000043 ], [ 90.398942299000055, 23.71124138600004 ], [ 90.398850401000061, 23.711248393000062 ], [ 90.398850352000068, 23.711248397000077 ], [ 90.39881977400006, 23.711250580000069 ], [ 90.398719224000047, 23.711257763000049 ], [ 90.398719177000032, 23.711257773000057 ], [ 90.398597907000067, 23.711301566000031 ], [ 90.398341344000073, 23.711394217000077 ], [ 90.398341298000048, 23.711394226000039 ], [ 90.398015188000045, 23.711401840000065 ], [ 90.39801514100003, 23.711401840000065 ], [ 90.397465228000044, 23.711403253000071 ], [ 90.397465181000086, 23.711403254000061 ], [ 90.397463420000065, 23.711403321000034 ], [ 90.396785965000049, 23.711429833000068 ], [ 90.396693547000041, 23.711419894000073 ], [ 90.396429984000065, 23.711391556000024 ], [ 90.396416737000038, 23.711390136000034 ], [ 90.396366454000031, 23.71138800600005 ], [ 90.396346337000068, 23.71138673400003 ], [ 90.396194749000074, 23.711377155000037 ], [ 90.395797991000052, 23.711353332000044 ], [ 90.395658768000033, 23.711337882000066 ], [ 90.395558106000067, 23.711326476000067 ], [ 90.395307946000059, 23.711298130000046 ], [ 90.395236538000063, 23.711295187000076 ], [ 90.395147942000051, 23.711291536000033 ], [ 90.39494677600004, 23.711283245000061 ], [ 90.394704667000042, 23.711380129000077 ], [ 90.394594669000071, 23.711424144000034 ], [ 90.394608280000057, 23.711464755000065 ], [ 90.39453986500007, 23.711480464000033 ], [ 90.394489068000041, 23.711492125000063 ], [ 90.394309898000074, 23.711533263000035 ], [ 90.394036027000084, 23.711597184000027 ], [ 90.393754350000052, 23.711512092000078 ], [ 90.393659016000072, 23.711466157000075 ], [ 90.39360516000005, 23.711440210000035 ], [ 90.393594528000051, 23.71137023700004 ], [ 90.393280964000041, 23.711282967000045 ], [ 90.392933630000073, 23.71121873900006 ], [ 90.392883446000042, 23.711209459000031 ], [ 90.392617812000083, 23.711158197000032 ], [ 90.392598798000051, 23.711155985000062 ], [ 90.392518090000067, 23.711140786000044 ], [ 90.392433165000057, 23.711124792000078 ], [ 90.392091465000078, 23.711060173000078 ], [ 90.392079809000052, 23.71105794500005 ], [ 90.391972115000044, 23.711037445000045 ], [ 90.391658359000076, 23.710977721000063 ], [ 90.391293971000039, 23.710910897000076 ], [ 90.390850631000035, 23.710169215000064 ], [ 90.390736465000032, 23.709978222000075 ], [ 90.390669271000036, 23.709865809000064 ], [ 90.390595835000056, 23.709742953000045 ], [ 90.390385732000084, 23.709550723000063 ], [ 90.390166648000047, 23.70935027400003 ], [ 90.389944330000048, 23.709146865000037 ], [ 90.389891913000042, 23.709098907000055 ], [ 90.389509480000072, 23.708941801000037 ], [ 90.389476660000071, 23.708928422000042 ], [ 90.389162657000043, 23.708800413000063 ], [ 90.389160218000086, 23.708799433000024 ], [ 90.389106797000068, 23.708777973000053 ], [ 90.388989511000034, 23.708750259000055 ], [ 90.38886238300006, 23.708720219000043 ], [ 90.388758937000034, 23.70869577600007 ], [ 90.388634609000064, 23.708666398000048 ], [ 90.38861621500007, 23.708662052000022 ], [ 90.388424489000045, 23.708616748000054 ], [ 90.388203459000067, 23.708564520000039 ], [ 90.388061206000032, 23.708530906000078 ], [ 90.387973700000032, 23.708510229000069 ], [ 90.387695147000045, 23.708444408000048 ], [ 90.387439630000074, 23.708384029000058 ], [ 90.387433082000086, 23.708382482000047 ], [ 90.38711805500003, 23.70832163700004 ], [ 90.387074338000048, 23.708313194000027 ], [ 90.38691562200006, 23.708282538000049 ], [ 90.386809816000039, 23.708262103000038 ], [ 90.386768629000073, 23.708254257000078 ], [ 90.386666716000036, 23.708234843000071 ], [ 90.386458369000081, 23.708195153000077 ], [ 90.386421158000076, 23.708188064000069 ], [ 90.385688579000032, 23.708048505000079 ], [ 90.385686597000074, 23.70804812700004 ], [ 90.385421434000079, 23.708009398000058 ], [ 90.385124142000052, 23.707965977000072 ], [ 90.384952475000034, 23.707940977000078 ], [ 90.384560815000043, 23.707883941000034 ], [ 90.384529279000049, 23.707879349000052 ], [ 90.384183697000083, 23.707829021000066 ], [ 90.383847227000047, 23.70778002000003 ], [ 90.383690435000062, 23.707757186000038 ], [ 90.38354543500003, 23.707736069000077 ], [ 90.383041955000067, 23.707662744000061 ], [ 90.382898252000075, 23.707641815000045 ], [ 90.382715552000036, 23.707626082000047 ], [ 90.382610670000076, 23.707617051000057 ], [ 90.38195507000006, 23.707560594000029 ], [ 90.381732456000066, 23.707540821000066 ], [ 90.381662300000073, 23.707539752000059 ], [ 90.381604928000058, 23.707538877000047 ], [ 90.381353741000055, 23.707534413000076 ], [ 90.381275654000035, 23.707533026000078 ], [ 90.381218972000056, 23.707532018000052 ], [ 90.380823799000041, 23.707524995000028 ], [ 90.380690442000059, 23.707524670000055 ], [ 90.380612911000071, 23.707524483000043 ], [ 90.380424017000053, 23.707524024000065 ], [ 90.380282598000065, 23.707523680000065 ], [ 90.380190008000056, 23.707523456000047 ], [ 90.380063354000072, 23.707523146000028 ], [ 90.380035953000061, 23.707523080000044 ], [ 90.379970854000078, 23.707522922000067 ], [ 90.379805732000079, 23.707522520000055 ], [ 90.379686426000035, 23.707522230000052 ], [ 90.379164692000074, 23.707520959000078 ], [ 90.379086065000081, 23.707520767000062 ], [ 90.37897590700004, 23.707520498000065 ], [ 90.378930876000084, 23.707520027000044 ], [ 90.378490312000054, 23.707515414000056 ], [ 90.378299520000041, 23.70751341600004 ], [ 90.377955605000068, 23.707509815000037 ], [ 90.377926863000084, 23.707509513000048 ], [ 90.377363409000054, 23.707504114000074 ], [ 90.377357434000032, 23.707558326000026 ], [ 90.376928619000068, 23.707551482000042 ], [ 90.376759807000042, 23.707548786000075 ], [ 90.376506461000076, 23.707544741000049 ], [ 90.376340863000053, 23.707542097000044 ], [ 90.376291065000032, 23.707541303000028 ], [ 90.376254267000036, 23.70754071500005 ], [ 90.376222933000065, 23.707540214000062 ], [ 90.37614407500007, 23.707538955000075 ], [ 90.376129953000031, 23.707538730000067 ], [ 90.375867494000033, 23.707517506000045 ], [ 90.375845120000065, 23.707515697000076 ], [ 90.375461810000047, 23.707484699000076 ], [ 90.375459141000078, 23.70748448300003 ], [ 90.375278200000082, 23.707469850000052 ], [ 90.37471682000006, 23.707424450000076 ], [ 90.374687519000076, 23.707422080000072 ], [ 90.374557604000074, 23.707411573000059 ], [ 90.373969491000082, 23.70736338100005 ], [ 90.373952561000067, 23.707361993000063 ], [ 90.373905031000049, 23.707358099000032 ], [ 90.373546794000049, 23.707328742000072 ], [ 90.373220392000064, 23.707301993000044 ], [ 90.373211131000062, 23.707301234000056 ], [ 90.373193332000085, 23.70729977600007 ], [ 90.373163743000077, 23.707297351000022 ], [ 90.373112195000033, 23.707293126000025 ], [ 90.373109231000058, 23.70729284500004 ], [ 90.372881894000045, 23.707271279000054 ], [ 90.372874294000042, 23.707270559000051 ], [ 90.372589858000083, 23.707243577000042 ], [ 90.371948752000037, 23.707182759000034 ], [ 90.37134783700003, 23.707125752000024 ], [ 90.370757384000058, 23.707111362000035 ], [ 90.370338619000051, 23.70710224000004 ], [ 90.369733858000075, 23.707089065000048 ], [ 90.368795965000061, 23.707068627000069 ], [ 90.368264559000067, 23.70715210700007 ], [ 90.368147055000065, 23.707170566000059 ], [ 90.367831014000046, 23.707220212000038 ], [ 90.366978862000053, 23.707354072000044 ], [ 90.366717168000037, 23.707395179000059 ], [ 90.366402257000061, 23.707444645000066 ], [ 90.365836021000064, 23.707619051000052 ], [ 90.365627968000069, 23.707683132000057 ], [ 90.36530881200008, 23.707781433000036 ], [ 90.365110641000058, 23.707883507000076 ], [ 90.364816723000047, 23.708034896000072 ], [ 90.364518905000068, 23.708188293000035 ], [ 90.364495056000067, 23.70820057800006 ], [ 90.364309049000042, 23.708296383000061 ], [ 90.364174514000069, 23.708399154000062 ], [ 90.363977533000082, 23.708549627000025 ], [ 90.363843075000034, 23.708652337000046 ], [ 90.363820801000031, 23.708669353000062 ], [ 90.363626123000074, 23.70881806500006 ], [ 90.36337769000005, 23.709007839000037 ], [ 90.363241888000061, 23.709111576000055 ], [ 90.363055465000059, 23.709253980000028 ], [ 90.362897601000043, 23.709374569000033 ], [ 90.362850809000065, 23.709421981000048 ], [ 90.362685859000067, 23.709589116000075 ], [ 90.362591175000034, 23.709685054000033 ], [ 90.362559526000041, 23.70971712100004 ], [ 90.362389989000064, 23.709888902000046 ], [ 90.362332385000059, 23.709947269000054 ], [ 90.362263884000072, 23.710016676000066 ], [ 90.362104662000036, 23.710178004000056 ], [ 90.361972910000077, 23.710311499000056 ], [ 90.361947051000072, 23.710337700000025 ], [ 90.36193036800006, 23.710354604000031 ], [ 90.361729996000065, 23.71069508000005 ], [ 90.361729383000068, 23.710696122000058 ], [ 90.361661441000081, 23.710811569000043 ], [ 90.36148117700003, 23.711117874000024 ], [ 90.361461903000077, 23.711150624000027 ], [ 90.361281274000078, 23.711457548000055 ], [ 90.361270122000064, 23.711476498000025 ], [ 90.361122218000048, 23.711727813000039 ], [ 90.360994839000057, 23.711944251000034 ], [ 90.360974479000049, 23.71199424200006 ], [ 90.36090637500007, 23.712161455000057 ], [ 90.36086812800005, 23.712255360000029 ], [ 90.360752160000061, 23.712540089000072 ], [ 90.360717743000066, 23.712624592000054 ], [ 90.360672789000034, 23.713385353000035 ], [ 90.360655235000081, 23.713682436000056 ], [ 90.36063719200007, 23.713987784000039 ], [ 90.360629139000082, 23.714124054000024 ], [ 90.360611315000085, 23.714425690000041 ], [ 90.360587094000039, 23.714835602000051 ], [ 90.360423935000085, 23.715705360000072 ], [ 90.360113943000044, 23.717361287000074 ], [ 90.360104130000082, 23.717449287000022 ], [ 90.359969852000063, 23.718653430000074 ], [ 90.359886037000081, 23.719405036000069 ], [ 90.359846448000042, 23.719760038000061 ], [ 90.35990998300008, 23.720791855000073 ], [ 90.359907473000078, 23.720792861000064 ], [ 90.359643550000044, 23.72089860400007 ], [ 90.35950398500006, 23.721483956000043 ], [ 90.359326966000083, 23.722226387000035 ], [ 90.359101609000049, 23.723171535000063 ], [ 90.359071372000074, 23.723286626000061 ], [ 90.359038309000084, 23.723412468000049 ], [ 90.358747207000079, 23.72452045700004 ], [ 90.358746131000032, 23.724524555000073 ], [ 90.358456648000072, 23.725627408000037 ], [ 90.358456452000041, 23.725628155000038 ], [ 90.358355175000042, 23.726013984000076 ], [ 90.358210586000041, 23.726221879000036 ], [ 90.357740110000066, 23.726898334000055 ], [ 90.356907227000079, 23.727286398000047 ], [ 90.356593936000081, 23.727449517000025 ], [ 90.355879130000062, 23.727821684000048 ], [ 90.355612765000046, 23.727960042000063 ], [ 90.355105269000035, 23.728044758000067 ], [ 90.356474954000078, 23.728423229000043 ], [ 90.357942348000051, 23.729101793000041 ], [ 90.357926220000081, 23.72913737500005 ], [ 90.357770997000046, 23.729479844000025 ], [ 90.357504573000085, 23.730067653000049 ], [ 90.357437213000082, 23.730257682000058 ], [ 90.357236657000044, 23.730823471000065 ], [ 90.357083139000054, 23.731364537000047 ], [ 90.357041241000047, 23.731512205000058 ], [ 90.356648842000084, 23.732316105000052 ], [ 90.356420398000068, 23.732986246000053 ], [ 90.356135398000049, 23.733446074000028 ], [ 90.356051050000076, 23.733576758000027 ], [ 90.355963699000085, 23.733712091000029 ], [ 90.355356002000065, 23.734653597000033 ], [ 90.355170004000058, 23.734941761000073 ], [ 90.355102007000085, 23.73504710800006 ], [ 90.354957438000042, 23.735271086000068 ], [ 90.354733886000076, 23.735773221000045 ], [ 90.35437777900006, 23.736573093000061 ], [ 90.354343615000062, 23.736618262000036 ], [ 90.353749453000034, 23.737403836000055 ], [ 90.352623821000066, 23.738892063000037 ], [ 90.351830241000073, 23.739941250000072 ], [ 90.351835719000064, 23.739998994000075 ], [ 90.351865584000052, 23.740313760000049 ], [ 90.351726664000068, 23.740745863000029 ], [ 90.351719532000061, 23.740768046000028 ], [ 90.351864460000058, 23.740813311000068 ], [ 90.352215413000067, 23.741006145000028 ], [ 90.352414413000076, 23.741123945000027 ], [ 90.352522913000087, 23.741153346000033 ], [ 90.352689713000075, 23.74118274500006 ], [ 90.352814313000067, 23.741195645000062 ], [ 90.353129913000032, 23.741158845000029 ], [ 90.353230749000033, 23.741171228000042 ], [ 90.353624213000046, 23.741219546000025 ], [ 90.353923814000041, 23.741277746000037 ], [ 90.354299514000047, 23.741346545000056 ], [ 90.354485929000077, 23.741350297000054 ], [ 90.354567814000063, 23.741351946000066 ], [ 90.355081614000085, 23.741397645000063 ], [ 90.355283614000086, 23.741416346000051 ], [ 90.355670448000069, 23.741593877000071 ], [ 90.355840646000047, 23.741628776000027 ], [ 90.355866809000077, 23.74167785800006 ], [ 90.356100114000071, 23.74171954600007 ], [ 90.356364154000062, 23.741737115000035 ], [ 90.356516414000055, 23.741747246000045 ], [ 90.357051014000035, 23.741807846000029 ], [ 90.357148294000069, 23.741827600000079 ], [ 90.35772087600003, 23.741943868000078 ], [ 90.357756714000061, 23.74195114500003 ], [ 90.358222314000045, 23.74206444500004 ], [ 90.358283961000041, 23.742077196000025 ], [ 90.358413848000055, 23.742104059000042 ], [ 90.358622838000031, 23.742147283000065 ], [ 90.358632814000032, 23.742149346000076 ], [ 90.358905339000046, 23.742207097000062 ], [ 90.359488839000051, 23.742330745000061 ], [ 90.359546415000068, 23.742342946000065 ], [ 90.360132949000047, 23.742470126000057 ], [ 90.360153308000065, 23.742474541000036 ], [ 90.360030548000054, 23.742917879000061 ], [ 90.360028715000055, 23.742930098000045 ], [ 90.359972956000036, 23.743100587000072 ], [ 90.35985359600005, 23.74346554400006 ], [ 90.359772263000082, 23.743714227000055 ], [ 90.359765925000033, 23.743733607000024 ], [ 90.35976105900005, 23.743748485000026 ], [ 90.359735206000039, 23.743827534000047 ], [ 90.35972042800006, 23.743872718000034 ], [ 90.360292917000038, 23.743900822000057 ], [ 90.360314954000046, 23.74389867800005 ], [ 90.360338530000035, 23.743896385000028 ], [ 90.360566759000051, 23.743874189000053 ], [ 90.360567533000051, 23.743890235000038 ], [ 90.360816717000034, 23.743884319000074 ], [ 90.361131512000043, 23.743886571000075 ], [ 90.361258901000042, 23.743876814000032 ], [ 90.361315209000054, 23.743872502000045 ], [ 90.361332676000075, 23.743871164000041 ], [ 90.361446267000076, 23.743873886000074 ], [ 90.361572218000049, 23.743883994000043 ], [ 90.361572594000052, 23.743881377000037 ], [ 90.361585812000044, 23.743836308000027 ], [ 90.361621512000056, 23.743710609000061 ], [ 90.361649812000053, 23.743587508000076 ], [ 90.361681612000041, 23.743419108000069 ], [ 90.361840424000036, 23.743407223000077 ], [ 90.361842170000045, 23.743392898000025 ], [ 90.362025365000079, 23.74351488700006 ], [ 90.36203136000006, 23.743518880000067 ], [ 90.362038158000075, 23.743523407000055 ], [ 90.362034812000047, 23.743546372000026 ], [ 90.362026305000086, 23.743612064000047 ], [ 90.362049856000056, 23.743614728000068 ], [ 90.362411643000087, 23.743655654000065 ], [ 90.362413011000058, 23.743655809000074 ], [ 90.362537812000085, 23.743687308000062 ], [ 90.362565972000084, 23.743691678000062 ], [ 90.362563993000037, 23.743550693000032 ], [ 90.362571193000065, 23.743550932000062 ], [ 90.362666550000085, 23.743554109000058 ], [ 90.362780340000086, 23.743557901000031 ], [ 90.362796691000085, 23.743558446000065 ], [ 90.363006558000052, 23.743588785000043 ], [ 90.363007306000043, 23.743565462000049 ], [ 90.363008948000072, 23.743514216000051 ], [ 90.363249979000045, 23.743552365000028 ], [ 90.363369312000032, 23.743557315000032 ], [ 90.363367964000076, 23.743577478000077 ], [ 90.363365912000063, 23.743608209000058 ], [ 90.363643193000087, 23.743578504000027 ], [ 90.363797275000081, 23.743561996000039 ], [ 90.363797309000063, 23.743561993000071 ], [ 90.363842279000039, 23.743557174000046 ], [ 90.363996912000061, 23.743540609000036 ], [ 90.363955993000047, 23.743790561000026 ], [ 90.363955874000055, 23.743791283000064 ], [ 90.363913143000048, 23.744052303000046 ], [ 90.363908411000068, 23.744081209000058 ], [ 90.363913658000058, 23.744081319000031 ], [ 90.363951836000069, 23.74408212000003 ], [ 90.364274584000043, 23.744088892000036 ], [ 90.364268515000049, 23.744304628000066 ], [ 90.364298738000059, 23.744346952000058 ], [ 90.364290745000062, 23.744389521000073 ], [ 90.364288779000049, 23.744399991000023 ], [ 90.364283612000065, 23.744427510000037 ], [ 90.364293283000052, 23.744428490000075 ], [ 90.364356666000049, 23.744434917000035 ], [ 90.364426433000062, 23.744441991000031 ], [ 90.36459231200007, 23.744458809000037 ], [ 90.364588886000035, 23.744471766000061 ], [ 90.364588433000051, 23.744473479000078 ], [ 90.364564187000042, 23.744565163000061 ], [ 90.36482890700006, 23.744604996000078 ], [ 90.364830005000044, 23.744605161000038 ], [ 90.364832260000071, 23.744605500000034 ], [ 90.365191211000081, 23.74465950900003 ], [ 90.365326534000076, 23.744694452000033 ], [ 90.365399589000049, 23.74471331500007 ], [ 90.365437911000072, 23.744723210000075 ], [ 90.365624411000056, 23.744793710000067 ], [ 90.365777512000079, 23.744861110000045 ], [ 90.365848711000069, 23.744758210000043 ], [ 90.365960811000036, 23.744545910000056 ], [ 90.366006199000083, 23.74440794800006 ], [ 90.366024849000041, 23.744351257000062 ], [ 90.36608089200007, 23.744180902000039 ], [ 90.366084212000032, 23.744170810000071 ], [ 90.366109001000041, 23.744105087000037 ], [ 90.366119293000054, 23.744077800000071 ], [ 90.366119471000047, 23.74407732800006 ], [ 90.36617341200008, 23.743934310000043 ], [ 90.366368483000031, 23.743989283000076 ], [ 90.366670912000075, 23.744074510000075 ], [ 90.366725158000065, 23.744095187000028 ], [ 90.366753050000057, 23.744105819000026 ], [ 90.366758990000051, 23.744108083000071 ], [ 90.366789466000057, 23.744119699000066 ], [ 90.366818612000031, 23.744130810000058 ], [ 90.366852476000076, 23.744143956000073 ], [ 90.366853689000038, 23.744144426000048 ], [ 90.366940711000041, 23.74417821000003 ], [ 90.366973292000068, 23.744190520000075 ], [ 90.366977203000033, 23.74419199700003 ], [ 90.367000801000074, 23.744200913000043 ], [ 90.367083880000052, 23.744232302000057 ], [ 90.367092122000031, 23.744235416000038 ], [ 90.367036810000059, 23.744356505000042 ], [ 90.367013216000032, 23.744408155000031 ], [ 90.366972696000062, 23.744475455000043 ], [ 90.366949574000046, 23.744487737000043 ], [ 90.366945375000057, 23.744498691000047 ], [ 90.366914985000051, 23.744577980000031 ], [ 90.36691232700008, 23.744584914000029 ], [ 90.366893728000036, 23.74463343900004 ], [ 90.366893007000044, 23.744635319000054 ], [ 90.36689262200008, 23.744636325000045 ], [ 90.36688332500006, 23.744660579000026 ], [ 90.366825833000064, 23.744810574000041 ], [ 90.366792350000082, 23.74486646500003 ], [ 90.366777077000052, 23.744883472000026 ], [ 90.366803941000057, 23.744898160000048 ], [ 90.366828756000075, 23.744911729000023 ], [ 90.366781324000044, 23.745020684000053 ], [ 90.366744399000083, 23.745126476000053 ], [ 90.366744231000041, 23.745165340000028 ], [ 90.366744058000052, 23.745205526000063 ], [ 90.366747605000057, 23.74520638000007 ], [ 90.366791097000032, 23.745221296000068 ], [ 90.366898002000084, 23.74525796100005 ], [ 90.366918483000063, 23.745265842000038 ], [ 90.366976754000063, 23.745288266000045 ], [ 90.36697965500008, 23.745289381000077 ], [ 90.367007322000063, 23.74529119500005 ], [ 90.367143631000033, 23.745318118000057 ], [ 90.367254880000075, 23.745363482000073 ], [ 90.367366513000036, 23.745409002000031 ], [ 90.367391885000075, 23.745429853000076 ], [ 90.36753685900004, 23.74548283300004 ], [ 90.367525532000059, 23.745508347000055 ], [ 90.367542583000045, 23.745515451000074 ], [ 90.367554943000073, 23.745520600000077 ], [ 90.367597941000042, 23.745545336000077 ], [ 90.36762927500007, 23.745565585000065 ], [ 90.367680306000068, 23.74561062600003 ], [ 90.367772530000082, 23.745693957000071 ], [ 90.367811314000051, 23.745728108000037 ], [ 90.367836470000043, 23.745750258000044 ], [ 90.367897936000077, 23.745799790000035 ], [ 90.367964929000038, 23.745851567000045 ], [ 90.368044214000065, 23.745912348000047 ], [ 90.368053867000071, 23.745920033000061 ], [ 90.36805391200005, 23.745920069000078 ], [ 90.368072488000053, 23.745934860000034 ], [ 90.368156108000051, 23.746011439000029 ], [ 90.368200094000031, 23.746069879000061 ], [ 90.368225667000047, 23.746103855000058 ], [ 90.368257035000056, 23.746135396000057 ], [ 90.368293320000078, 23.746171437000044 ], [ 90.368317920000038, 23.746196217000033 ], [ 90.368356103000053, 23.746252580000032 ], [ 90.368380932000036, 23.746302674000049 ], [ 90.368391876000032, 23.746324754000057 ], [ 90.368407314000081, 23.746363106000047 ], [ 90.36842712400005, 23.746428544000025 ], [ 90.36843146800004, 23.746446599000024 ], [ 90.368435203000047, 23.74647221400005 ], [ 90.368443975000048, 23.746532377000051 ], [ 90.368445605000034, 23.746566270000073 ], [ 90.368445687000076, 23.746567994000031 ], [ 90.368432359000053, 23.746630970000069 ], [ 90.36835960600007, 23.746821634000071 ], [ 90.36835325800007, 23.746838270000069 ], [ 90.368332210000062, 23.746908007000059 ], [ 90.368273044000034, 23.747104041000057 ], [ 90.368270258000052, 23.747113270000057 ], [ 90.368284659000039, 23.747117243000048 ], [ 90.368380458000047, 23.747143670000071 ], [ 90.368379014000084, 23.74717925300007 ], [ 90.368378088000043, 23.74720204700003 ], [ 90.368376958000056, 23.747229870000069 ], [ 90.368355158000043, 23.747312770000065 ], [ 90.368412326000055, 23.747315422000042 ], [ 90.368732413000032, 23.747330272000056 ], [ 90.368794123000043, 23.747333136000066 ], [ 90.368802028000061, 23.74733350300005 ], [ 90.368814259000033, 23.747334070000022 ], [ 90.368867035000051, 23.747185956000067 ], [ 90.368876259000047, 23.747160070000064 ], [ 90.369045459000063, 23.747162871000057 ], [ 90.369184758000074, 23.74714337000006 ], [ 90.369261858000073, 23.74712997000006 ], [ 90.369338404000075, 23.747115643000029 ], [ 90.369341459000054, 23.747115071000053 ], [ 90.369359968000083, 23.747125745000062 ], [ 90.369377219000057, 23.747135694000065 ], [ 90.369381589000056, 23.747135582000055 ], [ 90.36938034800005, 23.747137499000075 ], [ 90.369452107000086, 23.747178881000025 ], [ 90.369627273000049, 23.747279900000024 ], [ 90.369599098000037, 23.747323193000057 ], [ 90.369600761000072, 23.74732403400003 ], [ 90.369592836000038, 23.74733281500005 ], [ 90.369541068000046, 23.747412358000076 ], [ 90.369511773000056, 23.747457372000042 ], [ 90.369415819000039, 23.747604811000031 ], [ 90.369394597000053, 23.747637418000068 ], [ 90.369184571000062, 23.747960133000049 ], [ 90.369177081000032, 23.747971641000049 ], [ 90.368947203000062, 23.748324855000078 ], [ 90.368944608000049, 23.748328842000035 ], [ 90.368872128000078, 23.748440208000034 ], [ 90.368870844000071, 23.74844218100003 ], [ 90.368733150000082, 23.748653751000063 ], [ 90.368642507000061, 23.748793025000055 ], [ 90.368597610000052, 23.748862011000028 ], [ 90.368565015000058, 23.748905069000045 ], [ 90.368513673000052, 23.748972891000051 ], [ 90.368376990000058, 23.749153451000041 ], [ 90.368346209000038, 23.749194111000065 ], [ 90.368331320000038, 23.749217479000038 ], [ 90.368310167000061, 23.749250677000077 ], [ 90.368293865000055, 23.749276262000024 ], [ 90.368270453000036, 23.749313004000044 ], [ 90.368263173000059, 23.749324429000069 ], [ 90.368097007000074, 23.749585211000067 ], [ 90.368061931000057, 23.749640259000046 ], [ 90.367972657000053, 23.749780367000028 ], [ 90.367914191000068, 23.749872124000035 ], [ 90.36791153300004, 23.749876294000046 ], [ 90.367823504000057, 23.750014447000069 ], [ 90.367693866000081, 23.750217898000074 ], [ 90.367550809000079, 23.750442411000051 ], [ 90.367550591000054, 23.750442732000067 ], [ 90.367457228000035, 23.750580089000039 ], [ 90.36736185500007, 23.750720404000049 ], [ 90.367332988000044, 23.750762873000042 ], [ 90.367246997000052, 23.75088938500005 ], [ 90.367103695000083, 23.751100213000029 ], [ 90.367041653000058, 23.751191490000053 ], [ 90.366915221000056, 23.751377497000078 ], [ 90.366877955000064, 23.751432323000074 ], [ 90.366682409000077, 23.751720010000042 ], [ 90.36667785700007, 23.751727360000075 ], [ 90.366672036000068, 23.751736760000028 ], [ 90.366647250000085, 23.751776791000054 ], [ 90.36694241500004, 23.751945273000047 ], [ 90.366959380000083, 23.751954957000066 ], [ 90.366969886000049, 23.751997950000032 ], [ 90.367314738000061, 23.752169232000028 ], [ 90.367284210000037, 23.752208093000036 ], [ 90.36728041300006, 23.752212928000063 ], [ 90.367239108000035, 23.752265510000029 ], [ 90.367253575000063, 23.752273659000025 ], [ 90.367322908000062, 23.752312710000069 ], [ 90.367753308000033, 23.752553411000065 ], [ 90.368148717000054, 23.752781826000046 ], [ 90.368406108000045, 23.752930511000045 ], [ 90.368458912000051, 23.752963624000074 ], [ 90.368860107000046, 23.753215211000054 ], [ 90.369238608000046, 23.75341811100003 ], [ 90.369564406000052, 23.753622191000034 ], [ 90.369775007000044, 23.753754111000035 ], [ 90.370903608000049, 23.754408612000077 ], [ 90.371395208000081, 23.754701212000043 ], [ 90.371823932000041, 23.754990777000046 ], [ 90.371859364000045, 23.755014709000022 ], [ 90.372188108000046, 23.755236744000058 ], [ 90.37224180700008, 23.755273012000032 ], [ 90.372462836000068, 23.755407485000035 ], [ 90.372530107000046, 23.755448413000067 ], [ 90.372627026000032, 23.75551181000003 ], [ 90.372806506000074, 23.755629212000031 ], [ 90.372854011000072, 23.755659144000049 ], [ 90.372892663000073, 23.755683498000053 ], [ 90.373089714000059, 23.755807657000048 ], [ 90.373386907000054, 23.755994913000052 ], [ 90.373897707000083, 23.756307913000057 ], [ 90.373900995000042, 23.756309826000063 ], [ 90.373914533000061, 23.756292959000064 ], [ 90.373974323000084, 23.756330594000076 ], [ 90.374162944000034, 23.756445300000053 ], [ 90.374234824000041, 23.756488030000071 ], [ 90.374340490000066, 23.756548745000032 ], [ 90.374652925000078, 23.75674736600007 ], [ 90.37473680800008, 23.75680069200007 ], [ 90.37495309500008, 23.756929911000043 ], [ 90.374697520000041, 23.757381746000078 ], [ 90.374669890000064, 23.757430593000038 ], [ 90.374167072000034, 23.758319521000033 ], [ 90.374430225000083, 23.758330176000072 ], [ 90.375436154000056, 23.75835031400004 ], [ 90.376449584000056, 23.758372322000071 ], [ 90.376464785000053, 23.758372652000048 ], [ 90.378085424000062, 23.758443211000042 ], [ 90.379398154000057, 23.758507737000059 ], [ 90.379418394000083, 23.758507687000076 ], [ 90.379470594000054, 23.758107873000029 ], [ 90.379508117000057, 23.757902829000045 ], [ 90.37951750600007, 23.757851521000077 ], [ 90.379537934000041, 23.757739892000075 ], [ 90.379663185000084, 23.757055442000024 ], [ 90.379684328000053, 23.75693990700006 ], [ 90.380395257000032, 23.756967511000028 ], [ 90.380394273000036, 23.756628800000044 ], [ 90.380653081000048, 23.756623645000047 ], [ 90.380618286000072, 23.756410631000051 ], [ 90.380614367000078, 23.756386638000038 ], [ 90.380813302000035, 23.756288282000071 ], [ 90.380850863000035, 23.756269710000026 ], [ 90.380855176000068, 23.756267578000063 ], [ 90.381041242000038, 23.756175584000061 ], [ 90.381087684000079, 23.756150185000024 ], [ 90.381104520000065, 23.756140978000076 ], [ 90.381199516000038, 23.756096668000055 ], [ 90.381195769000044, 23.756091076000075 ], [ 90.381205148000049, 23.756085946000042 ], [ 90.38118161500006, 23.756027459000052 ], [ 90.381246143000055, 23.756005486000049 ], [ 90.38127045300007, 23.755996769000035 ], [ 90.381252509000035, 23.755949154000064 ], [ 90.381325422000032, 23.755925300000058 ], [ 90.381370440000069, 23.755910572000062 ], [ 90.381229696000048, 23.755599300000029 ], [ 90.381225585000038, 23.755589715000042 ], [ 90.381015749000085, 23.755100448000064 ], [ 90.380997985000079, 23.755059045000053 ], [ 90.380997506000085, 23.755057928000042 ], [ 90.38099743500004, 23.755057779000026 ], [ 90.380992953000032, 23.755059242000073 ], [ 90.380729101000043, 23.755135363000022 ], [ 90.380687427000055, 23.755146757000034 ], [ 90.380629028000044, 23.754889476000074 ], [ 90.380584975000033, 23.754715710000028 ], [ 90.380909243000076, 23.754653942000061 ], [ 90.380904742000041, 23.754607253000074 ], [ 90.380894071000057, 23.754496569000025 ], [ 90.380875725000067, 23.754306275000033 ], [ 90.380878700000039, 23.754274654000028 ], [ 90.380875038000056, 23.754236787000025 ], [ 90.380657127000063, 23.754239882000036 ], [ 90.380590407000057, 23.754245936000075 ], [ 90.380530283000041, 23.753782593000039 ], [ 90.380654074000063, 23.753773039000066 ], [ 90.380641397000034, 23.753701265000075 ], [ 90.380597884000053, 23.753454914000031 ], [ 90.38059163500003, 23.75341953800006 ], [ 90.380571919000033, 23.753177969000035 ], [ 90.380652270000041, 23.753180028000031 ], [ 90.38064890000004, 23.753100308000057 ], [ 90.380648264000058, 23.753085276000036 ], [ 90.380710235000038, 23.753082948000042 ], [ 90.380723635000038, 23.753087847000074 ], [ 90.380731635000075, 23.753097248000074 ], [ 90.380793735000054, 23.75327844800006 ], [ 90.380812468000045, 23.753443081000057 ], [ 90.380990155000063, 23.753431141000078 ], [ 90.381114801000081, 23.753422764000049 ], [ 90.381150202000072, 23.753363968000031 ], [ 90.381178598000076, 23.753330131000041 ], [ 90.381203375000041, 23.753300609000064 ], [ 90.381354112000054, 23.753252817000032 ], [ 90.381490853000059, 23.753243447000045 ], [ 90.381642383000042, 23.753243072000032 ], [ 90.381680978000077, 23.75324297700007 ], [ 90.381700304000049, 23.753244923000068 ], [ 90.381822336000084, 23.753257205000068 ], [ 90.382132981000041, 23.753288474000044 ], [ 90.382189425000035, 23.753294155000049 ], [ 90.382199175000039, 23.753295136000077 ], [ 90.382204596000065, 23.753295682000044 ], [ 90.38220463600004, 23.75329524700004 ], [ 90.382228572000031, 23.753119668000068 ], [ 90.382484666000039, 23.753145666000023 ], [ 90.382556149000038, 23.753152923000073 ], [ 90.382564435000063, 23.753014447000055 ], [ 90.382658136000032, 23.753077348000033 ], [ 90.382777635000082, 23.753134148000072 ], [ 90.382884336000075, 23.753153148000024 ], [ 90.382926753000049, 23.753158183000039 ], [ 90.38292653600007, 23.753162255000063 ], [ 90.382945867000046, 23.753164016000028 ], [ 90.382984047000036, 23.753167494000024 ], [ 90.383141594000051, 23.753142264000076 ], [ 90.383147379000036, 23.753136910000023 ], [ 90.383212545000049, 23.753076603000068 ], [ 90.383248033000086, 23.753047159000062 ], [ 90.383270670000059, 23.753029038000022 ], [ 90.383369215000073, 23.75293134900005 ], [ 90.383451075000039, 23.752850200000069 ], [ 90.383573908000074, 23.75284352500006 ], [ 90.38359403000004, 23.752842431000033 ], [ 90.383665886000074, 23.752838525000072 ], [ 90.383731596000075, 23.752834954000036 ], [ 90.383755841000038, 23.752833636000048 ], [ 90.384135939000032, 23.75278075600005 ], [ 90.384213319000082, 23.752770333000058 ], [ 90.384255487000075, 23.752764652000053 ], [ 90.384476705000054, 23.752700876000063 ], [ 90.384673964000058, 23.752623609000068 ], [ 90.384694988000035, 23.75261159400003 ], [ 90.38477746600006, 23.752564456000073 ], [ 90.384781113000031, 23.752562372000057 ], [ 90.384840496000038, 23.752526094000075 ], [ 90.384874903000082, 23.752505232000033 ], [ 90.384978858000068, 23.752442200000075 ], [ 90.385126124000067, 23.752320066000038 ], [ 90.385126994000075, 23.752319346000036 ], [ 90.385167298000056, 23.752285920000077 ], [ 90.385181985000031, 23.752274594000028 ], [ 90.385325539000064, 23.75211495800005 ], [ 90.385348871000076, 23.752089013000045 ], [ 90.385408725000048, 23.752021723000041 ], [ 90.385465627000031, 23.751957751000077 ], [ 90.38557970100004, 23.751851360000046 ], [ 90.385604626000031, 23.751828113000045 ], [ 90.385623426000052, 23.75181057900005 ], [ 90.385695029000033, 23.751758466000069 ], [ 90.385694990000047, 23.751744918000043 ], [ 90.385784378000039, 23.751692757000058 ], [ 90.385817436000082, 23.751672351000025 ], [ 90.385832736000054, 23.751661022000064 ], [ 90.385983296000063, 23.751554515000066 ], [ 90.386117444000035, 23.751479631000052 ], [ 90.386206782000045, 23.751429761000054 ], [ 90.386389914000063, 23.751345753000066 ], [ 90.386405840000066, 23.751338940000039 ], [ 90.386517128000037, 23.751300069000024 ], [ 90.386548678000054, 23.751289050000025 ], [ 90.38663375200008, 23.751259335000043 ], [ 90.386670602000038, 23.751246697000056 ], [ 90.386899044000074, 23.751168346000043 ], [ 90.387159548000056, 23.751118016000078 ], [ 90.387163900000076, 23.751117112000031 ], [ 90.38715731800005, 23.751099489000069 ], [ 90.387136824000038, 23.750957995000078 ], [ 90.387675030000082, 23.750864102000037 ], [ 90.388046250000059, 23.750799341000061 ], [ 90.388233527000068, 23.750766669000029 ], [ 90.388631032000035, 23.750697320000029 ], [ 90.388653623000039, 23.750693378000051 ], [ 90.388803921000033, 23.750677881000058 ], [ 90.389138563000074, 23.750643377000074 ], [ 90.389536745000044, 23.750560237000059 ], [ 90.389593489000049, 23.750548389000073 ], [ 90.38978176300003, 23.750509077000061 ], [ 90.390579064000065, 23.750354177000077 ], [ 90.391112540000051, 23.750248431000045 ], [ 90.391282924000052, 23.750214658000061 ], [ 90.391861964000043, 23.750099878000071 ], [ 90.392823864000036, 23.74992757900003 ], [ 90.39284406400003, 23.749923978000027 ], [ 90.392935426000065, 23.749918752000042 ], [ 90.393075198000076, 23.749910756000077 ], [ 90.393088930000033, 23.749883670000031 ], [ 90.393092589000048, 23.749876887000028 ], [ 90.393096248000063, 23.749870101000056 ], [ 90.393121251000082, 23.749822619000042 ], [ 90.393878596000036, 23.748349911000048 ], [ 90.393899283000053, 23.748309681000023 ], [ 90.393934021000064, 23.74824213100004 ], [ 90.393958503000079, 23.748172338000074 ], [ 90.393996651000066, 23.748063582000043 ], [ 90.394370319000075, 23.746983353000076 ], [ 90.39469949000005, 23.746031745000039 ], [ 90.394731870000044, 23.745991016000062 ], [ 90.394762373000049, 23.745882899000037 ], [ 90.395225029000073, 23.746004860000028 ], [ 90.395229854000036, 23.746006132000048 ], [ 90.395805795000058, 23.746157951000043 ], [ 90.396127403000037, 23.746242727000038 ], [ 90.396170592000033, 23.746254773000032 ], [ 90.396530853000058, 23.746355257000062 ], [ 90.396810800000083, 23.746433339000077 ], [ 90.396837887000061, 23.746440893000056 ], [ 90.397070642000074, 23.746505812000066 ], [ 90.397091445000058, 23.746511614000042 ], [ 90.397122445000036, 23.746520261000057 ], [ 90.397464819000049, 23.746615753000071 ], [ 90.397528901000044, 23.746633626000062 ], [ 90.39758772600004, 23.746650033000037 ], [ 90.397635791000084, 23.74666340400006 ], [ 90.397862063000048, 23.746726349000028 ], [ 90.397864885000047, 23.746727134000025 ], [ 90.398001879000049, 23.746765243000027 ], [ 90.398138266000046, 23.746803185000033 ], [ 90.398216354000056, 23.746824907000075 ], [ 90.398236003000079, 23.746830373000023 ], [ 90.398616391000076, 23.746936189000053 ], [ 90.398759025000061, 23.74697586700006 ], [ 90.398969617000034, 23.747034448000022 ], [ 90.399068844000055, 23.747062051000057 ], [ 90.399240083000052, 23.747107160000041 ], [ 90.399351099000057, 23.747136405000049 ], [ 90.399472742000057, 23.747168449000071 ], [ 90.399783093000053, 23.747250202000032 ], [ 90.400128971000072, 23.747341313000049 ], [ 90.400234070000067, 23.747379498000043 ], [ 90.400297181000042, 23.747402428000044 ], [ 90.400579417000074, 23.747504971000069 ], [ 90.401062834000072, 23.747680606000074 ], [ 90.401112388000058, 23.747698611000033 ], [ 90.401147839000032, 23.747711490000029 ], [ 90.401169457000037, 23.74771970200004 ], [ 90.401415118000045, 23.747813016000066 ], [ 90.401921044000062, 23.748005192000051 ], [ 90.40192674900004, 23.748007360000031 ], [ 90.402169534000052, 23.748099581000076 ], [ 90.402318907000051, 23.748156320000078 ], [ 90.402331656000058, 23.748161162000031 ], [ 90.402385108000033, 23.748181465000073 ], [ 90.402678029000072, 23.748289888000045 ], [ 90.402747321000049, 23.748315536000064 ], [ 90.402962138000078, 23.748395049000067 ], [ 90.403097924000065, 23.748434951000036 ], [ 90.403643942000031, 23.748595404000071 ], [ 90.403729545000033, 23.748620559000074 ], [ 90.40375212400005, 23.748627194000051 ], [ 90.403848477000054, 23.748657795000042 ], [ 90.403873759000078, 23.748665825000046 ], [ 90.404334262000077, 23.74881208000005 ], [ 90.404673966000075, 23.748935002000053 ], [ 90.404911285000082, 23.749020877000078 ], [ 90.404970792000086, 23.749038203000055 ], [ 90.405082020000066, 23.749070588000052 ], [ 90.405233601000077, 23.749114722000058 ], [ 90.405285488000061, 23.749129829000026 ], [ 90.405531479000047, 23.749163397000075 ], [ 90.405627553000045, 23.749176508000062 ], [ 90.405732241000067, 23.749190793000025 ], [ 90.406035966000047, 23.749189996000041 ], [ 90.406095719000064, 23.749189839000053 ], [ 90.406275766000078, 23.749185222000051 ], [ 90.406339459000037, 23.74918358900004 ], [ 90.406511094000052, 23.749179188000028 ], [ 90.406858876000058, 23.74914003400005 ], [ 90.407141255000056, 23.749079840000036 ], [ 90.407194799000081, 23.749068426000065 ], [ 90.407403737000038, 23.749023886000032 ], [ 90.40783529600003, 23.748884791000023 ], [ 90.407912100000033, 23.748860035000064 ], [ 90.408019347000049, 23.748808758000052 ], [ 90.408450584000036, 23.748552755000048 ], [ 90.408472002000053, 23.748537001000045 ], [ 90.408704233000037, 23.74836618300003 ], [ 90.408766562000039, 23.748320337000052 ], [ 90.408920808000062, 23.748206880000055 ], [ 90.408950394000044, 23.748185117000048 ], [ 90.409000143000071, 23.748148524000044 ], [ 90.409087023000041, 23.748251261000064 ], [ 90.40916364900005, 23.748345696000058 ], [ 90.409249594000073, 23.748431504000052 ], [ 90.40932005600007, 23.748443176000023 ], [ 90.409360244000084, 23.748446984000054 ], [ 90.409378901000082, 23.748435463000078 ], [ 90.409391309000057, 23.748418223000044 ], [ 90.409398924000072, 23.748362280000038 ], [ 90.409420517000058, 23.748293395000076 ], [ 90.409492183000054, 23.748296073000063 ], [ 90.409676502000082, 23.748314969000035 ], [ 90.409680359000049, 23.748285549000059 ], [ 90.409890093000058, 23.748290962000056 ], [ 90.409897503000082, 23.74828876600003 ], [ 90.409902653000074, 23.748274891000051 ], [ 90.409910360000083, 23.748248821000061 ], [ 90.409913953000057, 23.748235428000044 ], [ 90.41001962100006, 23.748235387000022 ], [ 90.410073373000046, 23.748238112000024 ], [ 90.410101959000031, 23.748246879000078 ], [ 90.410127430000045, 23.748255415000074 ], [ 90.410144567000032, 23.748256086000026 ], [ 90.410250234000046, 23.748255567000058 ], [ 90.410354286000086, 23.748255654000047 ], [ 90.410355717000073, 23.748270970000078 ], [ 90.410356840000077, 23.74828298400007 ], [ 90.410362227000064, 23.74834063000003 ], [ 90.41035910800008, 23.748376051000037 ], [ 90.410358118000033, 23.748387286000025 ], [ 90.410472304000052, 23.748399563000078 ], [ 90.410538959000064, 23.748418096000023 ], [ 90.410562225000035, 23.748385771000073 ], [ 90.410581784000044, 23.748335672000053 ], [ 90.410582035000061, 23.748328851000053 ], [ 90.41060839000005, 23.748334218000025 ], [ 90.410664765000035, 23.748347090000038 ], [ 90.410685671000067, 23.748284199000068 ], [ 90.410735535000072, 23.74831206500005 ], [ 90.410752180000031, 23.748321580000038 ], [ 90.410793819000048, 23.748353015000077 ], [ 90.410806307000087, 23.748361076000037 ], [ 90.410804648000067, 23.748401934000071 ], [ 90.410803996000084, 23.748451897000052 ], [ 90.410901913000032, 23.748450563000063 ], [ 90.410903839000071, 23.748451418000059 ], [ 90.411028359000056, 23.748451689000035 ], [ 90.411074074000055, 23.748453304000066 ], [ 90.41108106300004, 23.748482529000057 ], [ 90.411107298000047, 23.748621814000046 ], [ 90.411114438000084, 23.748659719000045 ], [ 90.411132439000085, 23.748755292000055 ], [ 90.411146833000032, 23.748831709000058 ], [ 90.41115463400007, 23.748950609000076 ], [ 90.411209884000073, 23.748945826000067 ], [ 90.411257341000066, 23.748941719000072 ], [ 90.41152332300004, 23.748918697000079 ], [ 90.411556823000069, 23.748940397000069 ], [ 90.411594322000042, 23.749102097000048 ], [ 90.411603622000086, 23.749178197000049 ], [ 90.411606723000034, 23.74920929700005 ], [ 90.411607106000076, 23.749213228000031 ], [ 90.411617652000075, 23.749321442000053 ], [ 90.411618855000086, 23.749333790000037 ], [ 90.411295598000038, 23.749367396000025 ], [ 90.411221032000071, 23.749382393000076 ], [ 90.411223655000072, 23.749439704000054 ], [ 90.411159076000047, 23.749445611000056 ], [ 90.411140332000059, 23.749445661000038 ], [ 90.41108425200008, 23.749445810000054 ], [ 90.411091559000056, 23.749540429000035 ], [ 90.411099672000034, 23.749631846000057 ], [ 90.411130648000039, 23.749630745000047 ], [ 90.411133945000074, 23.749692200000027 ], [ 90.411156455000082, 23.749854136000067 ], [ 90.41145713700007, 23.749812623000025 ], [ 90.411459479000087, 23.749812300000031 ], [ 90.411661825000067, 23.74978436400005 ], [ 90.411673577000045, 23.749782741000047 ], [ 90.411674317000063, 23.749782639000045 ], [ 90.411825400000055, 23.749761780000028 ], [ 90.411837514000069, 23.749760108000032 ], [ 90.412092002000065, 23.749724972000024 ], [ 90.412553149000075, 23.749661303000039 ], [ 90.412580738000031, 23.749657494000076 ], [ 90.412737909000043, 23.749635848000025 ], [ 90.41275268000004, 23.74966285000005 ], [ 90.412753680000037, 23.749664867000035 ], [ 90.412882299000046, 23.749924069000031 ], [ 90.412962519000075, 23.749912487000074 ], [ 90.413197908000086, 23.749826592000034 ], [ 90.413498836000031, 23.749749311000073 ], [ 90.413598240000056, 23.74973695500006 ], [ 90.413936213000056, 23.749694946000034 ], [ 90.414049037000041, 23.749680922000039 ], [ 90.414053525000043, 23.749680325000043 ], [ 90.41436261900003, 23.749639154000079 ], [ 90.414593174000061, 23.749608444000046 ], [ 90.415169908000053, 23.749531623000053 ], [ 90.415246866000075, 23.749521372000061 ], [ 90.415367403000062, 23.749505315000079 ], [ 90.415615320000086, 23.749472689000072 ], [ 90.416060480000056, 23.749414104000039 ], [ 90.416064212000038, 23.749440328000048 ], [ 90.416065884000034, 23.749452081000072 ], [ 90.416067686000076, 23.749464741000054 ], [ 90.416070043000047, 23.749481313000047 ], [ 90.41612344400005, 23.749856613000077 ], [ 90.416137609000032, 23.749942582000074 ], [ 90.416168969000069, 23.750132906000033 ], [ 90.416198843000075, 23.750314213000024 ], [ 90.416199164000034, 23.750315667000052 ], [ 90.416200144000072, 23.750320109000029 ], [ 90.416204347000075, 23.750339177000058 ], [ 90.416251748000036, 23.750554195000063 ], [ 90.416280344000086, 23.750683913000046 ], [ 90.416347119000079, 23.75089667900005 ], [ 90.41644404300007, 23.751205513000059 ], [ 90.416492771000037, 23.75132995000007 ], [ 90.416536786000052, 23.751442350000048 ], [ 90.416545543000041, 23.751464713000075 ], [ 90.416622343000085, 23.751603013000079 ], [ 90.416675443000031, 23.751687713000024 ], [ 90.416761543000064, 23.751787712000066 ], [ 90.416818943000067, 23.751847313000042 ], [ 90.416882043000044, 23.751912313000048 ], [ 90.417000243000075, 23.75200931300003 ], [ 90.417044844000031, 23.752043713000035 ], [ 90.417059915000038, 23.752049599000031 ], [ 90.417121574000078, 23.75207368100007 ], [ 90.417236610000032, 23.752118608000046 ], [ 90.417406218000053, 23.752182688000062 ], [ 90.417489910000086, 23.752214308000077 ], [ 90.417909844000064, 23.752329790000033 ], [ 90.417953910000051, 23.752341908000062 ], [ 90.418136808000042, 23.752377484000078 ], [ 90.418154409000067, 23.752380907000031 ], [ 90.418191567000065, 23.752383374000033 ], [ 90.418380409000065, 23.75239590700005 ], [ 90.418856009000081, 23.752412508000077 ], [ 90.418906994000054, 23.752411736000056 ], [ 90.418981509000048, 23.752410608000048 ], [ 90.419134909000036, 23.752407708000078 ], [ 90.419246709000049, 23.752398407000044 ], [ 90.419298529000059, 23.752395145000037 ], [ 90.419303536000086, 23.752394830000071 ], [ 90.419556639000064, 23.752378899000064 ], [ 90.419657438000058, 23.752372554000033 ], [ 90.419987008000078, 23.752351808000071 ], [ 90.420211918000064, 23.752332869000043 ], [ 90.420437108000044, 23.75231390700003 ], [ 90.420461838000051, 23.752309121000053 ], [ 90.420594478000055, 23.752283451000039 ], [ 90.420891808000079, 23.752225907000025 ], [ 90.421076008000057, 23.752182407000078 ], [ 90.421105970000042, 23.752174966000041 ], [ 90.42112214000008, 23.75217095000005 ], [ 90.421165465000058, 23.75216019100003 ], [ 90.421171362000052, 23.752177380000035 ], [ 90.421304743000064, 23.752146466000056 ], [ 90.421614213000055, 23.752068848000079 ], [ 90.421886906000054, 23.751984711000034 ], [ 90.422042486000066, 23.751936707000027 ], [ 90.422170829000038, 23.751898518000075 ], [ 90.422456070000067, 23.751813641000069 ], [ 90.422512728000072, 23.751795427000047 ], [ 90.422732382000049, 23.751724817000024 ], [ 90.422838096000078, 23.751692148000075 ], [ 90.422956904000046, 23.751655433000053 ], [ 90.422960918000058, 23.751654192000046 ], [ 90.423082840000063, 23.751615470000047 ], [ 90.423134824000044, 23.751600994000057 ], [ 90.423172914000077, 23.751590385000043 ], [ 90.423567447000039, 23.751456076000068 ], [ 90.423598276000064, 23.751446129000044 ], [ 90.42387040300008, 23.751358324000023 ], [ 90.423885743000085, 23.751353374000075 ], [ 90.423906247000048, 23.751346759000057 ], [ 90.424216684000044, 23.751190097000062 ], [ 90.42426653800004, 23.751161414000023 ], [ 90.424591326000041, 23.750974550000024 ], [ 90.424881893000077, 23.750743424000063 ], [ 90.424972311000033, 23.750672377000058 ], [ 90.425028582000039, 23.750789566000037 ], [ 90.425079123000046, 23.750894823000067 ], [ 90.425087232000067, 23.750902103000044 ], [ 90.425090941000065, 23.750905432000025 ], [ 90.425091415000054, 23.750920422000036 ], [ 90.425091433000034, 23.750920459000042 ], [ 90.425131011000076, 23.751002885000048 ], [ 90.425135970000042, 23.751023756000052 ], [ 90.425140611000074, 23.751043285000037 ], [ 90.425203311000075, 23.751311885000064 ], [ 90.425206372000048, 23.751324558000078 ], [ 90.425206395000032, 23.751324652000051 ], [ 90.42522781100007, 23.751413285000069 ], [ 90.425304511000036, 23.751730784000074 ], [ 90.425309718000051, 23.751751547000026 ], [ 90.425435856000036, 23.75225449800007 ], [ 90.425440131000073, 23.752303884000071 ], [ 90.425439544000085, 23.752303949000066 ], [ 90.425445938000053, 23.752389659000073 ], [ 90.425456716000042, 23.752534142000059 ], [ 90.425456889000031, 23.75253527700005 ], [ 90.425478444000078, 23.752677360000064 ], [ 90.425524605000078, 23.75267432000004 ], [ 90.425947312000062, 23.752719710000065 ], [ 90.426233034000063, 23.752709430000039 ], [ 90.426413306000086, 23.752702945000067 ], [ 90.426709644000084, 23.752692282000055 ], [ 90.426843051000048, 23.752687481000066 ], [ 90.426849559000061, 23.752891817000034 ], [ 90.426847093000049, 23.753130808000037 ], [ 90.426848155000073, 23.753456422000056 ], [ 90.426820924000083, 23.753690382000059 ], [ 90.426818766000054, 23.75370891700004 ], [ 90.426807113000052, 23.753809038000043 ], [ 90.426793012000076, 23.753951676000042 ], [ 90.426791456000046, 23.753967416000023 ], [ 90.426749349000033, 23.754262438000069 ], [ 90.42674721700007, 23.754277373000036 ], [ 90.426747130000081, 23.754277983000065 ], [ 90.426741466000067, 23.754317671000024 ], [ 90.426722237000035, 23.754452387000072 ], [ 90.426716234000082, 23.754494445000034 ], [ 90.426715157000046, 23.754501998000023 ], [ 90.426938975000041, 23.754508198000053 ], [ 90.426953105000052, 23.754588323000064 ], [ 90.426963036000075, 23.754648042000042 ], [ 90.426924353000061, 23.75472880600006 ], [ 90.426883631000067, 23.754781495000032 ], [ 90.426924341000074, 23.754855878000058 ], [ 90.426943706000031, 23.754891262000058 ], [ 90.426913384000045, 23.75514706000007 ], [ 90.426937907000081, 23.755230640000036 ], [ 90.426952125000071, 23.755279097000027 ], [ 90.426883633000045, 23.755317471000069 ], [ 90.426833262000059, 23.755590249000022 ], [ 90.426828226000055, 23.755584258000056 ], [ 90.426799926000058, 23.755819378000069 ], [ 90.426787897000054, 23.755919315000028 ], [ 90.426868530000036, 23.755954749000068 ], [ 90.426944576000039, 23.755988166000066 ], [ 90.426893427000039, 23.756227292000062 ], [ 90.426846519000037, 23.75641870000004 ], [ 90.426706721000073, 23.756401008000068 ], [ 90.426654830000075, 23.756544119000068 ], [ 90.426664643000038, 23.75654409200007 ], [ 90.426559825000083, 23.75679401900004 ], [ 90.426427259000036, 23.756785219000051 ], [ 90.426403907000065, 23.756957790000058 ], [ 90.426378867000039, 23.757162191000077 ], [ 90.426344091000033, 23.757246887000065 ], [ 90.426311458000043, 23.757272071000045 ], [ 90.426266515000066, 23.757366251000064 ], [ 90.426300206000064, 23.757381680000037 ], [ 90.426244385000075, 23.757546148000074 ], [ 90.426214406000042, 23.757634474000042 ], [ 90.426184079000052, 23.757723830000032 ], [ 90.426110269000048, 23.757941295000023 ], [ 90.426174072000038, 23.757951508000076 ], [ 90.42659892000006, 23.758019507000029 ], [ 90.426669253000057, 23.758045716000026 ], [ 90.426959500000066, 23.758153874000072 ], [ 90.427016731000037, 23.758175216000041 ], [ 90.427360400000055, 23.758303374000036 ], [ 90.427360505000081, 23.75830310200007 ], [ 90.427363490000062, 23.758295377000024 ], [ 90.427380425000081, 23.758251533000077 ], [ 90.427500500000065, 23.757940674000054 ], [ 90.427763355000081, 23.758071204000032 ], [ 90.42788721800008, 23.758132713000066 ], [ 90.427892087000032, 23.758135130000028 ], [ 90.42798917500005, 23.758183342000052 ], [ 90.428027500000042, 23.758202374000064 ], [ 90.428267682000069, 23.758300920000067 ], [ 90.428363299000068, 23.758340151000027 ], [ 90.428626441000063, 23.758448117000057 ], [ 90.428672400000039, 23.758466974000044 ], [ 90.429176900000073, 23.75869747400003 ], [ 90.429187500000069, 23.758704957000077 ], [ 90.429206792000059, 23.758718578000071 ], [ 90.429233152000052, 23.758737189000044 ], [ 90.429256499000076, 23.758753673000058 ], [ 90.429288800000052, 23.758789074000049 ], [ 90.429314017000081, 23.75881669100005 ], [ 90.429320300000086, 23.758823573000029 ], [ 90.42936990000004, 23.758927873000061 ], [ 90.429411500000072, 23.759015173000023 ], [ 90.429512900000077, 23.759249973000067 ], [ 90.429547300000081, 23.759329673000025 ], [ 90.429549696000038, 23.759335214000032 ], [ 90.429569291000064, 23.759380533000069 ], [ 90.429572949000033, 23.759388993000073 ], [ 90.429591088000052, 23.759430946000066 ], [ 90.429595198000072, 23.759440451000046 ], [ 90.429633301000081, 23.759528573000068 ], [ 90.429657900000052, 23.759583174000056 ], [ 90.429702600000041, 23.759682273000067 ], [ 90.42971199200008, 23.759703116000026 ], [ 90.429785343000049, 23.759865902000058 ], [ 90.429797077000046, 23.75989194400006 ], [ 90.429801101000066, 23.759900873000049 ], [ 90.429805763000047, 23.75991123700004 ], [ 90.429848200000038, 23.760005573000058 ], [ 90.429884173000062, 23.760085374000028 ], [ 90.429920100000061, 23.760165073000053 ], [ 90.429933135000056, 23.760194044000059 ], [ 90.429966401000058, 23.760267973000055 ], [ 90.430141701000082, 23.760640973000022 ], [ 90.430143825000073, 23.760645595000028 ], [ 90.430164575000049, 23.760690743000055 ], [ 90.430171907000044, 23.760706698000035 ], [ 90.430179273000078, 23.760722724000061 ], [ 90.430194202000052, 23.760755206000056 ], [ 90.430225551000035, 23.760823416000051 ], [ 90.430228330000034, 23.76082946300005 ], [ 90.430305500000031, 23.760997373000066 ], [ 90.431082587000049, 23.760771479000027 ], [ 90.431096344000082, 23.760813842000061 ], [ 90.431149839000057, 23.760973574000047 ], [ 90.43125258300006, 23.760949628000049 ], [ 90.431302155000083, 23.761100767000073 ], [ 90.431313694000039, 23.761135724000042 ], [ 90.431427166000049, 23.761102809000079 ], [ 90.431493010000054, 23.761280647000035 ], [ 90.431508067000038, 23.761276745000032 ], [ 90.431599131000041, 23.761247121000054 ], [ 90.431678790000035, 23.761461064000059 ], [ 90.431783696000082, 23.761432696000043 ], [ 90.431790832000047, 23.761430767000036 ], [ 90.431889625000053, 23.761404053000035 ], [ 90.431891539000048, 23.761403535000056 ], [ 90.431983522000053, 23.761378663000073 ], [ 90.431996800000036, 23.761375072000078 ], [ 90.432030904000044, 23.761468505000039 ], [ 90.432042230000036, 23.761499535000041 ], [ 90.432043407000037, 23.761502757000073 ], [ 90.432051267000077, 23.761524292000047 ], [ 90.432134701000052, 23.761752872000045 ], [ 90.432095550000042, 23.761763993000045 ], [ 90.432102950000058, 23.761817750000034 ], [ 90.432148536000057, 23.761940939000056 ], [ 90.432158904000062, 23.761943964000068 ], [ 90.432207474000052, 23.762097070000038 ], [ 90.43223964200007, 23.762169051000058 ], [ 90.432307188000038, 23.762335427000039 ], [ 90.432325088000084, 23.76233620000005 ], [ 90.432407983000076, 23.762510518000056 ], [ 90.432488827000043, 23.762736326000038 ], [ 90.432607454000049, 23.76286727400003 ], [ 90.432673950000037, 23.762953122000056 ], [ 90.432740624000076, 23.763092742000026 ], [ 90.433067023000035, 23.763735030000078 ], [ 90.433174663000045, 23.763706094000042 ], [ 90.43323579500003, 23.763689661000058 ], [ 90.433822964000058, 23.763570149000032 ], [ 90.433822436000071, 23.763560912000059 ], [ 90.433814921000078, 23.763429447000078 ], [ 90.433824728000047, 23.763427161000038 ], [ 90.434266775000083, 23.763371726000059 ], [ 90.434785886000043, 23.763250585000037 ], [ 90.434848368000075, 23.763237479000054 ], [ 90.435159573000078, 23.763172201000032 ], [ 90.435609532000058, 23.763077816000077 ], [ 90.435724279000056, 23.763053746000026 ], [ 90.435965058000079, 23.763046164000059 ], [ 90.436275629000079, 23.763036384000031 ], [ 90.436476163000066, 23.763026784000033 ], [ 90.436671791000038, 23.763017199000046 ], [ 90.436726142000055, 23.762991052000075 ], [ 90.436997572000053, 23.762860469000032 ], [ 90.437478955000074, 23.762646844000074 ], [ 90.438017348000074, 23.76260693200004 ], [ 90.438567576000082, 23.762639795000041 ], [ 90.438645701000041, 23.762644462000026 ], [ 90.438667019000036, 23.762645735000035 ], [ 90.439158416000055, 23.762675952000052 ], [ 90.440258319000066, 23.762664278000045 ], [ 90.440321295000047, 23.762663609000072 ], [ 90.440846539000063, 23.762604457000066 ], [ 90.44123335200004, 23.762560894000046 ], [ 90.441497565000077, 23.762531136000064 ], [ 90.441884752000078, 23.762487529000055 ], [ 90.441950924000082, 23.762485553000033 ], [ 90.442135587000053, 23.762480039000025 ], [ 90.442792651000047, 23.76245691400004 ], [ 90.442813321000074, 23.762456187000055 ], [ 90.443392810000034, 23.76243579000004 ], [ 90.443656377000082, 23.762418569000033 ], [ 90.443816900000058, 23.762408080000057 ], [ 90.443872355000053, 23.76240445600007 ], [ 90.444463387000042, 23.76233099500007 ], [ 90.444491769000081, 23.762327468000024 ], [ 90.444530885000063, 23.762322606000055 ], [ 90.445111181000073, 23.762250477000066 ], [ 90.445157661000053, 23.76225572900006 ], [ 90.445592375000047, 23.762304849000031 ], [ 90.446159397000031, 23.762286006000068 ], [ 90.447648350000065, 23.762161251000066 ], [ 90.448696858000062, 23.76207776800004 ], [ 90.448672956000053, 23.761713033000035 ], [ 90.448656137000057, 23.761456387000067 ], [ 90.448651639000047, 23.761387753000065 ], [ 90.44912905800004, 23.761360597000078 ], [ 90.450198578000084, 23.761299757000074 ], [ 90.450468608000051, 23.761284395000075 ], [ 90.450485038000068, 23.760614763000035 ], [ 90.450489514000083, 23.760432322000042 ], [ 90.450492119000046, 23.760326122000038 ], [ 90.450539083000081, 23.760328634000075 ], [ 90.450602872000047, 23.760328449000042 ], [ 90.450771540000062, 23.760327957000072 ], [ 90.451004567000041, 23.760315986000023 ], [ 90.451543629000071, 23.760296346000075 ], [ 90.452367848000051, 23.760330913000075 ], [ 90.452434165000057, 23.761418913000057 ], [ 90.452452170000072, 23.761714312000038 ], [ 90.452620981000052, 23.763937774000055 ], [ 90.452627681000081, 23.76396227400005 ], [ 90.452669181000033, 23.764431374000026 ], [ 90.452674872000046, 23.764495694000061 ], [ 90.452675231000057, 23.76449976300006 ], [ 90.452669419000074, 23.764500081000051 ], [ 90.45263536200008, 23.764502844000049 ], [ 90.448927224000045, 23.764803607000033 ], [ 90.448927701000059, 23.76483227500006 ], [ 90.448928081000076, 23.764855074000025 ], [ 90.448976581000068, 23.765339374000064 ], [ 90.44900498100003, 23.76573537400003 ], [ 90.449015394000071, 23.765908791000072 ], [ 90.449027781000041, 23.766115074000027 ], [ 90.449039483000035, 23.766236024000023 ], [ 90.449062881000032, 23.766477874000032 ], [ 90.449042779000081, 23.766479079000078 ], [ 90.449042856000062, 23.766501472000073 ], [ 90.449042882000072, 23.766508878000025 ], [ 90.449044877000063, 23.766527678000045 ], [ 90.449063394000063, 23.766767823000066 ], [ 90.449073037000062, 23.766892861000031 ], [ 90.449112964000051, 23.76727500100003 ], [ 90.44914153700006, 23.767548473000033 ], [ 90.449158931000056, 23.767714946000069 ], [ 90.449193855000033, 23.768049192000035 ], [ 90.449211551000076, 23.768047997000053 ], [ 90.449949520000075, 23.767998176000049 ], [ 90.450408406000065, 23.76796719400005 ], [ 90.451248668000062, 23.767910460000053 ], [ 90.451413483000067, 23.767899331000024 ], [ 90.451507191000076, 23.767891530000043 ], [ 90.452276658000073, 23.767827468000064 ], [ 90.453216600000076, 23.767749207000065 ], [ 90.45346539600007, 23.767728491000071 ], [ 90.453631138000048, 23.767714690000048 ], [ 90.453854206000074, 23.767696116000025 ], [ 90.453937260000032, 23.767689200000063 ], [ 90.454289138000036, 23.767659900000069 ], [ 90.454557771000054, 23.767637530000059 ], [ 90.454611642000032, 23.767633044000036 ], [ 90.454815721000045, 23.767618497000058 ], [ 90.454915408000033, 23.767611391000059 ], [ 90.455330164000031, 23.767581827000072 ], [ 90.455364142000064, 23.767579405000049 ], [ 90.455532980000044, 23.767567369000062 ], [ 90.45579026200005, 23.767549028000076 ], [ 90.456065958000067, 23.767529375000038 ], [ 90.456132419000085, 23.767524637000065 ], [ 90.456447667000077, 23.767502163000074 ], [ 90.456450308000058, 23.767502065000031 ], [ 90.456486596000047, 23.767500721000033 ], [ 90.456622918000051, 23.767495670000073 ], [ 90.456644561000076, 23.767495446000055 ], [ 90.456736550000073, 23.767494490000047 ], [ 90.456818575000057, 23.767493638000076 ], [ 90.457071389000077, 23.767491011000061 ], [ 90.457587538000041, 23.767485647000058 ], [ 90.458278961000076, 23.767415960000051 ], [ 90.458418172000052, 23.767401929000073 ], [ 90.458707247000063, 23.767366147000075 ], [ 90.458771267000031, 23.767358222000041 ], [ 90.459022746000073, 23.767333104000045 ], [ 90.459250759000042, 23.767310328000065 ], [ 90.459560370000077, 23.767279402000042 ], [ 90.459986981000043, 23.767212657000073 ], [ 90.460058652000043, 23.767201444000023 ], [ 90.460090889000071, 23.767180531000065 ], [ 90.460265910000032, 23.76706699500005 ], [ 90.460597806000067, 23.766932175000022 ], [ 90.460750720000078, 23.766946081000071 ], [ 90.460921792000079, 23.766961637000065 ], [ 90.460821464000048, 23.76713548500004 ], [ 90.460690734000082, 23.767362009000067 ], [ 90.460544007000067, 23.767674063000072 ], [ 90.460481865000077, 23.767805677000069 ], [ 90.46047033900004, 23.767830090000075 ], [ 90.460470982000061, 23.76801299300007 ], [ 90.460430061000068, 23.768224301000032 ], [ 90.460429415000078, 23.768227637000052 ], [ 90.46045143200007, 23.768383378000067 ], [ 90.460494375000053, 23.768559382000035 ], [ 90.460621307000054, 23.768723844000078 ], [ 90.460971179000069, 23.768966673000023 ], [ 90.461098488000061, 23.769063392000078 ], [ 90.461214729000062, 23.769151110000053 ], [ 90.461204811000073, 23.769295656000054 ], [ 90.461131619000071, 23.769413296000039 ], [ 90.460878539000078, 23.769657926000036 ], [ 90.46043568500005, 23.770009250000044 ], [ 90.46014116300006, 23.770330778000073 ], [ 90.460060507000037, 23.77043285700006 ], [ 90.459940862000053, 23.770584279000047 ], [ 90.459815155000058, 23.77094369100007 ], [ 90.459742333000065, 23.771167458000036 ], [ 90.459753247000037, 23.771305171000051 ], [ 90.459943663000047, 23.771381377000068 ], [ 90.460123427000042, 23.771392133000063 ], [ 90.460355694000043, 23.77133273000004 ], [ 90.460715100000073, 23.771320367000044 ], [ 90.460831921000079, 23.771399053000039 ], [ 90.460863579000033, 23.771505087000037 ], [ 90.460843209000075, 23.771642891000056 ], [ 90.460790590000045, 23.771681435000062 ], [ 90.460621567000032, 23.771758715000033 ], [ 90.46050639200007, 23.771973578000029 ], [ 90.460590809000053, 23.772081714000024 ], [ 90.46076064500005, 23.772234758000025 ], [ 90.46091995900008, 23.772360735000063 ], [ 90.461100272000067, 23.772527295000032 ], [ 90.461227815000086, 23.77251562400005 ], [ 90.46126130600004, 23.772737426000049 ], [ 90.461303814000075, 23.773018950000051 ], [ 90.461820522000039, 23.773256763000063 ], [ 90.462177484000051, 23.773692574000052 ], [ 90.462180303000082, 23.773696016000031 ], [ 90.462181859000054, 23.774136336000026 ], [ 90.461506315000065, 23.774605783000027 ], [ 90.461466538000082, 23.774632999000062 ], [ 90.460690163000038, 23.77468951000003 ], [ 90.459375028000068, 23.774693428000035 ], [ 90.458837462000076, 23.774805674000049 ], [ 90.458719772000052, 23.775354739000022 ], [ 90.458786006000082, 23.775535759000036 ], [ 90.459082094000053, 23.776344962000053 ], [ 90.459218103000069, 23.776592865000055 ], [ 90.459443257000032, 23.777003250000064 ], [ 90.459745274000056, 23.777937199000064 ], [ 90.459791477000067, 23.777993514000059 ], [ 90.460285562000081, 23.778594952000049 ], [ 90.461242824000067, 23.779032423000046 ], [ 90.461962087000074, 23.779470598000046 ], [ 90.462321882000083, 23.779909848000045 ], [ 90.462323440000034, 23.780350170000077 ], [ 90.462228973000038, 23.780769760000055 ], [ 90.46208789700006, 23.781396369000049 ], [ 90.462567543000034, 23.781724613000051 ], [ 90.462926561000074, 23.781942572000048 ], [ 90.463166970000032, 23.782271532000038 ], [ 90.463467477000052, 23.78276740900003 ], [ 90.463473595000039, 23.782936747000065 ], [ 90.46424508900003, 23.782873460000076 ], [ 90.464568718000066, 23.782624097000053 ], [ 90.46496318100003, 23.783146786000032 ], [ 90.465263299000071, 23.783532014000059 ], [ 90.465622550000035, 23.783639319000031 ], [ 90.466042490000063, 23.78407837900005 ], [ 90.466162672000053, 23.784407696000073 ], [ 90.466283868000062, 23.784847658000047 ], [ 90.466524685000081, 23.785287254000025 ], [ 90.466883746000065, 23.785340365000025 ], [ 90.467419756000083, 23.784954868000057 ] ] ] ] } },
{ "type": "Feature", "properties": { "FEATURE_ID": "DH22_0002", "GEO_CODE": "302625", "GEO_CODE_CLEAN": "302625", "ADMIN_LEVEL": "citycorporation", "LEVEL_STANDARD": "city_corporation", "LEVEL_ORDER": 2, "location_name": "Dhaka North City Corporation", "PARENT_GEO_CODE": "3026", "PARENT_LOCATION_NAME": "Dhaka", "CHILD_COUNT": 0, "HAS_CHILDREN": 0, "ADMIN_PATH": "3026/302625", "CENSUS_DATA_AVAILABLE": 1, "CENSUS_TABLE_COUNT": 18, "CENSUS_COVERAGE_PCT": 100.0, "SDG_DATA_AVAILABLE": 1, "SDG_INDICATOR_COUNT": 22, "NAME_MATCH_STATUS": "MATCH", "CENSUS_LOCATION_NAME": "Dhaka North City Corporation", "DIVISION_CODE": "30", "DIVISION_NAME": "Dhaka", "DISTRICT_CODE": "26", "DISTRICT_NAME": "Dhaka", "CITY_CODE": "25", "CITY_NAME": "Dhaka North City Corporation", "UPAZILA_CODE": null, "UPAZILA_NAME": null, "MUNICIPALITY_CODE": null, "MUNICIPALITY_NAME": null, "UNION_CODE": null, "UNION_NAME": null, "MAUZA_CODE": null, "CENTROID_LAT": 23.820778020973684, "CENTROID_LON": 90.406191191805135, "MAUZA_NAME": null, "VILLAGE_CODE": null, "VILLAGE_NAME": null, "RMO_CODE": null, "location_id": "1129", "source_row_number": 1135.0, "level": "city_corp", "district": 26.0, "city_corporation": 25.0, "upazila_thana": null, "paurashava": null, "union_ward": null, "mauza": null, "village_mahalla": null, "household_except_floating_household_total_c_01": 1634550.0, "general_c_01": 1485370.0, "institutional_c_01": 2024.0, "others_c_01": 147156.0, "population_including_floating_population_total_c_01": 5990723.0, "male_c_01": 3270135.0, "female_c_01": 2720379.0, "hijra_c_01": 209.0, "sex_ratio_c_01": 120.21, "total_c_02": 5990723.0, "age_group_in_years_0_4_c_02": 440864.0, "5_9_c_02": 437316.0, "10_14_c_02": 475727.0, "15_19_c_02": 575950.0, "20_24_c_02": 708841.0, "25_29_c_02": 733424.0, "30_34_c_02": 578573.0, "35_39_c_02": 536678.0, "40_44_c_02": 410901.0, "45_49_c_02": 304353.0, "50_54_c_02": 269729.0, "55_59_c_02": 172748.0, "60_64_c_02": 144815.0, "65_69_c_02": 92006.0, "70_74_c_02": 59276.0, "75_79_c_02": 24576.0, "80_c_02": 24946.0, "total_c_03": 5990723.0, "muslim_c_03": 5750463.0, "hindu_c_03": 184881.0, "christian_c_03": 44965.0, "buddhist_c_03": 9068.0, "others_c_03": 1346.0, "male_population_number_c_04": 2813152.0, "total_c_04": 100.0, "never_married_c_04": 37.87, "currently_married_c_04": 61.22, "widowed_widower_c_04": 0.62, "divorced_c_04": 0.15, "separated_c_04": 0.14, "female_population_number_c_04": 2299182.0, "total_1_c_04": 100.0, "never_married_1_c_04": 25.4, "currently_married_1_c_04": 66.88, "widowed_widower_1_c_04": 6.58, "divorced_1_c_04": 0.6, "separated_1_c_04": 0.53, "5_years_and_above_total_c_05": 86.06, "male_c_05": 87.53, "female_c_05": 84.28, "7_years_and_above_total_c_05": 86.71, "male_1_c_05": 88.21, "female_1_c_05": 84.88, "15_years_and_above_total_c_05": 85.73, "male_2_c_05": 87.56, "female_2_c_05": 83.47, "population_number_c_06": 5549650.0, "field_of_education_total_c_06": 4938199.0, "general_c_06": 4551295.0, "technical_c_06": 81938.0, "religious_c_06": 216637.0, "others_c_06": 88329.0, "highest_level_of_education_attained_total_c_06": 4938199.0, "attended_school_but_not_completed_play_nursery_kg_pre_primary_class_i_c_06": 48825.0, "play_nursery_kg_pre_primary_student_c_06": 118022.0, "student_class_i_c_06": 67339.0, "class_i_v_c_06": 1014570.0, "class_vi_ix_c_06": 987144.0, "ssc_dakhil_o_level_equivalent_c_06": 615475.0, "hsc_alim_a_level_equivalent_c_06": 761119.0, "diploma_nursing_midwifery_c_06": 50478.0, "graduate_and_above_c_06": 1119648.0, "non_formal_informal_education_and_others_c_06": 155579.0, "total_male_c_07": 806420.0, "female_c_07": 640086.0, "5_9_years_male_c_07": 177624.0, "female_1_c_07": 160541.0, "10_14_years_male_c_07": 209375.0, "female_2_c_07": 179762.0, "15_19_years_male_c_07": 186848.0, "female_3_c_07": 149463.0, "20_24_years_male_c_07": 170038.0, "female_4_c_07": 117141.0, "25_29_years_male_c_07": 62535.0, "female_5_c_07": 33179.0, "population_total_c_08": 5549650.0, "male_c_08": 3043940.0, "female_c_08": 2505710.0, "employed_total_c_08": 2476323.0, "male_1_c_08": 1973086.0, "female_1_c_08": 503237.0, "household_work_total_c_08": 934689.0, "male_2_c_08": 15860.0, "female_2_c_08": 918829.0, "looking_for_work_total_c_08": 73971.0, "male_3_c_08": 54423.0, "female_3_c_08": 19548.0, "do_not_work_total_c_08": 2064667.0, "male_4_c_08": 1000571.0, "female_4_c_08": 1064096.0, "total_c_09": 2476323.0, "male_c_09": 1973086.0, "female_c_09": 503237.0, "agriculture_total_c_09": 28765.0, "male_1_c_09": 26541.0, "female_1_c_09": 2224.0, "industry_total_c_09": 627456.0, "male_2_c_09": 483243.0, "female_2_c_09": 144213.0, "service_total_c_09": 1820102.0, "male_3_c_09": 1463302.0, "female_3_c_09": 356800.0, "total_c_10": 23.33, "15_19_years_c_10": 19.01, "20_24_years_c_10": 26.84, "male_total_c_10": 8.42, "15_19_years_1_c_10": 9.35, "20_24_years_1_c_10": 7.65, "female_total_c_10": 39.69, "15_19_years_2_c_10": 29.64, "20_24_years_2_c_10": 47.84, "population_having_mobile_phone_for_own_use_5_years_and_above_total_c_11_": 73.98, "male_c_11_": 78.83, "female_c_11_": 68.09, "15_years_and_above_total_c_11_": 87.25, "male_1_c_11_": 92.43, "female_1_c_11_": 80.88, "internet_user_5_years_and_above_total_c_11_": 58.35, "male_2_c_11_": 64.29, "female_2_c_11_": 51.13, "15_years_and_above_total_1_c_11_": 66.31, "male_3_c_11_": 73.07, "female_3_c_11_": 58.0, "having_account_in_financial_institution_bank_insurance_micro_credit_post_office_etc_total_c_12": 39.42, "male_c_12": 45.41, "female_c_12": 32.06, "having_mobile_banking_account_total_c_12": 51.77, "male_1_c_12": 63.8, "female_1_c_12": 36.97, "ethnic_population_total_c_13": 15724.0, "male_c_13": 7992.0, "female_c_13": 7732.0, "ethnic_population_in_major_groups_garo_c_13": 8292.0, "chakma_c_13": 3119.0, "marma_c_13": 1143.0, "others_c_13": 3170.0, "general_household_c_14": 1485370.0, "type_of_structure_total_c_14": 100.0, "pucca_c_14": 75.69, "semi_pucca_c_14": 15.32, "kancha_c_14": 8.79, "jhupri_c_14": 0.2, "ownership_status_total_c_14": 100.0, "own_dwelling_unit_c_14": 20.01, "rented_but_having_own_dwelling_unit_elsewhere_c_14": 62.1, "rented_and_having_no_own_dwelling_unit_elsewhere_c_14": 15.18, "rent_free_but_having_own_dwelling_unit_elsewhere_c_14": 1.91, "rent_free_and_having_no_own_dwelling_unit_elsewhere_c_14": 0.8, "general_household_c_15": 1485370.0, "source_of_drinking_water_total_c_15": 100.0, "tap_pipe_supply_c_15": 90.75, "tube_well_deep_shallow_c_15": 8.91, "bottled_jar_water_c_15": 0.34, "well_c_15": 0.0, "pond_river_canal_lake_c_15": 0.0, "spring_c_15": 0.0, "rain_water_c_15": 0.0, "others_c_15": 0.0, "general_household_c_16": 1485370.0, "toilet_facilities_total_c_16": 100.0, "safe_disposal_with_flushing_pouring_water_c_16": 87.26, "unsafe_disposal_with_flushing_pouring_water_c_16": 7.9, "pit_latrine_with_slab_ventilated_improved_latrine_composting_latrine_c_16": 4.29, "pit_latrine_without_slab_open_pit_c_16": 0.4, "raw_open_hanging_latrine_permanent_temporary_c_16": 0.14, "open_defecation_no_latrine_available_c_16": 0.02, "general_household_c_17": 1485370.0, "source_of_cooking_fuel_total_c_17": 100.0, "straw_leaf_bran_husk_c_17": 1.23, "wood_chalk_chopped_wood_c_17": 3.06, "wood_coal_charcoal_dried_dung_c_17": 0.35, "kerosene_paraffin_c_17": 0.49, "petrol_diesel_c_17": 0.06, "electricity_c_17": 0.96, "supply_gas_c_17": 82.34, "lp_gas_c_17": 11.26, "biogas_c_17": 0.08, "others_c_17": 0.19, "electricity_coverage_c_17": 99.91, "general_household_c_18": 1485370.0, "household_comprising_1_person_c_18": 96080.0, "2_person_c_18": 271176.0, "3_person_c_18": 360676.0, "4_person_c_18": 395645.0, "5_person_c_18": 204638.0, "6_person_c_18": 86584.0, "7_person_c_18": 36741.0, "8_person_c_18": 16777.0, "9_person_c_18": 8085.0, "10_person_c_18": 4204.0, "10_person_1_c_18": 4764.0, "average_household_size_c_18": 3.64, "code_15": null, "code_18": null, "LOCATION_NAME_CLEAN": "Dhaka North City Corporation", "LOCATION_KEY": "302625", "sdg_4_2_2_learning_total": 53.65, "sdg_4_2_2_learning_male": 52.28, "sdg_4_2_2_learning_female": 55.15, "sdg_5_b_1_mobile_total": 73.98, "sdg_5_b_1_mobile_male": 78.83, "sdg_5_b_1_mobile_female": 68.09, "sdg_6_2_1a_basic_sanitation": 61.59, "sdg_6_2_1b_handwashing": 88.66, "sdg_7_1_1_electricity": 99.74, "sdg_7_1_2_clean_fuel": 94.65, "sdg_8_6_1_neet_total": 23.33, "sdg_8_6_1_neet_male": 8.42, "sdg_8_6_1_neet_female": 39.69, "sdg_8_10_2_financial_inclusion_total": 60.84, "sdg_8_10_2_financial_inclusion_male": 71.21, "sdg_8_10_2_financial_inclusion_female": 48.08, "sdg_11_1_1_urban_slum_total": 7.95, "sdg_11_1_1_urban_slum_male": 7.81, "sdg_11_1_1_urban_slum_female": 8.12, "sdg_17_8_1_internet_total": 58.35, "sdg_17_8_1_internet_male": 64.29, "sdg_17_8_1_internet_female": 51.13, "IS_LEAF": 0 }, "geometry": { "type": "MultiPolygon", "coordinates": [ [ [ [ 90.438750866000078, 23.900340751000044 ], [ 90.439730937000036, 23.900195695000036 ], [ 90.440079807000075, 23.900066670000058 ], [ 90.440491202000032, 23.899914522000074 ], [ 90.440635453000084, 23.899861173000033 ], [ 90.441054353000084, 23.89954384300006 ], [ 90.441894471000069, 23.899232081000036 ], [ 90.442510394000067, 23.899076760000071 ], [ 90.443015708000075, 23.899075306000043 ], [ 90.443175131000032, 23.899045256000022 ], [ 90.443295509000052, 23.899022566000042 ], [ 90.443418061000045, 23.898949953000056 ], [ 90.443911332000084, 23.898659499000075 ], [ 90.444807578000052, 23.898245944000053 ], [ 90.445872138000084, 23.898037380000062 ], [ 90.446768371000076, 23.897623811000074 ], [ 90.447272180000084, 23.897364931000027 ], [ 90.447642303000066, 23.897022844000048 ], [ 90.447830969000051, 23.896848469000076 ], [ 90.448670165000067, 23.896279250000077 ], [ 90.44928137900007, 23.896011018000024 ], [ 90.449734426000077, 23.895813242000031 ], [ 90.451023671000087, 23.895603984000047 ], [ 90.453042050000079, 23.895494183000039 ], [ 90.454220185000054, 23.895644256000026 ], [ 90.454507540000066, 23.89572516800007 ], [ 90.454950307000047, 23.89584983900005 ], [ 90.455791270000077, 23.895795416000055 ], [ 90.456645365000043, 23.895966631000078 ], [ 90.456801364000057, 23.895997903000023 ], [ 90.457698992000076, 23.895995235000044 ], [ 90.458815058000084, 23.896144607000053 ], [ 90.458833007000067, 23.896078208000063 ], [ 90.458715029000075, 23.89578322400007 ], [ 90.458893891000059, 23.895266908000053 ], [ 90.459399073000043, 23.894645037000032 ], [ 90.459847703000037, 23.894227827000066 ], [ 90.460521860000085, 23.893966659000057 ], [ 90.461307255000065, 23.89339614000005 ], [ 90.461588112000072, 23.892877223000028 ], [ 90.461251365000066, 23.892514781000045 ], [ 90.460914616000082, 23.892154616000028 ], [ 90.460633793000056, 23.891844252000055 ], [ 90.460582187000057, 23.891460447000043 ], [ 90.460595709000074, 23.891392244000031 ], [ 90.460690367000041, 23.890912548000074 ], [ 90.460633857000062, 23.890290200000038 ], [ 90.460970622000048, 23.890030112000034 ], [ 90.461083088000066, 23.889718487000039 ], [ 90.461588237000058, 23.889251107000064 ], [ 90.46170352200005, 23.888967639000043 ], [ 90.461756628000046, 23.888837061000061 ], [ 90.461698102000071, 23.888648653000075 ], [ 90.461541769000064, 23.888520884000059 ], [ 90.461316587000056, 23.888212205000059 ], [ 90.461315631000048, 23.888207468000076 ], [ 90.461139073000083, 23.888062018000028 ], [ 90.46091479200004, 23.887751472000048 ], [ 90.460802361000049, 23.887181561000034 ], [ 90.460690553000063, 23.886407165000037 ], [ 90.460690566000039, 23.886096167000062 ], [ 90.460690574000068, 23.885889148000047 ], [ 90.460608246000049, 23.885621316000027 ], [ 90.460590613000079, 23.885565486000075 ], [ 90.460578139000063, 23.88552598900003 ], [ 90.460465701000032, 23.885165100000052 ], [ 90.460297342000047, 23.884906631000035 ], [ 90.46046573700005, 23.884335817000078 ], [ 90.46049367300003, 23.884220138000046 ], [ 90.460532728000032, 23.884058418000052 ], [ 90.460578208000072, 23.883869697000023 ], [ 90.460914969000044, 23.883350600000028 ], [ 90.461307636000072, 23.882985819000055 ], [ 90.461532544000079, 23.882778346000066 ], [ 90.461664582000083, 23.88271783700003 ], [ 90.461772196000084, 23.882668521000028 ], [ 90.462065779000056, 23.882649084000036 ], [ 90.462077148000049, 23.882648331000041 ], [ 90.46207561500006, 23.88221704700004 ], [ 90.462073941000085, 23.881745119000072 ], [ 90.462072818000081, 23.881428994000032 ], [ 90.461628884000049, 23.880888393000077 ], [ 90.46118447200007, 23.880212308000068 ], [ 90.461165942000036, 23.88017850600005 ], [ 90.460838452000075, 23.879581088000066 ], [ 90.460786621000068, 23.878813502000071 ], [ 90.460883566000064, 23.878451924000046 ], [ 90.460980988000074, 23.878225826000062 ], [ 90.461864028000036, 23.877952213000071 ], [ 90.46256436300007, 23.877735205000079 ], [ 90.462894235000078, 23.877632988000073 ], [ 90.463630416000058, 23.87749529000007 ], [ 90.464076965000061, 23.877220719000036 ], [ 90.464218458000062, 23.87713222800005 ], [ 90.464854316000071, 23.876407731000029 ], [ 90.46524445600005, 23.875638813000023 ], [ 90.46612407300006, 23.874416800000063 ], [ 90.466662337000059, 23.873873235000076 ], [ 90.467543550000073, 23.873102822000078 ], [ 90.46804865200005, 23.872761026000035 ], [ 90.468817298000033, 23.872240886000043 ], [ 90.470286487000067, 23.871107376000055 ], [ 90.470618533000049, 23.870741752000072 ], [ 90.470642576000046, 23.870715278000034 ], [ 90.471294114000045, 23.869997845000057 ], [ 90.471740799000031, 23.869107280000037 ], [ 90.47184993500008, 23.868889695000064 ], [ 90.472435784000083, 23.867939513000067 ], [ 90.473019166000086, 23.866311920000044 ], [ 90.472932151000066, 23.865827658000057 ], [ 90.472907648000046, 23.865691296000023 ], [ 90.472768550000069, 23.864912692000075 ], [ 90.472715018000031, 23.863693506000061 ], [ 90.472712233000038, 23.86292577200004 ], [ 90.472749956000087, 23.862855804000048 ], [ 90.472907341000052, 23.862563884000053 ], [ 90.473019410000063, 23.861985476000029 ], [ 90.473033275000034, 23.861915434000025 ], [ 90.473050747000059, 23.861825058000022 ], [ 90.473056772000064, 23.86179342500003 ], [ 90.473063400000058, 23.861759534000043 ], [ 90.473071240000081, 23.861721123000052 ], [ 90.473100152000086, 23.861569746000043 ], [ 90.472750192000035, 23.859854694000035 ], [ 90.472403024000073, 23.858907371000043 ], [ 90.474366220000036, 23.857803862000026 ], [ 90.474512202000085, 23.855079033000038 ], [ 90.474413731000084, 23.854157422000071 ], [ 90.47416250200007, 23.851806074000024 ], [ 90.473887563000062, 23.850764855000023 ], [ 90.47337963700005, 23.848841253000046 ], [ 90.473309120000067, 23.848574187000054 ], [ 90.473309103000076, 23.848574153000072 ], [ 90.47327765700004, 23.848518460000037 ], [ 90.473284632000059, 23.848481446000051 ], [ 90.473283494000043, 23.848167579000062 ], [ 90.473019817000079, 23.84738709800007 ], [ 90.472881544000074, 23.846849195000061 ], [ 90.472671821000063, 23.846033329000022 ], [ 90.472579634000056, 23.845425263000038 ], [ 90.47254795200007, 23.845216289000064 ], [ 90.472552412000084, 23.845092081000075 ], [ 90.472556274000056, 23.844972392000045 ], [ 90.472583938000071, 23.844139081000037 ], [ 90.47262201500007, 23.843468319000067 ], [ 90.47261992600005, 23.842892518000042 ], [ 90.472617914000068, 23.842337040000075 ], [ 90.472817469000063, 23.841686106000054 ], [ 90.473054046000073, 23.841384756000025 ], [ 90.473460743000032, 23.840866709000068 ], [ 90.473551189000034, 23.840760303000025 ], [ 90.474124393000068, 23.840083377000042 ], [ 90.474417536000033, 23.839805323000064 ], [ 90.474929262000046, 23.839319931000034 ], [ 90.475915777000068, 23.838555920000033 ], [ 90.476680869000063, 23.837828716000047 ], [ 90.477082510000059, 23.837233603000072 ], [ 90.477134402000047, 23.837133279000057 ], [ 90.477266142000076, 23.836878583000043 ], [ 90.477266769000039, 23.83687737200006 ], [ 90.477563314000065, 23.836304047000056 ], [ 90.477883048000081, 23.835298217000059 ], [ 90.478122531000054, 23.834500375000061 ], [ 90.478262311000037, 23.834127361000071 ], [ 90.478523608000046, 23.833756228000027 ], [ 90.478927172000056, 23.833463695000034 ], [ 90.47944964800007, 23.833084962000044 ], [ 90.47980353500003, 23.832862569000042 ], [ 90.480759284000044, 23.832263461000025 ], [ 90.481347759000073, 23.831695448000062 ], [ 90.48166266000004, 23.831391492000023 ], [ 90.481745020000062, 23.831311996000068 ], [ 90.482267716000081, 23.830772943000056 ], [ 90.482495347000054, 23.830605868000077 ], [ 90.482599540000081, 23.830607770000029 ], [ 90.483102310000049, 23.830616949000046 ], [ 90.483784558000082, 23.830767758000036 ], [ 90.484084628000062, 23.830980943000043 ], [ 90.484285280000051, 23.831286209000041 ], [ 90.484436224000035, 23.831637515000068 ], [ 90.484620138000082, 23.831912243000033 ], [ 90.485070134000068, 23.832201428000076 ], [ 90.485204604000046, 23.832201005000059 ], [ 90.485319533000052, 23.832200643000078 ], [ 90.485751822000054, 23.832199282000033 ], [ 90.486050873000067, 23.832137160000059 ], [ 90.486134305000064, 23.83208561400005 ], [ 90.486200169000085, 23.832044921000033 ], [ 90.48629048500004, 23.831966112000032 ], [ 90.486548185000061, 23.831737927000063 ], [ 90.486630805000061, 23.83160001300007 ], [ 90.486695940000061, 23.831232732000046 ], [ 90.486703062000061, 23.831198025000049 ], [ 90.486777589000042, 23.830834810000056 ], [ 90.486841526000035, 23.830146342000035 ], [ 90.487021675000051, 23.829411623000055 ], [ 90.487181966000037, 23.828730231000065 ], [ 90.487201707000054, 23.828646314000025 ], [ 90.487272106000034, 23.828181586000028 ], [ 90.487315289000037, 23.827896510000073 ], [ 90.487443873000075, 23.827281496000069 ], [ 90.487560793000057, 23.826855688000023 ], [ 90.487709511000048, 23.826610501000062 ], [ 90.487717469000074, 23.826591392000068 ], [ 90.487921319000066, 23.826101953000034 ], [ 90.488104984000074, 23.825660971000048 ], [ 90.488236502000063, 23.825262890000033 ], [ 90.488251467000055, 23.824819293000076 ], [ 90.488217014000043, 23.824498212000037 ], [ 90.488129125000057, 23.824326499000051 ], [ 90.488123705000078, 23.824315911000042 ], [ 90.487982540000075, 23.824040111000045 ], [ 90.487914856000032, 23.823955811000076 ], [ 90.487798802000043, 23.823811269000032 ], [ 90.487415503000079, 23.823567765000064 ], [ 90.487125886000058, 23.82314120500007 ], [ 90.487072160000082, 23.822918426000058 ], [ 90.487023044000068, 23.82271475400006 ], [ 90.486878236000052, 23.821730694000053 ], [ 90.486700026000051, 23.820767395000075 ], [ 90.486651535000078, 23.820505278000041 ], [ 90.486647451000067, 23.819410127000026 ], [ 90.48668503600004, 23.818628715000045 ], [ 90.486643781000055, 23.818425620000028 ], [ 90.486642946000075, 23.818202074000055 ], [ 90.486679231000039, 23.81789486100007 ], [ 90.48668219800004, 23.817867757000045 ], [ 90.486862925000082, 23.817625572000054 ], [ 90.487125334000041, 23.817568291000043 ], [ 90.48767035700007, 23.817604958000061 ], [ 90.488256288000059, 23.817752134000045 ], [ 90.488882441000044, 23.817824667000025 ], [ 90.489313854000045, 23.817734807000022 ], [ 90.490341309000087, 23.816542695000066 ], [ 90.490360825000039, 23.816520051000055 ], [ 90.490290336000044, 23.816426969000076 ], [ 90.48990606600006, 23.816222706000076 ], [ 90.489278736000074, 23.815834050000035 ], [ 90.488934698000037, 23.815557399000056 ], [ 90.488469652000049, 23.815409840000029 ], [ 90.48798505700006, 23.815449760000035 ], [ 90.48744101300008, 23.815672772000028 ], [ 90.487078257000064, 23.81580488700007 ], [ 90.486715074000074, 23.815824099000054 ], [ 90.486431932000073, 23.815750476000062 ], [ 90.486088177000056, 23.815548332000049 ], [ 90.485621336000065, 23.814917543000035 ], [ 90.485594720000051, 23.814873068000054 ], [ 90.485255815000073, 23.814306755000075 ], [ 90.485092722000047, 23.814009205000048 ], [ 90.485071980000043, 23.813711203000025 ], [ 90.48515098200005, 23.813340631000074 ], [ 90.485218681000049, 23.813116330000071 ], [ 90.485330394000073, 23.812746194000056 ], [ 90.485328323000033, 23.812188457000047 ], [ 90.485297065000054, 23.811943045000078 ], [ 90.485245527000075, 23.811538393000035 ], [ 90.485000197000033, 23.810739806000072 ], [ 90.484611805000043, 23.81007941200005 ], [ 90.484553148000032, 23.809980241000062 ], [ 90.484308929000065, 23.809479715000066 ], [ 90.484145771000044, 23.808996999000044 ], [ 90.484345839000071, 23.808513144000074 ], [ 90.484862595000038, 23.807933008000077 ], [ 90.484908589000042, 23.807881373000043 ], [ 90.485149767000053, 23.807564485000057 ], [ 90.485289580000085, 23.807211786000039 ], [ 90.485287572000061, 23.806672114000037 ], [ 90.485185297000044, 23.806227592000027 ], [ 90.484656236000035, 23.805188284000053 ], [ 90.484643066000046, 23.80517020700006 ], [ 90.48396678000006, 23.804242057000067 ], [ 90.483814208000069, 23.803964793000034 ], [ 90.483461190000071, 23.803321287000074 ], [ 90.483091052000077, 23.80259413400006 ], [ 90.483012117000044, 23.802400133000049 ], [ 90.482766232000074, 23.80179580600003 ], [ 90.482670352000071, 23.801447954000025 ], [ 90.482614875000081, 23.80124668600007 ], [ 90.48256163800005, 23.801053541000044 ], [ 90.482296301000076, 23.800144363000072 ], [ 90.48202292600007, 23.799370041000032 ], [ 90.481949098000086, 23.799160927000059 ], [ 90.481785139000067, 23.79845466300003 ], [ 90.48174152200005, 23.797816050000051 ], [ 90.481700180000075, 23.79721072600006 ], [ 90.481777260000058, 23.796318545000076 ], [ 90.481651748000047, 23.795056671000054 ], [ 90.481566591000046, 23.793923383000049 ], [ 90.48136071600004, 23.792828857000075 ], [ 90.480872231000035, 23.791789404000042 ], [ 90.480041239000059, 23.790863921000039 ], [ 90.479850588000033, 23.790708984000048 ], [ 90.479130570000052, 23.790123842000071 ], [ 90.47893868500006, 23.789993469000024 ], [ 90.478644701000064, 23.789791153000067 ], [ 90.477936688000057, 23.789271731000042 ], [ 90.477248461000045, 23.788792889000035 ], [ 90.477073559000075, 23.788677548000067 ], [ 90.476600915000063, 23.788365854000062 ], [ 90.476256640000031, 23.787996593000059 ], [ 90.475911002000032, 23.787421848000065 ], [ 90.47536442300003, 23.786922238000045 ], [ 90.474960228000043, 23.786774449000063 ], [ 90.474071195000079, 23.786571696000067 ], [ 90.473019625000063, 23.786037497000052 ], [ 90.472972603000073, 23.786009179000075 ], [ 90.47225112600006, 23.785574685000029 ], [ 90.47188139800005, 23.785286780000035 ], [ 90.471317855000052, 23.784839145000035 ], [ 90.470707236000067, 23.784944880000069 ], [ 90.470653834000075, 23.784951964000072 ], [ 90.470612140000071, 23.784953988000041 ], [ 90.470496362000063, 23.784967245000075 ], [ 90.470485963000044, 23.784964409000054 ], [ 90.470465697000066, 23.784961603000056 ], [ 90.470424118000039, 23.78495408200007 ], [ 90.470369049000055, 23.784950426000023 ], [ 90.470305222000036, 23.784966872000041 ], [ 90.470154192000052, 23.784998878000067 ], [ 90.47012873500006, 23.784997043000033 ], [ 90.470017655000049, 23.785016978000044 ], [ 90.46985292100004, 23.785053219000076 ], [ 90.469811381000056, 23.785058254000035 ], [ 90.468915306000042, 23.785280012000044 ], [ 90.468496930000072, 23.785281285000053 ], [ 90.468321434000075, 23.785241217000078 ], [ 90.468051829000046, 23.78498640600003 ], [ 90.467778432000046, 23.784899586000051 ], [ 90.467419756000083, 23.784954868000057 ], [ 90.466883746000065, 23.785340365000025 ], [ 90.466524685000081, 23.785287254000025 ], [ 90.466283868000062, 23.784847658000047 ], [ 90.466162672000053, 23.784407696000073 ], [ 90.466042490000063, 23.78407837900005 ], [ 90.465622550000035, 23.783639319000031 ], [ 90.465263299000071, 23.783532014000059 ], [ 90.46496318100003, 23.783146786000032 ], [ 90.464568718000066, 23.782624097000053 ], [ 90.46424508900003, 23.782873460000076 ], [ 90.463473595000039, 23.782936747000065 ], [ 90.463467477000052, 23.78276740900003 ], [ 90.463166970000032, 23.782271532000038 ], [ 90.462926561000074, 23.781942572000048 ], [ 90.462567543000034, 23.781724613000051 ], [ 90.46208789700006, 23.781396369000049 ], [ 90.462228973000038, 23.780769760000055 ], [ 90.462323440000034, 23.780350170000077 ], [ 90.462321882000083, 23.779909848000045 ], [ 90.461962087000074, 23.779470598000046 ], [ 90.461242824000067, 23.779032423000046 ], [ 90.460285562000081, 23.778594952000049 ], [ 90.459791477000067, 23.777993514000059 ], [ 90.459745274000056, 23.777937199000064 ], [ 90.459443257000032, 23.777003250000064 ], [ 90.459218103000069, 23.776592865000055 ], [ 90.459082094000053, 23.776344962000053 ], [ 90.458786006000082, 23.775535759000036 ], [ 90.458719772000052, 23.775354739000022 ], [ 90.458837462000076, 23.774805674000049 ], [ 90.459375028000068, 23.774693428000035 ], [ 90.460690163000038, 23.77468951000003 ], [ 90.461466538000082, 23.774632999000062 ], [ 90.461506315000065, 23.774605783000027 ], [ 90.462181859000054, 23.774136336000026 ], [ 90.462180303000082, 23.773696016000031 ], [ 90.462177484000051, 23.773692574000052 ], [ 90.461820522000039, 23.773256763000063 ], [ 90.461303814000075, 23.773018950000051 ], [ 90.46126130600004, 23.772737426000049 ], [ 90.461227815000086, 23.77251562400005 ], [ 90.461100272000067, 23.772527295000032 ], [ 90.46091995900008, 23.772360735000063 ], [ 90.46076064500005, 23.772234758000025 ], [ 90.460590809000053, 23.772081714000024 ], [ 90.46050639200007, 23.771973578000029 ], [ 90.460621567000032, 23.771758715000033 ], [ 90.460790590000045, 23.771681435000062 ], [ 90.460843209000075, 23.771642891000056 ], [ 90.460863579000033, 23.771505087000037 ], [ 90.460831921000079, 23.771399053000039 ], [ 90.460715100000073, 23.771320367000044 ], [ 90.460355694000043, 23.77133273000004 ], [ 90.460123427000042, 23.771392133000063 ], [ 90.459943663000047, 23.771381377000068 ], [ 90.459753247000037, 23.771305171000051 ], [ 90.459742333000065, 23.771167458000036 ], [ 90.459815155000058, 23.77094369100007 ], [ 90.459940862000053, 23.770584279000047 ], [ 90.460060507000037, 23.77043285700006 ], [ 90.46014116300006, 23.770330778000073 ], [ 90.46043568500005, 23.770009250000044 ], [ 90.460878539000078, 23.769657926000036 ], [ 90.461131619000071, 23.769413296000039 ], [ 90.461204811000073, 23.769295656000054 ], [ 90.461214729000062, 23.769151110000053 ], [ 90.461098488000061, 23.769063392000078 ], [ 90.460971179000069, 23.768966673000023 ], [ 90.460621307000054, 23.768723844000078 ], [ 90.460494375000053, 23.768559382000035 ], [ 90.46045143200007, 23.768383378000067 ], [ 90.460429415000078, 23.768227637000052 ], [ 90.460430061000068, 23.768224301000032 ], [ 90.460470982000061, 23.76801299300007 ], [ 90.46047033900004, 23.767830090000075 ], [ 90.460481865000077, 23.767805677000069 ], [ 90.460544007000067, 23.767674063000072 ], [ 90.460690734000082, 23.767362009000067 ], [ 90.460821464000048, 23.76713548500004 ], [ 90.460921792000079, 23.766961637000065 ], [ 90.460750720000078, 23.766946081000071 ], [ 90.460597806000067, 23.766932175000022 ], [ 90.460265910000032, 23.76706699500005 ], [ 90.460090889000071, 23.767180531000065 ], [ 90.460058652000043, 23.767201444000023 ], [ 90.459986981000043, 23.767212657000073 ], [ 90.459560370000077, 23.767279402000042 ], [ 90.459250759000042, 23.767310328000065 ], [ 90.459022746000073, 23.767333104000045 ], [ 90.458771267000031, 23.767358222000041 ], [ 90.458707247000063, 23.767366147000075 ], [ 90.458418172000052, 23.767401929000073 ], [ 90.458278961000076, 23.767415960000051 ], [ 90.457587538000041, 23.767485647000058 ], [ 90.457071389000077, 23.767491011000061 ], [ 90.456818575000057, 23.767493638000076 ], [ 90.456736550000073, 23.767494490000047 ], [ 90.456644561000076, 23.767495446000055 ], [ 90.456622918000051, 23.767495670000073 ], [ 90.456486596000047, 23.767500721000033 ], [ 90.456450308000058, 23.767502065000031 ], [ 90.456447667000077, 23.767502163000074 ], [ 90.456132419000085, 23.767524637000065 ], [ 90.456065958000067, 23.767529375000038 ], [ 90.45579026200005, 23.767549028000076 ], [ 90.455532980000044, 23.767567369000062 ], [ 90.455364142000064, 23.767579405000049 ], [ 90.455330164000031, 23.767581827000072 ], [ 90.454915408000033, 23.767611391000059 ], [ 90.454815721000045, 23.767618497000058 ], [ 90.454611642000032, 23.767633044000036 ], [ 90.454557771000054, 23.767637530000059 ], [ 90.454289138000036, 23.767659900000069 ], [ 90.453937260000032, 23.767689200000063 ], [ 90.453854206000074, 23.767696116000025 ], [ 90.453631138000048, 23.767714690000048 ], [ 90.45346539600007, 23.767728491000071 ], [ 90.453216600000076, 23.767749207000065 ], [ 90.452276658000073, 23.767827468000064 ], [ 90.451507191000076, 23.767891530000043 ], [ 90.451413483000067, 23.767899331000024 ], [ 90.451248668000062, 23.767910460000053 ], [ 90.450408406000065, 23.76796719400005 ], [ 90.449949520000075, 23.767998176000049 ], [ 90.449211551000076, 23.768047997000053 ], [ 90.449193855000033, 23.768049192000035 ], [ 90.449158931000056, 23.767714946000069 ], [ 90.44914153700006, 23.767548473000033 ], [ 90.449112964000051, 23.76727500100003 ], [ 90.449073037000062, 23.766892861000031 ], [ 90.449063394000063, 23.766767823000066 ], [ 90.449044877000063, 23.766527678000045 ], [ 90.449042882000072, 23.766508878000025 ], [ 90.449042856000062, 23.766501472000073 ], [ 90.449042779000081, 23.766479079000078 ], [ 90.449062881000032, 23.766477874000032 ], [ 90.449039483000035, 23.766236024000023 ], [ 90.449027781000041, 23.766115074000027 ], [ 90.449015394000071, 23.765908791000072 ], [ 90.44900498100003, 23.76573537400003 ], [ 90.448976581000068, 23.765339374000064 ], [ 90.448928081000076, 23.764855074000025 ], [ 90.448927701000059, 23.76483227500006 ], [ 90.448927224000045, 23.764803607000033 ], [ 90.45263536200008, 23.764502844000049 ], [ 90.452669419000074, 23.764500081000051 ], [ 90.452675231000057, 23.76449976300006 ], [ 90.452674872000046, 23.764495694000061 ], [ 90.452669181000033, 23.764431374000026 ], [ 90.452627681000081, 23.76396227400005 ], [ 90.452620981000052, 23.763937774000055 ], [ 90.452452170000072, 23.761714312000038 ], [ 90.452434165000057, 23.761418913000057 ], [ 90.452367848000051, 23.760330913000075 ], [ 90.451543629000071, 23.760296346000075 ], [ 90.451004567000041, 23.760315986000023 ], [ 90.450771540000062, 23.760327957000072 ], [ 90.450602872000047, 23.760328449000042 ], [ 90.450539083000081, 23.760328634000075 ], [ 90.450492119000046, 23.760326122000038 ], [ 90.450489514000083, 23.760432322000042 ], [ 90.450485038000068, 23.760614763000035 ], [ 90.450468608000051, 23.761284395000075 ], [ 90.450198578000084, 23.761299757000074 ], [ 90.44912905800004, 23.761360597000078 ], [ 90.448651639000047, 23.761387753000065 ], [ 90.448656137000057, 23.761456387000067 ], [ 90.448672956000053, 23.761713033000035 ], [ 90.448696858000062, 23.76207776800004 ], [ 90.447648350000065, 23.762161251000066 ], [ 90.446159397000031, 23.762286006000068 ], [ 90.445592375000047, 23.762304849000031 ], [ 90.445157661000053, 23.76225572900006 ], [ 90.445111181000073, 23.762250477000066 ], [ 90.444530885000063, 23.762322606000055 ], [ 90.444491769000081, 23.762327468000024 ], [ 90.444463387000042, 23.76233099500007 ], [ 90.443872355000053, 23.76240445600007 ], [ 90.443816900000058, 23.762408080000057 ], [ 90.443656377000082, 23.762418569000033 ], [ 90.443392810000034, 23.76243579000004 ], [ 90.442813321000074, 23.762456187000055 ], [ 90.442792651000047, 23.76245691400004 ], [ 90.442135587000053, 23.762480039000025 ], [ 90.441950924000082, 23.762485553000033 ], [ 90.441884752000078, 23.762487529000055 ], [ 90.441497565000077, 23.762531136000064 ], [ 90.44123335200004, 23.762560894000046 ], [ 90.440846539000063, 23.762604457000066 ], [ 90.440321295000047, 23.762663609000072 ], [ 90.440258319000066, 23.762664278000045 ], [ 90.439158416000055, 23.762675952000052 ], [ 90.438667019000036, 23.762645735000035 ], [ 90.438645701000041, 23.762644462000026 ], [ 90.438567576000082, 23.762639795000041 ], [ 90.438017348000074, 23.76260693200004 ], [ 90.437478955000074, 23.762646844000074 ], [ 90.436997572000053, 23.762860469000032 ], [ 90.436726142000055, 23.762991052000075 ], [ 90.436671791000038, 23.763017199000046 ], [ 90.436476163000066, 23.763026784000033 ], [ 90.436275629000079, 23.763036384000031 ], [ 90.435965058000079, 23.763046164000059 ], [ 90.435724279000056, 23.763053746000026 ], [ 90.435609532000058, 23.763077816000077 ], [ 90.435159573000078, 23.763172201000032 ], [ 90.434848368000075, 23.763237479000054 ], [ 90.434785886000043, 23.763250585000037 ], [ 90.434266775000083, 23.763371726000059 ], [ 90.433824728000047, 23.763427161000038 ], [ 90.433814921000078, 23.763429447000078 ], [ 90.433822436000071, 23.763560912000059 ], [ 90.433822964000058, 23.763570149000032 ], [ 90.43323579500003, 23.763689661000058 ], [ 90.433174663000045, 23.763706094000042 ], [ 90.433067023000035, 23.763735030000078 ], [ 90.432740624000076, 23.763092742000026 ], [ 90.432673950000037, 23.762953122000056 ], [ 90.432607454000049, 23.76286727400003 ], [ 90.432488827000043, 23.762736326000038 ], [ 90.432407983000076, 23.762510518000056 ], [ 90.432325088000084, 23.76233620000005 ], [ 90.432307188000038, 23.762335427000039 ], [ 90.43223964200007, 23.762169051000058 ], [ 90.432207474000052, 23.762097070000038 ], [ 90.432158904000062, 23.761943964000068 ], [ 90.432148536000057, 23.761940939000056 ], [ 90.432102950000058, 23.761817750000034 ], [ 90.432095550000042, 23.761763993000045 ], [ 90.432134701000052, 23.761752872000045 ], [ 90.432051267000077, 23.761524292000047 ], [ 90.432043407000037, 23.761502757000073 ], [ 90.432042230000036, 23.761499535000041 ], [ 90.432030904000044, 23.761468505000039 ], [ 90.431996800000036, 23.761375072000078 ], [ 90.431983522000053, 23.761378663000073 ], [ 90.431891539000048, 23.761403535000056 ], [ 90.431889625000053, 23.761404053000035 ], [ 90.431790832000047, 23.761430767000036 ], [ 90.431783696000082, 23.761432696000043 ], [ 90.431678790000035, 23.761461064000059 ], [ 90.431599131000041, 23.761247121000054 ], [ 90.431508067000038, 23.761276745000032 ], [ 90.431493010000054, 23.761280647000035 ], [ 90.431427166000049, 23.761102809000079 ], [ 90.431313694000039, 23.761135724000042 ], [ 90.431302155000083, 23.761100767000073 ], [ 90.43125258300006, 23.760949628000049 ], [ 90.431149839000057, 23.760973574000047 ], [ 90.431096344000082, 23.760813842000061 ], [ 90.431082587000049, 23.760771479000027 ], [ 90.430305500000031, 23.760997373000066 ], [ 90.430228330000034, 23.76082946300005 ], [ 90.430225551000035, 23.760823416000051 ], [ 90.430194202000052, 23.760755206000056 ], [ 90.430179273000078, 23.760722724000061 ], [ 90.430171907000044, 23.760706698000035 ], [ 90.430164575000049, 23.760690743000055 ], [ 90.430143825000073, 23.760645595000028 ], [ 90.430141701000082, 23.760640973000022 ], [ 90.429966401000058, 23.760267973000055 ], [ 90.429933135000056, 23.760194044000059 ], [ 90.429920100000061, 23.760165073000053 ], [ 90.429884173000062, 23.760085374000028 ], [ 90.429848200000038, 23.760005573000058 ], [ 90.429805763000047, 23.75991123700004 ], [ 90.429801101000066, 23.759900873000049 ], [ 90.429797077000046, 23.75989194400006 ], [ 90.429785343000049, 23.759865902000058 ], [ 90.42971199200008, 23.759703116000026 ], [ 90.429702600000041, 23.759682273000067 ], [ 90.429657900000052, 23.759583174000056 ], [ 90.429633301000081, 23.759528573000068 ], [ 90.429595198000072, 23.759440451000046 ], [ 90.429591088000052, 23.759430946000066 ], [ 90.429572949000033, 23.759388993000073 ], [ 90.429569291000064, 23.759380533000069 ], [ 90.429549696000038, 23.759335214000032 ], [ 90.429547300000081, 23.759329673000025 ], [ 90.429512900000077, 23.759249973000067 ], [ 90.429411500000072, 23.759015173000023 ], [ 90.42936990000004, 23.758927873000061 ], [ 90.429320300000086, 23.758823573000029 ], [ 90.429314017000081, 23.75881669100005 ], [ 90.429288800000052, 23.758789074000049 ], [ 90.429256499000076, 23.758753673000058 ], [ 90.429233152000052, 23.758737189000044 ], [ 90.429206792000059, 23.758718578000071 ], [ 90.429187500000069, 23.758704957000077 ], [ 90.429176900000073, 23.75869747400003 ], [ 90.428672400000039, 23.758466974000044 ], [ 90.428626441000063, 23.758448117000057 ], [ 90.428363299000068, 23.758340151000027 ], [ 90.428267682000069, 23.758300920000067 ], [ 90.428027500000042, 23.758202374000064 ], [ 90.42798917500005, 23.758183342000052 ], [ 90.427892087000032, 23.758135130000028 ], [ 90.42788721800008, 23.758132713000066 ], [ 90.427763355000081, 23.758071204000032 ], [ 90.427500500000065, 23.757940674000054 ], [ 90.427380425000081, 23.758251533000077 ], [ 90.427363490000062, 23.758295377000024 ], [ 90.427360505000081, 23.75830310200007 ], [ 90.427360400000055, 23.758303374000036 ], [ 90.427016731000037, 23.758175216000041 ], [ 90.426959500000066, 23.758153874000072 ], [ 90.426669253000057, 23.758045716000026 ], [ 90.42659892000006, 23.758019507000029 ], [ 90.426174072000038, 23.757951508000076 ], [ 90.426110269000048, 23.757941295000023 ], [ 90.426184079000052, 23.757723830000032 ], [ 90.426214406000042, 23.757634474000042 ], [ 90.426244385000075, 23.757546148000074 ], [ 90.426300206000064, 23.757381680000037 ], [ 90.426266515000066, 23.757366251000064 ], [ 90.426311458000043, 23.757272071000045 ], [ 90.426344091000033, 23.757246887000065 ], [ 90.426378867000039, 23.757162191000077 ], [ 90.426403907000065, 23.756957790000058 ], [ 90.426427259000036, 23.756785219000051 ], [ 90.426559825000083, 23.75679401900004 ], [ 90.426664643000038, 23.75654409200007 ], [ 90.426654830000075, 23.756544119000068 ], [ 90.426706721000073, 23.756401008000068 ], [ 90.426846519000037, 23.75641870000004 ], [ 90.426893427000039, 23.756227292000062 ], [ 90.426944576000039, 23.755988166000066 ], [ 90.426868530000036, 23.755954749000068 ], [ 90.426787897000054, 23.755919315000028 ], [ 90.426799926000058, 23.755819378000069 ], [ 90.426828226000055, 23.755584258000056 ], [ 90.426833262000059, 23.755590249000022 ], [ 90.426883633000045, 23.755317471000069 ], [ 90.426952125000071, 23.755279097000027 ], [ 90.426937907000081, 23.755230640000036 ], [ 90.426913384000045, 23.75514706000007 ], [ 90.426943706000031, 23.754891262000058 ], [ 90.426924341000074, 23.754855878000058 ], [ 90.426883631000067, 23.754781495000032 ], [ 90.426924353000061, 23.75472880600006 ], [ 90.426963036000075, 23.754648042000042 ], [ 90.426953105000052, 23.754588323000064 ], [ 90.426938975000041, 23.754508198000053 ], [ 90.426715157000046, 23.754501998000023 ], [ 90.426716234000082, 23.754494445000034 ], [ 90.426722237000035, 23.754452387000072 ], [ 90.426741466000067, 23.754317671000024 ], [ 90.426747130000081, 23.754277983000065 ], [ 90.42674721700007, 23.754277373000036 ], [ 90.426749349000033, 23.754262438000069 ], [ 90.426791456000046, 23.753967416000023 ], [ 90.426793012000076, 23.753951676000042 ], [ 90.426807113000052, 23.753809038000043 ], [ 90.426818766000054, 23.75370891700004 ], [ 90.426820924000083, 23.753690382000059 ], [ 90.426848155000073, 23.753456422000056 ], [ 90.426847093000049, 23.753130808000037 ], [ 90.426849559000061, 23.752891817000034 ], [ 90.426843051000048, 23.752687481000066 ], [ 90.426709644000084, 23.752692282000055 ], [ 90.426413306000086, 23.752702945000067 ], [ 90.426233034000063, 23.752709430000039 ], [ 90.425947312000062, 23.752719710000065 ], [ 90.425524605000078, 23.75267432000004 ], [ 90.425478444000078, 23.752677360000064 ], [ 90.425456889000031, 23.75253527700005 ], [ 90.425456716000042, 23.752534142000059 ], [ 90.425445938000053, 23.752389659000073 ], [ 90.425439544000085, 23.752303949000066 ], [ 90.425440131000073, 23.752303884000071 ], [ 90.425435856000036, 23.75225449800007 ], [ 90.425309718000051, 23.751751547000026 ], [ 90.425304511000036, 23.751730784000074 ], [ 90.42522781100007, 23.751413285000069 ], [ 90.425206395000032, 23.751324652000051 ], [ 90.425206372000048, 23.751324558000078 ], [ 90.425203311000075, 23.751311885000064 ], [ 90.425140611000074, 23.751043285000037 ], [ 90.425135970000042, 23.751023756000052 ], [ 90.425131011000076, 23.751002885000048 ], [ 90.425091433000034, 23.750920459000042 ], [ 90.425091415000054, 23.750920422000036 ], [ 90.425090941000065, 23.750905432000025 ], [ 90.425087232000067, 23.750902103000044 ], [ 90.425079123000046, 23.750894823000067 ], [ 90.425028582000039, 23.750789566000037 ], [ 90.424972311000033, 23.750672377000058 ], [ 90.424881893000077, 23.750743424000063 ], [ 90.424591326000041, 23.750974550000024 ], [ 90.42426653800004, 23.751161414000023 ], [ 90.424216684000044, 23.751190097000062 ], [ 90.423906247000048, 23.751346759000057 ], [ 90.423885743000085, 23.751353374000075 ], [ 90.42387040300008, 23.751358324000023 ], [ 90.423598276000064, 23.751446129000044 ], [ 90.423567447000039, 23.751456076000068 ], [ 90.423172914000077, 23.751590385000043 ], [ 90.423134824000044, 23.751600994000057 ], [ 90.423082840000063, 23.751615470000047 ], [ 90.422960918000058, 23.751654192000046 ], [ 90.422956904000046, 23.751655433000053 ], [ 90.422838096000078, 23.751692148000075 ], [ 90.422732382000049, 23.751724817000024 ], [ 90.422512728000072, 23.751795427000047 ], [ 90.422456070000067, 23.751813641000069 ], [ 90.422170829000038, 23.751898518000075 ], [ 90.422042486000066, 23.751936707000027 ], [ 90.421886906000054, 23.751984711000034 ], [ 90.421614213000055, 23.752068848000079 ], [ 90.421304743000064, 23.752146466000056 ], [ 90.421171362000052, 23.752177380000035 ], [ 90.421165465000058, 23.75216019100003 ], [ 90.42112214000008, 23.75217095000005 ], [ 90.421105970000042, 23.752174966000041 ], [ 90.421076008000057, 23.752182407000078 ], [ 90.420891808000079, 23.752225907000025 ], [ 90.420594478000055, 23.752283451000039 ], [ 90.420461838000051, 23.752309121000053 ], [ 90.420437108000044, 23.75231390700003 ], [ 90.420211918000064, 23.752332869000043 ], [ 90.419987008000078, 23.752351808000071 ], [ 90.419657438000058, 23.752372554000033 ], [ 90.419556639000064, 23.752378899000064 ], [ 90.419303536000086, 23.752394830000071 ], [ 90.419298529000059, 23.752395145000037 ], [ 90.419246709000049, 23.752398407000044 ], [ 90.419134909000036, 23.752407708000078 ], [ 90.418981509000048, 23.752410608000048 ], [ 90.418906994000054, 23.752411736000056 ], [ 90.418856009000081, 23.752412508000077 ], [ 90.418380409000065, 23.75239590700005 ], [ 90.418191567000065, 23.752383374000033 ], [ 90.418154409000067, 23.752380907000031 ], [ 90.418136808000042, 23.752377484000078 ], [ 90.417953910000051, 23.752341908000062 ], [ 90.417909844000064, 23.752329790000033 ], [ 90.417489910000086, 23.752214308000077 ], [ 90.417406218000053, 23.752182688000062 ], [ 90.417236610000032, 23.752118608000046 ], [ 90.417121574000078, 23.75207368100007 ], [ 90.417059915000038, 23.752049599000031 ], [ 90.417044844000031, 23.752043713000035 ], [ 90.417000243000075, 23.75200931300003 ], [ 90.416882043000044, 23.751912313000048 ], [ 90.416818943000067, 23.751847313000042 ], [ 90.416761543000064, 23.751787712000066 ], [ 90.416675443000031, 23.751687713000024 ], [ 90.416622343000085, 23.751603013000079 ], [ 90.416545543000041, 23.751464713000075 ], [ 90.416536786000052, 23.751442350000048 ], [ 90.416492771000037, 23.75132995000007 ], [ 90.41644404300007, 23.751205513000059 ], [ 90.416347119000079, 23.75089667900005 ], [ 90.416280344000086, 23.750683913000046 ], [ 90.416251748000036, 23.750554195000063 ], [ 90.416204347000075, 23.750339177000058 ], [ 90.416200144000072, 23.750320109000029 ], [ 90.416199164000034, 23.750315667000052 ], [ 90.416198843000075, 23.750314213000024 ], [ 90.416168969000069, 23.750132906000033 ], [ 90.416137609000032, 23.749942582000074 ], [ 90.41612344400005, 23.749856613000077 ], [ 90.416070043000047, 23.749481313000047 ], [ 90.416067686000076, 23.749464741000054 ], [ 90.416065884000034, 23.749452081000072 ], [ 90.416064212000038, 23.749440328000048 ], [ 90.416060480000056, 23.749414104000039 ], [ 90.415615320000086, 23.749472689000072 ], [ 90.415367403000062, 23.749505315000079 ], [ 90.415246866000075, 23.749521372000061 ], [ 90.415169908000053, 23.749531623000053 ], [ 90.414593174000061, 23.749608444000046 ], [ 90.41436261900003, 23.749639154000079 ], [ 90.414053525000043, 23.749680325000043 ], [ 90.414049037000041, 23.749680922000039 ], [ 90.413936213000056, 23.749694946000034 ], [ 90.413598240000056, 23.74973695500006 ], [ 90.413498836000031, 23.749749311000073 ], [ 90.413197908000086, 23.749826592000034 ], [ 90.412962519000075, 23.749912487000074 ], [ 90.412882299000046, 23.749924069000031 ], [ 90.412753680000037, 23.749664867000035 ], [ 90.41275268000004, 23.74966285000005 ], [ 90.412737909000043, 23.749635848000025 ], [ 90.412580738000031, 23.749657494000076 ], [ 90.412553149000075, 23.749661303000039 ], [ 90.412092002000065, 23.749724972000024 ], [ 90.411837514000069, 23.749760108000032 ], [ 90.411825400000055, 23.749761780000028 ], [ 90.411674317000063, 23.749782639000045 ], [ 90.411673577000045, 23.749782741000047 ], [ 90.411661825000067, 23.74978436400005 ], [ 90.411459479000087, 23.749812300000031 ], [ 90.41145713700007, 23.749812623000025 ], [ 90.411156455000082, 23.749854136000067 ], [ 90.411133945000074, 23.749692200000027 ], [ 90.411130648000039, 23.749630745000047 ], [ 90.411099672000034, 23.749631846000057 ], [ 90.411091559000056, 23.749540429000035 ], [ 90.41108425200008, 23.749445810000054 ], [ 90.411140332000059, 23.749445661000038 ], [ 90.411159076000047, 23.749445611000056 ], [ 90.411223655000072, 23.749439704000054 ], [ 90.411221032000071, 23.749382393000076 ], [ 90.411295598000038, 23.749367396000025 ], [ 90.411618855000086, 23.749333790000037 ], [ 90.411617652000075, 23.749321442000053 ], [ 90.411607106000076, 23.749213228000031 ], [ 90.411606723000034, 23.74920929700005 ], [ 90.411603622000086, 23.749178197000049 ], [ 90.411594322000042, 23.749102097000048 ], [ 90.411556823000069, 23.748940397000069 ], [ 90.41152332300004, 23.748918697000079 ], [ 90.411257341000066, 23.748941719000072 ], [ 90.411209884000073, 23.748945826000067 ], [ 90.41115463400007, 23.748950609000076 ], [ 90.411146833000032, 23.748831709000058 ], [ 90.411132439000085, 23.748755292000055 ], [ 90.411114438000084, 23.748659719000045 ], [ 90.411107298000047, 23.748621814000046 ], [ 90.41108106300004, 23.748482529000057 ], [ 90.411074074000055, 23.748453304000066 ], [ 90.411028359000056, 23.748451689000035 ], [ 90.410903839000071, 23.748451418000059 ], [ 90.410901913000032, 23.748450563000063 ], [ 90.410803996000084, 23.748451897000052 ], [ 90.410804648000067, 23.748401934000071 ], [ 90.410806307000087, 23.748361076000037 ], [ 90.410793819000048, 23.748353015000077 ], [ 90.410752180000031, 23.748321580000038 ], [ 90.410735535000072, 23.74831206500005 ], [ 90.410685671000067, 23.748284199000068 ], [ 90.410664765000035, 23.748347090000038 ], [ 90.41060839000005, 23.748334218000025 ], [ 90.410582035000061, 23.748328851000053 ], [ 90.410581784000044, 23.748335672000053 ], [ 90.410562225000035, 23.748385771000073 ], [ 90.410538959000064, 23.748418096000023 ], [ 90.410472304000052, 23.748399563000078 ], [ 90.410358118000033, 23.748387286000025 ], [ 90.41035910800008, 23.748376051000037 ], [ 90.410362227000064, 23.74834063000003 ], [ 90.410356840000077, 23.74828298400007 ], [ 90.410355717000073, 23.748270970000078 ], [ 90.410354286000086, 23.748255654000047 ], [ 90.410250234000046, 23.748255567000058 ], [ 90.410144567000032, 23.748256086000026 ], [ 90.410127430000045, 23.748255415000074 ], [ 90.410101959000031, 23.748246879000078 ], [ 90.410073373000046, 23.748238112000024 ], [ 90.41001962100006, 23.748235387000022 ], [ 90.409913953000057, 23.748235428000044 ], [ 90.409910360000083, 23.748248821000061 ], [ 90.409902653000074, 23.748274891000051 ], [ 90.409897503000082, 23.74828876600003 ], [ 90.409890093000058, 23.748290962000056 ], [ 90.409680359000049, 23.748285549000059 ], [ 90.409676502000082, 23.748314969000035 ], [ 90.409492183000054, 23.748296073000063 ], [ 90.409420517000058, 23.748293395000076 ], [ 90.409398924000072, 23.748362280000038 ], [ 90.409391309000057, 23.748418223000044 ], [ 90.409378901000082, 23.748435463000078 ], [ 90.409360244000084, 23.748446984000054 ], [ 90.40932005600007, 23.748443176000023 ], [ 90.409249594000073, 23.748431504000052 ], [ 90.40916364900005, 23.748345696000058 ], [ 90.409087023000041, 23.748251261000064 ], [ 90.409000143000071, 23.748148524000044 ], [ 90.408950394000044, 23.748185117000048 ], [ 90.408920808000062, 23.748206880000055 ], [ 90.408766562000039, 23.748320337000052 ], [ 90.408704233000037, 23.74836618300003 ], [ 90.408472002000053, 23.748537001000045 ], [ 90.408450584000036, 23.748552755000048 ], [ 90.408019347000049, 23.748808758000052 ], [ 90.407912100000033, 23.748860035000064 ], [ 90.40783529600003, 23.748884791000023 ], [ 90.407403737000038, 23.749023886000032 ], [ 90.407194799000081, 23.749068426000065 ], [ 90.407141255000056, 23.749079840000036 ], [ 90.406858876000058, 23.74914003400005 ], [ 90.406511094000052, 23.749179188000028 ], [ 90.406339459000037, 23.74918358900004 ], [ 90.406275766000078, 23.749185222000051 ], [ 90.406095719000064, 23.749189839000053 ], [ 90.406035966000047, 23.749189996000041 ], [ 90.405732241000067, 23.749190793000025 ], [ 90.405627553000045, 23.749176508000062 ], [ 90.405531479000047, 23.749163397000075 ], [ 90.405285488000061, 23.749129829000026 ], [ 90.405233601000077, 23.749114722000058 ], [ 90.405082020000066, 23.749070588000052 ], [ 90.404970792000086, 23.749038203000055 ], [ 90.404911285000082, 23.749020877000078 ], [ 90.404673966000075, 23.748935002000053 ], [ 90.404334262000077, 23.74881208000005 ], [ 90.403873759000078, 23.748665825000046 ], [ 90.403848477000054, 23.748657795000042 ], [ 90.40375212400005, 23.748627194000051 ], [ 90.403729545000033, 23.748620559000074 ], [ 90.403643942000031, 23.748595404000071 ], [ 90.403097924000065, 23.748434951000036 ], [ 90.402962138000078, 23.748395049000067 ], [ 90.402747321000049, 23.748315536000064 ], [ 90.402678029000072, 23.748289888000045 ], [ 90.402385108000033, 23.748181465000073 ], [ 90.402331656000058, 23.748161162000031 ], [ 90.402318907000051, 23.748156320000078 ], [ 90.402169534000052, 23.748099581000076 ], [ 90.40192674900004, 23.748007360000031 ], [ 90.401921044000062, 23.748005192000051 ], [ 90.401415118000045, 23.747813016000066 ], [ 90.401169457000037, 23.74771970200004 ], [ 90.401147839000032, 23.747711490000029 ], [ 90.401112388000058, 23.747698611000033 ], [ 90.401062834000072, 23.747680606000074 ], [ 90.400579417000074, 23.747504971000069 ], [ 90.400297181000042, 23.747402428000044 ], [ 90.400234070000067, 23.747379498000043 ], [ 90.400128971000072, 23.747341313000049 ], [ 90.399783093000053, 23.747250202000032 ], [ 90.399472742000057, 23.747168449000071 ], [ 90.399351099000057, 23.747136405000049 ], [ 90.399240083000052, 23.747107160000041 ], [ 90.399068844000055, 23.747062051000057 ], [ 90.398969617000034, 23.747034448000022 ], [ 90.398759025000061, 23.74697586700006 ], [ 90.398616391000076, 23.746936189000053 ], [ 90.398236003000079, 23.746830373000023 ], [ 90.398216354000056, 23.746824907000075 ], [ 90.398138266000046, 23.746803185000033 ], [ 90.398001879000049, 23.746765243000027 ], [ 90.397864885000047, 23.746727134000025 ], [ 90.397862063000048, 23.746726349000028 ], [ 90.397635791000084, 23.74666340400006 ], [ 90.39758772600004, 23.746650033000037 ], [ 90.397528901000044, 23.746633626000062 ], [ 90.397464819000049, 23.746615753000071 ], [ 90.397122445000036, 23.746520261000057 ], [ 90.397091445000058, 23.746511614000042 ], [ 90.397070642000074, 23.746505812000066 ], [ 90.396837887000061, 23.746440893000056 ], [ 90.396810800000083, 23.746433339000077 ], [ 90.396530853000058, 23.746355257000062 ], [ 90.396170592000033, 23.746254773000032 ], [ 90.396127403000037, 23.746242727000038 ], [ 90.395805795000058, 23.746157951000043 ], [ 90.395229854000036, 23.746006132000048 ], [ 90.395225029000073, 23.746004860000028 ], [ 90.394762373000049, 23.745882899000037 ], [ 90.394731870000044, 23.745991016000062 ], [ 90.39469949000005, 23.746031745000039 ], [ 90.394370319000075, 23.746983353000076 ], [ 90.393996651000066, 23.748063582000043 ], [ 90.393958503000079, 23.748172338000074 ], [ 90.393934021000064, 23.74824213100004 ], [ 90.393899283000053, 23.748309681000023 ], [ 90.393878596000036, 23.748349911000048 ], [ 90.393121251000082, 23.749822619000042 ], [ 90.393096248000063, 23.749870101000056 ], [ 90.393092589000048, 23.749876887000028 ], [ 90.393088930000033, 23.749883670000031 ], [ 90.393075198000076, 23.749910756000077 ], [ 90.392935426000065, 23.749918752000042 ], [ 90.39284406400003, 23.749923978000027 ], [ 90.392823864000036, 23.74992757900003 ], [ 90.391861964000043, 23.750099878000071 ], [ 90.391282924000052, 23.750214658000061 ], [ 90.391112540000051, 23.750248431000045 ], [ 90.390579064000065, 23.750354177000077 ], [ 90.38978176300003, 23.750509077000061 ], [ 90.389593489000049, 23.750548389000073 ], [ 90.389536745000044, 23.750560237000059 ], [ 90.389138563000074, 23.750643377000074 ], [ 90.388803921000033, 23.750677881000058 ], [ 90.388653623000039, 23.750693378000051 ], [ 90.388631032000035, 23.750697320000029 ], [ 90.388233527000068, 23.750766669000029 ], [ 90.388046250000059, 23.750799341000061 ], [ 90.387675030000082, 23.750864102000037 ], [ 90.387136824000038, 23.750957995000078 ], [ 90.38715731800005, 23.751099489000069 ], [ 90.387163900000076, 23.751117112000031 ], [ 90.387159548000056, 23.751118016000078 ], [ 90.386899044000074, 23.751168346000043 ], [ 90.386670602000038, 23.751246697000056 ], [ 90.38663375200008, 23.751259335000043 ], [ 90.386548678000054, 23.751289050000025 ], [ 90.386517128000037, 23.751300069000024 ], [ 90.386405840000066, 23.751338940000039 ], [ 90.386389914000063, 23.751345753000066 ], [ 90.386206782000045, 23.751429761000054 ], [ 90.386117444000035, 23.751479631000052 ], [ 90.385983296000063, 23.751554515000066 ], [ 90.385832736000054, 23.751661022000064 ], [ 90.385817436000082, 23.751672351000025 ], [ 90.385784378000039, 23.751692757000058 ], [ 90.385694990000047, 23.751744918000043 ], [ 90.385695029000033, 23.751758466000069 ], [ 90.385623426000052, 23.75181057900005 ], [ 90.385604626000031, 23.751828113000045 ], [ 90.38557970100004, 23.751851360000046 ], [ 90.385465627000031, 23.751957751000077 ], [ 90.385408725000048, 23.752021723000041 ], [ 90.385348871000076, 23.752089013000045 ], [ 90.385325539000064, 23.75211495800005 ], [ 90.385181985000031, 23.752274594000028 ], [ 90.385167298000056, 23.752285920000077 ], [ 90.385126994000075, 23.752319346000036 ], [ 90.385126124000067, 23.752320066000038 ], [ 90.384978858000068, 23.752442200000075 ], [ 90.384874903000082, 23.752505232000033 ], [ 90.384840496000038, 23.752526094000075 ], [ 90.384781113000031, 23.752562372000057 ], [ 90.38477746600006, 23.752564456000073 ], [ 90.384694988000035, 23.75261159400003 ], [ 90.384673964000058, 23.752623609000068 ], [ 90.384476705000054, 23.752700876000063 ], [ 90.384255487000075, 23.752764652000053 ], [ 90.384213319000082, 23.752770333000058 ], [ 90.384135939000032, 23.75278075600005 ], [ 90.383755841000038, 23.752833636000048 ], [ 90.383731596000075, 23.752834954000036 ], [ 90.383665886000074, 23.752838525000072 ], [ 90.38359403000004, 23.752842431000033 ], [ 90.383573908000074, 23.75284352500006 ], [ 90.383451075000039, 23.752850200000069 ], [ 90.383369215000073, 23.75293134900005 ], [ 90.383270670000059, 23.753029038000022 ], [ 90.383248033000086, 23.753047159000062 ], [ 90.383212545000049, 23.753076603000068 ], [ 90.383147379000036, 23.753136910000023 ], [ 90.383141594000051, 23.753142264000076 ], [ 90.382984047000036, 23.753167494000024 ], [ 90.382945867000046, 23.753164016000028 ], [ 90.38292653600007, 23.753162255000063 ], [ 90.382926753000049, 23.753158183000039 ], [ 90.382884336000075, 23.753153148000024 ], [ 90.382777635000082, 23.753134148000072 ], [ 90.382658136000032, 23.753077348000033 ], [ 90.382564435000063, 23.753014447000055 ], [ 90.382556149000038, 23.753152923000073 ], [ 90.382484666000039, 23.753145666000023 ], [ 90.382228572000031, 23.753119668000068 ], [ 90.38220463600004, 23.75329524700004 ], [ 90.382204596000065, 23.753295682000044 ], [ 90.382199175000039, 23.753295136000077 ], [ 90.382189425000035, 23.753294155000049 ], [ 90.382132981000041, 23.753288474000044 ], [ 90.381822336000084, 23.753257205000068 ], [ 90.381700304000049, 23.753244923000068 ], [ 90.381680978000077, 23.75324297700007 ], [ 90.381642383000042, 23.753243072000032 ], [ 90.381490853000059, 23.753243447000045 ], [ 90.381354112000054, 23.753252817000032 ], [ 90.381203375000041, 23.753300609000064 ], [ 90.381178598000076, 23.753330131000041 ], [ 90.381150202000072, 23.753363968000031 ], [ 90.381114801000081, 23.753422764000049 ], [ 90.380990155000063, 23.753431141000078 ], [ 90.380812468000045, 23.753443081000057 ], [ 90.380793735000054, 23.75327844800006 ], [ 90.380731635000075, 23.753097248000074 ], [ 90.380723635000038, 23.753087847000074 ], [ 90.380710235000038, 23.753082948000042 ], [ 90.380648264000058, 23.753085276000036 ], [ 90.38064890000004, 23.753100308000057 ], [ 90.380652270000041, 23.753180028000031 ], [ 90.380571919000033, 23.753177969000035 ], [ 90.38059163500003, 23.75341953800006 ], [ 90.380597884000053, 23.753454914000031 ], [ 90.380641397000034, 23.753701265000075 ], [ 90.380654074000063, 23.753773039000066 ], [ 90.380530283000041, 23.753782593000039 ], [ 90.380590407000057, 23.754245936000075 ], [ 90.380657127000063, 23.754239882000036 ], [ 90.380875038000056, 23.754236787000025 ], [ 90.380878700000039, 23.754274654000028 ], [ 90.380875725000067, 23.754306275000033 ], [ 90.380894071000057, 23.754496569000025 ], [ 90.380904742000041, 23.754607253000074 ], [ 90.380909243000076, 23.754653942000061 ], [ 90.380584975000033, 23.754715710000028 ], [ 90.380629028000044, 23.754889476000074 ], [ 90.380687427000055, 23.755146757000034 ], [ 90.380729101000043, 23.755135363000022 ], [ 90.380992953000032, 23.755059242000073 ], [ 90.38099743500004, 23.755057779000026 ], [ 90.380997506000085, 23.755057928000042 ], [ 90.380997985000079, 23.755059045000053 ], [ 90.381015749000085, 23.755100448000064 ], [ 90.381225585000038, 23.755589715000042 ], [ 90.381229696000048, 23.755599300000029 ], [ 90.381370440000069, 23.755910572000062 ], [ 90.381325422000032, 23.755925300000058 ], [ 90.381252509000035, 23.755949154000064 ], [ 90.38127045300007, 23.755996769000035 ], [ 90.381246143000055, 23.756005486000049 ], [ 90.38118161500006, 23.756027459000052 ], [ 90.381205148000049, 23.756085946000042 ], [ 90.381195769000044, 23.756091076000075 ], [ 90.381199516000038, 23.756096668000055 ], [ 90.381104520000065, 23.756140978000076 ], [ 90.381087684000079, 23.756150185000024 ], [ 90.381041242000038, 23.756175584000061 ], [ 90.380855176000068, 23.756267578000063 ], [ 90.380850863000035, 23.756269710000026 ], [ 90.380813302000035, 23.756288282000071 ], [ 90.380614367000078, 23.756386638000038 ], [ 90.380618286000072, 23.756410631000051 ], [ 90.380653081000048, 23.756623645000047 ], [ 90.380394273000036, 23.756628800000044 ], [ 90.380395257000032, 23.756967511000028 ], [ 90.379684328000053, 23.75693990700006 ], [ 90.379663185000084, 23.757055442000024 ], [ 90.379537934000041, 23.757739892000075 ], [ 90.37951750600007, 23.757851521000077 ], [ 90.379508117000057, 23.757902829000045 ], [ 90.379470594000054, 23.758107873000029 ], [ 90.379418394000083, 23.758507687000076 ], [ 90.379398154000057, 23.758507737000059 ], [ 90.378085424000062, 23.758443211000042 ], [ 90.376464785000053, 23.758372652000048 ], [ 90.376449584000056, 23.758372322000071 ], [ 90.375436154000056, 23.75835031400004 ], [ 90.374430225000083, 23.758330176000072 ], [ 90.374167072000034, 23.758319521000033 ], [ 90.374669890000064, 23.757430593000038 ], [ 90.374697520000041, 23.757381746000078 ], [ 90.37495309500008, 23.756929911000043 ], [ 90.37473680800008, 23.75680069200007 ], [ 90.374652925000078, 23.75674736600007 ], [ 90.374340490000066, 23.756548745000032 ], [ 90.374234824000041, 23.756488030000071 ], [ 90.374162944000034, 23.756445300000053 ], [ 90.373974323000084, 23.756330594000076 ], [ 90.373914533000061, 23.756292959000064 ], [ 90.373900995000042, 23.756309826000063 ], [ 90.373897707000083, 23.756307913000057 ], [ 90.373386907000054, 23.755994913000052 ], [ 90.373089714000059, 23.755807657000048 ], [ 90.372892663000073, 23.755683498000053 ], [ 90.372854011000072, 23.755659144000049 ], [ 90.372806506000074, 23.755629212000031 ], [ 90.372627026000032, 23.75551181000003 ], [ 90.372530107000046, 23.755448413000067 ], [ 90.372462836000068, 23.755407485000035 ], [ 90.37224180700008, 23.755273012000032 ], [ 90.372188108000046, 23.755236744000058 ], [ 90.371859364000045, 23.755014709000022 ], [ 90.371823932000041, 23.754990777000046 ], [ 90.371395208000081, 23.754701212000043 ], [ 90.370903608000049, 23.754408612000077 ], [ 90.369775007000044, 23.753754111000035 ], [ 90.369564406000052, 23.753622191000034 ], [ 90.369238608000046, 23.75341811100003 ], [ 90.368860107000046, 23.753215211000054 ], [ 90.368458912000051, 23.752963624000074 ], [ 90.368406108000045, 23.752930511000045 ], [ 90.368148717000054, 23.752781826000046 ], [ 90.367753308000033, 23.752553411000065 ], [ 90.367322908000062, 23.752312710000069 ], [ 90.367253575000063, 23.752273659000025 ], [ 90.367239108000035, 23.752265510000029 ], [ 90.36728041300006, 23.752212928000063 ], [ 90.367284210000037, 23.752208093000036 ], [ 90.367314738000061, 23.752169232000028 ], [ 90.366969886000049, 23.751997950000032 ], [ 90.366959380000083, 23.751954957000066 ], [ 90.36694241500004, 23.751945273000047 ], [ 90.366647250000085, 23.751776791000054 ], [ 90.366672036000068, 23.751736760000028 ], [ 90.36667785700007, 23.751727360000075 ], [ 90.366682409000077, 23.751720010000042 ], [ 90.366877955000064, 23.751432323000074 ], [ 90.366915221000056, 23.751377497000078 ], [ 90.367041653000058, 23.751191490000053 ], [ 90.367103695000083, 23.751100213000029 ], [ 90.367246997000052, 23.75088938500005 ], [ 90.367332988000044, 23.750762873000042 ], [ 90.36736185500007, 23.750720404000049 ], [ 90.367457228000035, 23.750580089000039 ], [ 90.367550591000054, 23.750442732000067 ], [ 90.367550809000079, 23.750442411000051 ], [ 90.367693866000081, 23.750217898000074 ], [ 90.367823504000057, 23.750014447000069 ], [ 90.36791153300004, 23.749876294000046 ], [ 90.367914191000068, 23.749872124000035 ], [ 90.367972657000053, 23.749780367000028 ], [ 90.368061931000057, 23.749640259000046 ], [ 90.368097007000074, 23.749585211000067 ], [ 90.368263173000059, 23.749324429000069 ], [ 90.368270453000036, 23.749313004000044 ], [ 90.368293865000055, 23.749276262000024 ], [ 90.368310167000061, 23.749250677000077 ], [ 90.368331320000038, 23.749217479000038 ], [ 90.368346209000038, 23.749194111000065 ], [ 90.368376990000058, 23.749153451000041 ], [ 90.368513673000052, 23.748972891000051 ], [ 90.368565015000058, 23.748905069000045 ], [ 90.368597610000052, 23.748862011000028 ], [ 90.368642507000061, 23.748793025000055 ], [ 90.368733150000082, 23.748653751000063 ], [ 90.368870844000071, 23.74844218100003 ], [ 90.368872128000078, 23.748440208000034 ], [ 90.368944608000049, 23.748328842000035 ], [ 90.368947203000062, 23.748324855000078 ], [ 90.369177081000032, 23.747971641000049 ], [ 90.369184571000062, 23.747960133000049 ], [ 90.369394597000053, 23.747637418000068 ], [ 90.369415819000039, 23.747604811000031 ], [ 90.369511773000056, 23.747457372000042 ], [ 90.369541068000046, 23.747412358000076 ], [ 90.369592836000038, 23.74733281500005 ], [ 90.369600761000072, 23.74732403400003 ], [ 90.369599098000037, 23.747323193000057 ], [ 90.369627273000049, 23.747279900000024 ], [ 90.369452107000086, 23.747178881000025 ], [ 90.36938034800005, 23.747137499000075 ], [ 90.369381589000056, 23.747135582000055 ], [ 90.369377219000057, 23.747135694000065 ], [ 90.369359968000083, 23.747125745000062 ], [ 90.369341459000054, 23.747115071000053 ], [ 90.369338404000075, 23.747115643000029 ], [ 90.369261858000073, 23.74712997000006 ], [ 90.369184758000074, 23.74714337000006 ], [ 90.369045459000063, 23.747162871000057 ], [ 90.368876259000047, 23.747160070000064 ], [ 90.368867035000051, 23.747185956000067 ], [ 90.368814259000033, 23.747334070000022 ], [ 90.368802028000061, 23.74733350300005 ], [ 90.368794123000043, 23.747333136000066 ], [ 90.368732413000032, 23.747330272000056 ], [ 90.368412326000055, 23.747315422000042 ], [ 90.368355158000043, 23.747312770000065 ], [ 90.368376958000056, 23.747229870000069 ], [ 90.368378088000043, 23.74720204700003 ], [ 90.368379014000084, 23.74717925300007 ], [ 90.368380458000047, 23.747143670000071 ], [ 90.368284659000039, 23.747117243000048 ], [ 90.368270258000052, 23.747113270000057 ], [ 90.368273044000034, 23.747104041000057 ], [ 90.368332210000062, 23.746908007000059 ], [ 90.36835325800007, 23.746838270000069 ], [ 90.36835960600007, 23.746821634000071 ], [ 90.368432359000053, 23.746630970000069 ], [ 90.368445687000076, 23.746567994000031 ], [ 90.368445605000034, 23.746566270000073 ], [ 90.368443975000048, 23.746532377000051 ], [ 90.368435203000047, 23.74647221400005 ], [ 90.36843146800004, 23.746446599000024 ], [ 90.36842712400005, 23.746428544000025 ], [ 90.368407314000081, 23.746363106000047 ], [ 90.368391876000032, 23.746324754000057 ], [ 90.368380932000036, 23.746302674000049 ], [ 90.368356103000053, 23.746252580000032 ], [ 90.368317920000038, 23.746196217000033 ], [ 90.368293320000078, 23.746171437000044 ], [ 90.368257035000056, 23.746135396000057 ], [ 90.368225667000047, 23.746103855000058 ], [ 90.368200094000031, 23.746069879000061 ], [ 90.368156108000051, 23.746011439000029 ], [ 90.368072488000053, 23.745934860000034 ], [ 90.36805391200005, 23.745920069000078 ], [ 90.368053867000071, 23.745920033000061 ], [ 90.368044214000065, 23.745912348000047 ], [ 90.367964929000038, 23.745851567000045 ], [ 90.367897936000077, 23.745799790000035 ], [ 90.367836470000043, 23.745750258000044 ], [ 90.367811314000051, 23.745728108000037 ], [ 90.367772530000082, 23.745693957000071 ], [ 90.367680306000068, 23.74561062600003 ], [ 90.36762927500007, 23.745565585000065 ], [ 90.367597941000042, 23.745545336000077 ], [ 90.367554943000073, 23.745520600000077 ], [ 90.367542583000045, 23.745515451000074 ], [ 90.367525532000059, 23.745508347000055 ], [ 90.36753685900004, 23.74548283300004 ], [ 90.367391885000075, 23.745429853000076 ], [ 90.367366513000036, 23.745409002000031 ], [ 90.367254880000075, 23.745363482000073 ], [ 90.367143631000033, 23.745318118000057 ], [ 90.367007322000063, 23.74529119500005 ], [ 90.36697965500008, 23.745289381000077 ], [ 90.366976754000063, 23.745288266000045 ], [ 90.366918483000063, 23.745265842000038 ], [ 90.366898002000084, 23.74525796100005 ], [ 90.366791097000032, 23.745221296000068 ], [ 90.366747605000057, 23.74520638000007 ], [ 90.366744058000052, 23.745205526000063 ], [ 90.366744231000041, 23.745165340000028 ], [ 90.366744399000083, 23.745126476000053 ], [ 90.366781324000044, 23.745020684000053 ], [ 90.366828756000075, 23.744911729000023 ], [ 90.366803941000057, 23.744898160000048 ], [ 90.366777077000052, 23.744883472000026 ], [ 90.366792350000082, 23.74486646500003 ], [ 90.366825833000064, 23.744810574000041 ], [ 90.36688332500006, 23.744660579000026 ], [ 90.36689262200008, 23.744636325000045 ], [ 90.366893007000044, 23.744635319000054 ], [ 90.366893728000036, 23.74463343900004 ], [ 90.36691232700008, 23.744584914000029 ], [ 90.366914985000051, 23.744577980000031 ], [ 90.366945375000057, 23.744498691000047 ], [ 90.366949574000046, 23.744487737000043 ], [ 90.366972696000062, 23.744475455000043 ], [ 90.367013216000032, 23.744408155000031 ], [ 90.367036810000059, 23.744356505000042 ], [ 90.367092122000031, 23.744235416000038 ], [ 90.367083880000052, 23.744232302000057 ], [ 90.367000801000074, 23.744200913000043 ], [ 90.366977203000033, 23.74419199700003 ], [ 90.366973292000068, 23.744190520000075 ], [ 90.366940711000041, 23.74417821000003 ], [ 90.366853689000038, 23.744144426000048 ], [ 90.366852476000076, 23.744143956000073 ], [ 90.366818612000031, 23.744130810000058 ], [ 90.366789466000057, 23.744119699000066 ], [ 90.366758990000051, 23.744108083000071 ], [ 90.366753050000057, 23.744105819000026 ], [ 90.366725158000065, 23.744095187000028 ], [ 90.366670912000075, 23.744074510000075 ], [ 90.366368483000031, 23.743989283000076 ], [ 90.36617341200008, 23.743934310000043 ], [ 90.366119471000047, 23.74407732800006 ], [ 90.366119293000054, 23.744077800000071 ], [ 90.366109001000041, 23.744105087000037 ], [ 90.366084212000032, 23.744170810000071 ], [ 90.36608089200007, 23.744180902000039 ], [ 90.366024849000041, 23.744351257000062 ], [ 90.366006199000083, 23.74440794800006 ], [ 90.365960811000036, 23.744545910000056 ], [ 90.365848711000069, 23.744758210000043 ], [ 90.365777512000079, 23.744861110000045 ], [ 90.365624411000056, 23.744793710000067 ], [ 90.365437911000072, 23.744723210000075 ], [ 90.365399589000049, 23.74471331500007 ], [ 90.365326534000076, 23.744694452000033 ], [ 90.365191211000081, 23.74465950900003 ], [ 90.364832260000071, 23.744605500000034 ], [ 90.364830005000044, 23.744605161000038 ], [ 90.36482890700006, 23.744604996000078 ], [ 90.364564187000042, 23.744565163000061 ], [ 90.364588433000051, 23.744473479000078 ], [ 90.364588886000035, 23.744471766000061 ], [ 90.36459231200007, 23.744458809000037 ], [ 90.364426433000062, 23.744441991000031 ], [ 90.364356666000049, 23.744434917000035 ], [ 90.364293283000052, 23.744428490000075 ], [ 90.364283612000065, 23.744427510000037 ], [ 90.364288779000049, 23.744399991000023 ], [ 90.364290745000062, 23.744389521000073 ], [ 90.364298738000059, 23.744346952000058 ], [ 90.364268515000049, 23.744304628000066 ], [ 90.364274584000043, 23.744088892000036 ], [ 90.363951836000069, 23.74408212000003 ], [ 90.363913658000058, 23.744081319000031 ], [ 90.363908411000068, 23.744081209000058 ], [ 90.363913143000048, 23.744052303000046 ], [ 90.363955874000055, 23.743791283000064 ], [ 90.363955993000047, 23.743790561000026 ], [ 90.363996912000061, 23.743540609000036 ], [ 90.363842279000039, 23.743557174000046 ], [ 90.363797309000063, 23.743561993000071 ], [ 90.363797275000081, 23.743561996000039 ], [ 90.363643193000087, 23.743578504000027 ], [ 90.363365912000063, 23.743608209000058 ], [ 90.363367964000076, 23.743577478000077 ], [ 90.363369312000032, 23.743557315000032 ], [ 90.363249979000045, 23.743552365000028 ], [ 90.363008948000072, 23.743514216000051 ], [ 90.363007306000043, 23.743565462000049 ], [ 90.363006558000052, 23.743588785000043 ], [ 90.362796691000085, 23.743558446000065 ], [ 90.362780340000086, 23.743557901000031 ], [ 90.362666550000085, 23.743554109000058 ], [ 90.362571193000065, 23.743550932000062 ], [ 90.362563993000037, 23.743550693000032 ], [ 90.362565972000084, 23.743691678000062 ], [ 90.362537812000085, 23.743687308000062 ], [ 90.362413011000058, 23.743655809000074 ], [ 90.362411643000087, 23.743655654000065 ], [ 90.362049856000056, 23.743614728000068 ], [ 90.362026305000086, 23.743612064000047 ], [ 90.362034812000047, 23.743546372000026 ], [ 90.362038158000075, 23.743523407000055 ], [ 90.36203136000006, 23.743518880000067 ], [ 90.362025365000079, 23.74351488700006 ], [ 90.361842170000045, 23.743392898000025 ], [ 90.361840424000036, 23.743407223000077 ], [ 90.361681612000041, 23.743419108000069 ], [ 90.361649812000053, 23.743587508000076 ], [ 90.361621512000056, 23.743710609000061 ], [ 90.361585812000044, 23.743836308000027 ], [ 90.361572594000052, 23.743881377000037 ], [ 90.361572218000049, 23.743883994000043 ], [ 90.361446267000076, 23.743873886000074 ], [ 90.361332676000075, 23.743871164000041 ], [ 90.361315209000054, 23.743872502000045 ], [ 90.361258901000042, 23.743876814000032 ], [ 90.361131512000043, 23.743886571000075 ], [ 90.360816717000034, 23.743884319000074 ], [ 90.360567533000051, 23.743890235000038 ], [ 90.360566759000051, 23.743874189000053 ], [ 90.360338530000035, 23.743896385000028 ], [ 90.360314954000046, 23.74389867800005 ], [ 90.360292917000038, 23.743900822000057 ], [ 90.35972042800006, 23.743872718000034 ], [ 90.359735206000039, 23.743827534000047 ], [ 90.35976105900005, 23.743748485000026 ], [ 90.359765925000033, 23.743733607000024 ], [ 90.359772263000082, 23.743714227000055 ], [ 90.35985359600005, 23.74346554400006 ], [ 90.359972956000036, 23.743100587000072 ], [ 90.360028715000055, 23.742930098000045 ], [ 90.360030548000054, 23.742917879000061 ], [ 90.360153308000065, 23.742474541000036 ], [ 90.360132949000047, 23.742470126000057 ], [ 90.359546415000068, 23.742342946000065 ], [ 90.359488839000051, 23.742330745000061 ], [ 90.358905339000046, 23.742207097000062 ], [ 90.358632814000032, 23.742149346000076 ], [ 90.358622838000031, 23.742147283000065 ], [ 90.358413848000055, 23.742104059000042 ], [ 90.358283961000041, 23.742077196000025 ], [ 90.358222314000045, 23.74206444500004 ], [ 90.357756714000061, 23.74195114500003 ], [ 90.35772087600003, 23.741943868000078 ], [ 90.357148294000069, 23.741827600000079 ], [ 90.357051014000035, 23.741807846000029 ], [ 90.356516414000055, 23.741747246000045 ], [ 90.356364154000062, 23.741737115000035 ], [ 90.356100114000071, 23.74171954600007 ], [ 90.355866809000077, 23.74167785800006 ], [ 90.355840646000047, 23.741628776000027 ], [ 90.355670448000069, 23.741593877000071 ], [ 90.355283614000086, 23.741416346000051 ], [ 90.355081614000085, 23.741397645000063 ], [ 90.354567814000063, 23.741351946000066 ], [ 90.354485929000077, 23.741350297000054 ], [ 90.354299514000047, 23.741346545000056 ], [ 90.353923814000041, 23.741277746000037 ], [ 90.353624213000046, 23.741219546000025 ], [ 90.353230749000033, 23.741171228000042 ], [ 90.353129913000032, 23.741158845000029 ], [ 90.352814313000067, 23.741195645000062 ], [ 90.352689713000075, 23.74118274500006 ], [ 90.352522913000087, 23.741153346000033 ], [ 90.352414413000076, 23.741123945000027 ], [ 90.352215413000067, 23.741006145000028 ], [ 90.351864460000058, 23.740813311000068 ], [ 90.351719532000061, 23.740768046000028 ], [ 90.351726664000068, 23.740745863000029 ], [ 90.351865584000052, 23.740313760000049 ], [ 90.351835719000064, 23.739998994000075 ], [ 90.351830241000073, 23.739941250000072 ], [ 90.349907850000079, 23.738893938000047 ], [ 90.349906738000072, 23.738893332000032 ], [ 90.349159188000044, 23.741298346000065 ], [ 90.349157995000041, 23.741302188000077 ], [ 90.349065212000085, 23.741378566000037 ], [ 90.348329991000071, 23.741983795000067 ], [ 90.348162584000079, 23.742121602000054 ], [ 90.347916936000047, 23.742323815000077 ], [ 90.347671694000041, 23.742525693000061 ], [ 90.347624473000053, 23.742564564000077 ], [ 90.347432104000063, 23.742722918000027 ], [ 90.347055607000073, 23.743032838000033 ], [ 90.347019299000067, 23.743062725000073 ], [ 90.346699541000078, 23.743325938000055 ], [ 90.346563357000036, 23.743438039000068 ], [ 90.346195048000084, 23.743797822000033 ], [ 90.346010236000041, 23.74397835700006 ], [ 90.345975220000071, 23.744012561000034 ], [ 90.345712859000059, 23.744268847000058 ], [ 90.345140952000065, 23.744827505000046 ], [ 90.345129297000085, 23.74483889000004 ], [ 90.345032746000072, 23.744933204000063 ], [ 90.345002753000074, 23.744962501000032 ], [ 90.344929317000037, 23.745034234000059 ], [ 90.344771523000077, 23.74518837100004 ], [ 90.344724315000065, 23.745234485000026 ], [ 90.344573881000031, 23.745351786000072 ], [ 90.344537615000036, 23.745380064000074 ], [ 90.344375192000086, 23.745506713000054 ], [ 90.344096992000061, 23.745723637000026 ], [ 90.343970415000058, 23.745885745000066 ], [ 90.343856782000046, 23.746031276000053 ], [ 90.343664910000086, 23.746262905000037 ], [ 90.34344496600005, 23.74652842200004 ], [ 90.343372523000085, 23.746615874000042 ], [ 90.343261435000045, 23.746749979000072 ], [ 90.34319713800005, 23.746827598000039 ], [ 90.34302023500004, 23.746991751000053 ], [ 90.342496846000074, 23.747477412000023 ], [ 90.342436057000043, 23.747533818000022 ], [ 90.342070194000087, 23.747871088000068 ], [ 90.341856058000076, 23.748068019000073 ], [ 90.341709140000034, 23.748172217000047 ], [ 90.341494874000034, 23.748321726000029 ], [ 90.341171769000084, 23.748465956000075 ], [ 90.340950904000067, 23.748564547000058 ], [ 90.340616810000085, 23.748667564000073 ], [ 90.340346071000056, 23.748751046000052 ], [ 90.339317356000038, 23.748902343000054 ], [ 90.338913906000073, 23.748910232000071 ], [ 90.338146635000044, 23.748925231000044 ], [ 90.337486075000072, 23.748908611000047 ], [ 90.336994574000073, 23.748810326000068 ], [ 90.335772535000046, 23.748670724000078 ], [ 90.335451368000065, 23.748657726000033 ], [ 90.334660519000067, 23.748625717000039 ], [ 90.333634983000081, 23.748582769000052 ], [ 90.332850707000034, 23.748631881000051 ], [ 90.33270675600005, 23.748640954000052 ], [ 90.332108740000081, 23.748678640000037 ], [ 90.330888275000063, 23.748916102000067 ], [ 90.330023631000074, 23.749200216000077 ], [ 90.329550521000044, 23.749438371000053 ], [ 90.329465011000082, 23.749481415000048 ], [ 90.329160654000077, 23.749904331000039 ], [ 90.328907547000085, 23.750467142000048 ], [ 90.329061785000079, 23.751074250000045 ], [ 90.329369215000042, 23.751870710000048 ], [ 90.329924074000076, 23.752770516000055 ], [ 90.330430412000055, 23.753641068000036 ], [ 90.331239694000033, 23.754492905000063 ], [ 90.331520875000081, 23.754792189000057 ], [ 90.331821322000053, 23.755111979000048 ], [ 90.332109890000083, 23.755419123000024 ], [ 90.332261147000054, 23.755570053000042 ], [ 90.332878504000064, 23.756186075000073 ], [ 90.333019921000073, 23.756327186000078 ], [ 90.333094270000061, 23.756392582000046 ], [ 90.333327650000058, 23.756597857000031 ], [ 90.333656545000053, 23.75688714100005 ], [ 90.333903485000064, 23.757104341000058 ], [ 90.333990548000031, 23.757180918000074 ], [ 90.33421601100008, 23.757421444000045 ], [ 90.33427298600003, 23.757482225000047 ], [ 90.33463348500004, 23.757866805000049 ], [ 90.334780695000063, 23.75802384900004 ], [ 90.334962267000037, 23.758217547000072 ], [ 90.335020069000052, 23.758276134000027 ], [ 90.335185834000072, 23.75844685800007 ], [ 90.335212684000055, 23.758474512000078 ], [ 90.335455464000063, 23.758724554000025 ], [ 90.33566529400008, 23.758940976000076 ], [ 90.335709251000083, 23.758986313000037 ], [ 90.335953587000063, 23.759238322000044 ], [ 90.335956470000042, 23.75924130900006 ], [ 90.336205159000031, 23.759498910000048 ], [ 90.336390183000049, 23.759690564000039 ], [ 90.336419127000056, 23.75972054600004 ], [ 90.336506633000056, 23.759830654000041 ], [ 90.336647023000069, 23.760007304000055 ], [ 90.336795117000065, 23.760193646000062 ], [ 90.33690462800007, 23.760331440000073 ], [ 90.337047185000074, 23.760592728000063 ], [ 90.337284190000048, 23.761027120000051 ], [ 90.337289792000036, 23.761037387000044 ], [ 90.337572317000081, 23.761659165000026 ], [ 90.337635228000067, 23.76179761800006 ], [ 90.337738517000048, 23.762010247000035 ], [ 90.337878699000044, 23.762298821000059 ], [ 90.33795957600006, 23.762465311000028 ], [ 90.338108339000087, 23.762863542000048 ], [ 90.338237112000058, 23.763208260000056 ], [ 90.338264688000038, 23.763282080000067 ], [ 90.338331480000079, 23.763478219000035 ], [ 90.338429062000046, 23.763764773000048 ], [ 90.338434807000056, 23.763781646000041 ], [ 90.338495944000044, 23.763961177000056 ], [ 90.338548994000064, 23.76411696100007 ], [ 90.33867886400003, 23.764364392000061 ], [ 90.338692478000041, 23.764390330000026 ], [ 90.339027271000077, 23.765028183000027 ], [ 90.339279440000041, 23.765508615000044 ], [ 90.339583085000072, 23.76599118300004 ], [ 90.33989888800005, 23.766451217000053 ], [ 90.340028853000035, 23.766640538000047 ], [ 90.340585843000042, 23.766944478000028 ], [ 90.340635381000084, 23.76697150900003 ], [ 90.341079839000031, 23.767214040000056 ], [ 90.341141082000036, 23.767252669000072 ], [ 90.341913925000085, 23.767740133000075 ], [ 90.341928928000073, 23.767749596000044 ], [ 90.34197139500003, 23.767774399000075 ], [ 90.342656900000065, 23.768174765000026 ], [ 90.342805662000046, 23.768315827000038 ], [ 90.343284114000085, 23.768769513000052 ], [ 90.343608460000041, 23.769419129000028 ], [ 90.343610070000068, 23.77003107400003 ], [ 90.343651335000061, 23.770329053000069 ], [ 90.343614798000033, 23.77043074900007 ], [ 90.343113793000043, 23.771418658000073 ], [ 90.342488468000056, 23.771783602000028 ], [ 90.341715614000066, 23.772105639000074 ], [ 90.341382481000039, 23.772244448000038 ], [ 90.340077177000069, 23.772821007000061 ], [ 90.339943861000052, 23.772879892000049 ], [ 90.339043508000032, 23.773166392000064 ], [ 90.33825347700008, 23.773418775000039 ], [ 90.337068312000042, 23.773633629000074 ], [ 90.336353410000072, 23.773763901000052 ], [ 90.335897499000055, 23.773847837000062 ], [ 90.335844522000059, 23.773857590000034 ], [ 90.334548986000073, 23.774092988000064 ], [ 90.334537947000058, 23.774095270000032 ], [ 90.334303702000057, 23.774191691000055 ], [ 90.334162935000052, 23.774249635000047 ], [ 90.333891729000072, 23.774460225000041 ], [ 90.333496557000046, 23.775129478000053 ], [ 90.333455674000049, 23.775454735000039 ], [ 90.333980083000085, 23.776390719000062 ], [ 90.334273273000065, 23.776620411000067 ], [ 90.334670792000054, 23.77686794300007 ], [ 90.334796665000056, 23.776956594000069 ], [ 90.335131078000074, 23.777192113000069 ], [ 90.335490856000035, 23.777430677000041 ], [ 90.336050946000057, 23.777802062000035 ], [ 90.336179652000055, 23.777887662000069 ], [ 90.336511193000035, 23.77810816300007 ], [ 90.336953828000048, 23.778480607000063 ], [ 90.337327600000037, 23.778795105000029 ], [ 90.337335980000034, 23.778806459000066 ], [ 90.337495656000044, 23.779022806000057 ], [ 90.337474730000054, 23.779232856000078 ], [ 90.337371190000056, 23.77952212100007 ], [ 90.337309011000059, 23.779673550000041 ], [ 90.33728853000008, 23.779698062000023 ], [ 90.337163461000046, 23.779847743000062 ], [ 90.336992237000061, 23.780024479000076 ], [ 90.336985896000044, 23.780031024000039 ], [ 90.33677883200005, 23.780244753000034 ], [ 90.336705468000048, 23.780320478000078 ], [ 90.336663609000084, 23.780363684000065 ], [ 90.33624874000003, 23.780637592000062 ], [ 90.335898325000073, 23.780868944000076 ], [ 90.335850336000078, 23.780900627000051 ], [ 90.335413008000046, 23.781400618000077 ], [ 90.335364485000071, 23.781473240000025 ], [ 90.335166102000073, 23.781770151000046 ], [ 90.335138011000083, 23.781812193000064 ], [ 90.335080570000059, 23.781898125000055 ], [ 90.335036960000082, 23.78221263000006 ], [ 90.334987016000071, 23.782572811000023 ], [ 90.334916135000071, 23.783083989000033 ], [ 90.334948261000079, 23.783197384000061 ], [ 90.335150137000085, 23.783909951000055 ], [ 90.335211298000047, 23.78407691700005 ], [ 90.335320292000063, 23.784276341000066 ], [ 90.335376480000036, 23.784379146000049 ], [ 90.335531540000034, 23.784322355000029 ], [ 90.335712234000084, 23.784692292000045 ], [ 90.335844764000058, 23.784934772000042 ], [ 90.335958780000055, 23.785143378000043 ], [ 90.336038662000078, 23.785288730000048 ], [ 90.336070336000034, 23.785346365000066 ], [ 90.336207499000068, 23.785486068000068 ], [ 90.336526033000041, 23.785811200000069 ], [ 90.336529804000065, 23.785815049000064 ], [ 90.336692754000069, 23.785963730000049 ], [ 90.336979016000043, 23.786295303000031 ], [ 90.33707608900005, 23.786407740000072 ], [ 90.337262277000036, 23.78667495600007 ], [ 90.337489260000041, 23.787000721000027 ], [ 90.337550013000055, 23.787087834000033 ], [ 90.337767581000037, 23.787399797000035 ], [ 90.337834687000054, 23.787526291000063 ], [ 90.337848889000043, 23.787553062000029 ], [ 90.337938028000053, 23.787721089000058 ], [ 90.338176467000039, 23.78817054600006 ], [ 90.338215013000081, 23.788243204000025 ], [ 90.338355088000071, 23.788507242000037 ], [ 90.338418258000047, 23.788737429000037 ], [ 90.338459718000081, 23.788816603000043 ], [ 90.338567710000063, 23.789022831000068 ], [ 90.33862517700004, 23.789132573000074 ], [ 90.338628496000069, 23.789138911000066 ], [ 90.338729646000047, 23.789306353000029 ], [ 90.338830365000035, 23.789473079000061 ], [ 90.338899594000054, 23.789587679000078 ], [ 90.338984621000066, 23.789729756000042 ], [ 90.339008727000078, 23.789799702000039 ], [ 90.339101336000056, 23.789788208000061 ], [ 90.339238137000052, 23.790022750000048 ], [ 90.339283935000083, 23.790148178000038 ], [ 90.339421293000044, 23.790524368000035 ], [ 90.339443274000075, 23.790584568000043 ], [ 90.339449460000083, 23.790629535000051 ], [ 90.339458497000066, 23.790695226000025 ], [ 90.339462538000078, 23.790724597000064 ], [ 90.339489546000038, 23.790920923000044 ], [ 90.339495166000063, 23.790959300000054 ], [ 90.339502783000057, 23.791056383000068 ], [ 90.339518599000087, 23.791261785000074 ], [ 90.339531988000033, 23.791435679000074 ], [ 90.339545758000042, 23.791611239000076 ], [ 90.339547345000085, 23.791631472000063 ], [ 90.339553663000061, 23.791712014000041 ], [ 90.339562447000048, 23.79182400600007 ], [ 90.339567105000071, 23.791885157000024 ], [ 90.33957895900005, 23.792040748000034 ], [ 90.33958343900008, 23.792104969000036 ], [ 90.339592977000052, 23.792241689000036 ], [ 90.339596128000039, 23.79227329500003 ], [ 90.339598085000034, 23.792318453000064 ], [ 90.339599325000052, 23.792427514000053 ], [ 90.339599790000079, 23.792468448000022 ], [ 90.339601267000035, 23.792598453000039 ], [ 90.339601605000041, 23.792729051000038 ], [ 90.339601642000048, 23.792742970000063 ], [ 90.339601942000058, 23.792858132000049 ], [ 90.339602312000068, 23.793000392000067 ], [ 90.339602489000072, 23.793068136000045 ], [ 90.339603577000048, 23.793487872000071 ], [ 90.339603608000061, 23.793499821000069 ], [ 90.339603848000081, 23.793592012000033 ], [ 90.339604067000039, 23.793675562000033 ], [ 90.339647263000074, 23.793950523000035 ], [ 90.33965584200007, 23.794005130000073 ], [ 90.33974618700006, 23.794306207000034 ], [ 90.339755438000054, 23.794337033000033 ], [ 90.33980684800008, 23.794508357000041 ], [ 90.33980994500007, 23.794519640000033 ], [ 90.339826631000051, 23.794741410000029 ], [ 90.339844259000074, 23.794975703000034 ], [ 90.339856110000085, 23.795133922000048 ], [ 90.339862692000054, 23.795221795000032 ], [ 90.339835174000086, 23.795345898000051 ], [ 90.339828128000079, 23.795377682000037 ], [ 90.339757013000053, 23.79569675700003 ], [ 90.339745046000075, 23.795750450000071 ], [ 90.339729283000054, 23.795822746000056 ], [ 90.339585775000046, 23.795843383000033 ], [ 90.339586680000082, 23.796193389000052 ], [ 90.339582435000068, 23.796202333000053 ], [ 90.339555565000069, 23.796258941000076 ], [ 90.339500806000046, 23.796372243000064 ], [ 90.339420092000069, 23.79653924400003 ], [ 90.339378966000083, 23.796767402000057 ], [ 90.339439707000054, 23.796769528000027 ], [ 90.33949003400005, 23.796776191000049 ], [ 90.339457439000057, 23.796866891000036 ], [ 90.339382039000043, 23.797076695000044 ], [ 90.339358464000043, 23.797142294000025 ], [ 90.339359176000073, 23.79741552400003 ], [ 90.339359924000064, 23.797704558000078 ], [ 90.339492672000063, 23.798027175000072 ], [ 90.339508110000054, 23.798065529000041 ], [ 90.33955110900007, 23.798085757000024 ], [ 90.339658394000082, 23.798161475000029 ], [ 90.33990514900006, 23.798335628000075 ], [ 90.340323604000048, 23.798583098000051 ], [ 90.340658176000034, 23.798659133000058 ], [ 90.340818044000059, 23.798698087000048 ], [ 90.34088778000006, 23.798715079000033 ], [ 90.340919179000082, 23.798727353000061 ], [ 90.341098583000075, 23.798797484000033 ], [ 90.341180731000065, 23.798829596000076 ], [ 90.341224484000065, 23.798848393000071 ], [ 90.341549838000049, 23.798988176000023 ], [ 90.341578133000041, 23.799000332000048 ], [ 90.341578924000032, 23.799001025000052 ], [ 90.341819803000078, 23.799212058000023 ], [ 90.341856698000072, 23.799478433000047 ], [ 90.341887458000031, 23.799509979000049 ], [ 90.341899808000051, 23.799539881000044 ], [ 90.341932765000081, 23.799619680000035 ], [ 90.341938705000075, 23.799634061000063 ], [ 90.341981925000084, 23.799737837000066 ], [ 90.341993658000035, 23.799767167000027 ], [ 90.342058001000055, 23.799923567000064 ], [ 90.342141232000074, 23.800125878000074 ], [ 90.342283251000083, 23.800471052000034 ], [ 90.34246911300005, 23.801326083000049 ], [ 90.342470176000063, 23.801330975000042 ], [ 90.342473617000053, 23.801376730000072 ], [ 90.342500056000063, 23.801728335000064 ], [ 90.342511874000081, 23.801884432000065 ], [ 90.342545180000059, 23.802324374000023 ], [ 90.34254734600006, 23.802388977000078 ], [ 90.342564483000046, 23.802900148000049 ], [ 90.342497557000058, 23.803057915000068 ], [ 90.342471174000082, 23.803120106000051 ], [ 90.342443948000039, 23.803184288000068 ], [ 90.342353224000078, 23.803398149000031 ], [ 90.342307332000075, 23.803506331000051 ], [ 90.342228807000083, 23.803691438000044 ], [ 90.342216486000041, 23.803780613000072 ], [ 90.342205192000051, 23.803862335000076 ], [ 90.342176713000072, 23.804068447000077 ], [ 90.342154444000073, 23.804135678000023 ], [ 90.342154329000039, 23.804136026000037 ], [ 90.342146805000084, 23.804158740000048 ], [ 90.342125132000035, 23.804224171000044 ], [ 90.342063307000046, 23.804410818000065 ], [ 90.342017483000063, 23.804549156000064 ], [ 90.342000727000084, 23.804599741000061 ], [ 90.341974612000058, 23.804678582000065 ], [ 90.341839791000041, 23.804878125000073 ], [ 90.341720968000061, 23.805053990000033 ], [ 90.341664936000086, 23.805114326000023 ], [ 90.341654549000054, 23.805125512000075 ], [ 90.341539468000065, 23.805249434000075 ], [ 90.341416275000086, 23.805382090000023 ], [ 90.341348176000054, 23.805451365000067 ], [ 90.341038099000059, 23.805766802000051 ], [ 90.340908981000041, 23.805898058000025 ], [ 90.340694695000082, 23.806074663000061 ], [ 90.340244733000077, 23.806444120000037 ], [ 90.339994277000073, 23.806649767000067 ], [ 90.33988071400006, 23.806794977000038 ], [ 90.339493190000042, 23.807290494000029 ], [ 90.339334432000044, 23.807493493000038 ], [ 90.339235908000035, 23.807768251000027 ], [ 90.339134189000049, 23.80805192400004 ], [ 90.339030534000074, 23.808340992000069 ], [ 90.338981118000049, 23.808478801000035 ], [ 90.338851031000047, 23.808867905000056 ], [ 90.338694630000077, 23.809335714000042 ], [ 90.338532644000054, 23.809820225000067 ], [ 90.338526308000041, 23.809839175000036 ], [ 90.338424099000065, 23.810266578000039 ], [ 90.338364154000033, 23.810517252000068 ], [ 90.338324784000065, 23.810681889000023 ], [ 90.33834407900008, 23.810769571000037 ], [ 90.338391711000043, 23.810986004000029 ], [ 90.338437541000076, 23.811194252000064 ], [ 90.338484039000036, 23.811405528000023 ], [ 90.338530922000075, 23.811618549000059 ], [ 90.338536197000053, 23.811635961000036 ], [ 90.338667086000044, 23.812067930000069 ], [ 90.338827087000084, 23.812595975000079 ], [ 90.338941864000049, 23.812974767000071 ], [ 90.338958236000053, 23.813028559000031 ], [ 90.339129961000083, 23.813592776000064 ], [ 90.339368243000081, 23.814375667000036 ], [ 90.339449961000071, 23.814644152000028 ], [ 90.339454919000048, 23.814660439000079 ], [ 90.339510541000038, 23.814821860000052 ], [ 90.33956330400008, 23.814974977000077 ], [ 90.339818624000031, 23.815715917000034 ], [ 90.340015902000061, 23.816288415000031 ], [ 90.340019404000031, 23.816298574000029 ], [ 90.340121296000063, 23.816546742000071 ], [ 90.340242326000066, 23.816840027000069 ], [ 90.340439059000062, 23.817218953000065 ], [ 90.340487161000055, 23.817311430000075 ], [ 90.340526232000059, 23.817469410000058 ], [ 90.340563208000049, 23.817765140000063 ], [ 90.340578251000068, 23.817887043000042 ], [ 90.340531308000038, 23.818239411000036 ], [ 90.340505010000072, 23.81827333800004 ], [ 90.34032277600005, 23.818513100000075 ], [ 90.339905884000075, 23.818654021000043 ], [ 90.339311286000054, 23.818655332000048 ], [ 90.338226510000084, 23.818459002000054 ], [ 90.337768675000063, 23.818430649000049 ], [ 90.337463767000031, 23.81845389700004 ], [ 90.337046421000082, 23.818660299000044 ], [ 90.336693604000061, 23.818902686000058 ], [ 90.336548212000082, 23.819105899000078 ], [ 90.336373219000052, 23.819350489000044 ], [ 90.336297020000075, 23.819547108000052 ], [ 90.336213017000034, 23.819809230000033 ], [ 90.336192852000067, 23.819872314000065 ], [ 90.336158839000063, 23.819978707000075 ], [ 90.336111309000046, 23.820346880000045 ], [ 90.336160938000035, 23.820793876000039 ], [ 90.336483327000053, 23.821359955000048 ], [ 90.337015289000078, 23.822049771000025 ], [ 90.337095959000067, 23.822128904000067 ], [ 90.337747990000082, 23.822768502000031 ], [ 90.338298903000066, 23.823391237000067 ], [ 90.33875486200003, 23.823906632000046 ], [ 90.339069933000076, 23.824193481000066 ], [ 90.340180065000084, 23.825204158000076 ], [ 90.341103129000032, 23.825757964000047 ], [ 90.341402538000068, 23.825937596000074 ], [ 90.342134285000043, 23.826274687000023 ], [ 90.34226338600007, 23.826597309000078 ], [ 90.342265960000077, 23.82687730400005 ], [ 90.342221764000044, 23.826927824000052 ], [ 90.342198659000076, 23.826954232000048 ], [ 90.342216642000039, 23.827024191000078 ], [ 90.342231501000072, 23.827058583000053 ], [ 90.342235162000065, 23.827067054000054 ], [ 90.342265788000077, 23.827279247000035 ], [ 90.341754347000062, 23.827413611000054 ], [ 90.340993410000067, 23.827650138000024 ], [ 90.340196523000031, 23.827986095000028 ], [ 90.339960102000077, 23.828395334000049 ], [ 90.339949265000087, 23.828476648000048 ], [ 90.339908030000061, 23.828666417000022 ], [ 90.33984739400006, 23.828946555000073 ], [ 90.339844337000045, 23.828951079000035 ], [ 90.339645373000053, 23.829134423000028 ], [ 90.339289319000045, 23.829322629000046 ], [ 90.338882821000084, 23.829463524000062 ], [ 90.337864736000085, 23.82970060100007 ], [ 90.33740669000008, 23.829841607000048 ], [ 90.337204046000068, 23.830029470000056 ], [ 90.337164561000066, 23.830185368000059 ], [ 90.337002361000032, 23.830824764000056 ], [ 90.336850893000076, 23.831342196000037 ], [ 90.336800681000057, 23.831622313000025 ], [ 90.336801346000072, 23.831879731000072 ], [ 90.336776055000087, 23.832067208000069 ], [ 90.336776661000044, 23.832302051000056 ], [ 90.336826279000036, 23.832505171000037 ], [ 90.336696764000067, 23.832494163000035 ], [ 90.336690800000042, 23.832561919000057 ], [ 90.336909610000077, 23.832929510000042 ], [ 90.337563080000052, 23.833361636000063 ], [ 90.338072335000049, 23.833794073000035 ], [ 90.338436852000086, 23.834260698000037 ], [ 90.338420454000072, 23.83456331800005 ], [ 90.338387141000055, 23.834732749000068 ], [ 90.338260897000055, 23.835037868000029 ], [ 90.338032410000039, 23.835438052000029 ], [ 90.337754079000035, 23.836023508000039 ], [ 90.337551664000046, 23.83653879700006 ], [ 90.337553866000064, 23.836678794000022 ], [ 90.337550822000082, 23.836687832000052 ], [ 90.337540645000047, 23.836787213000036 ], [ 90.33757292100006, 23.837164243000075 ], [ 90.337591006000082, 23.837274850000028 ], [ 90.337683892000086, 23.837832394000031 ], [ 90.337875737000047, 23.838211333000061 ], [ 90.33790226900004, 23.838265471000057 ], [ 90.338084442000081, 23.838463782000076 ], [ 90.338957373000085, 23.839496072000031 ], [ 90.339901952000048, 23.840227872000071 ], [ 90.340488975000085, 23.840578837000066 ], [ 90.340737308000087, 23.840727323000067 ], [ 90.341137100000083, 23.84106063400003 ], [ 90.341283420000082, 23.841392252000048 ], [ 90.341356718000043, 23.841726287000029 ], [ 90.341212381000048, 23.842153386000064 ], [ 90.340978728000039, 23.842456488000039 ], [ 90.339912542000036, 23.843583372000069 ], [ 90.33831200700007, 23.845038847000069 ], [ 90.338006971000084, 23.84527435800004 ], [ 90.337676766000072, 23.845507665000071 ], [ 90.337371606000033, 23.845695756000055 ], [ 90.337117328000033, 23.845861154000033 ], [ 90.336964931000068, 23.846026325000025 ], [ 90.336889492000068, 23.846283914000026 ], [ 90.336890012000083, 23.846484883000073 ], [ 90.336799579000058, 23.846640888000024 ], [ 90.336809990000063, 23.846725394000032 ], [ 90.336873554000078, 23.847241379000025 ], [ 90.337165928000047, 23.848040104000063 ], [ 90.337893378000047, 23.84880626100005 ], [ 90.338511508000067, 23.849306201000047 ], [ 90.339540639000063, 23.849954265000065 ], [ 90.339725871000041, 23.850141278000024 ], [ 90.34003238300005, 23.850468024000065 ], [ 90.34021094600007, 23.850686665000069 ], [ 90.340262055000039, 23.850749777000033 ], [ 90.340415372000052, 23.850936861000037 ], [ 90.340531127000077, 23.851076606000049 ], [ 90.340436363000038, 23.851219077000053 ], [ 90.340584583000066, 23.851568751000059 ], [ 90.341386072000034, 23.852935377000051 ], [ 90.342367067000055, 23.853466111000046 ], [ 90.342703921000066, 23.853423403000079 ], [ 90.343164719000072, 23.853364980000038 ], [ 90.343455477000077, 23.853764013000045 ], [ 90.343819286000041, 23.854165143000046 ], [ 90.344617289000041, 23.854194971000027 ], [ 90.345487541000068, 23.85392656700003 ], [ 90.346102809000058, 23.853559376000078 ], [ 90.347007851000058, 23.852988302000028 ], [ 90.347732626000038, 23.852720214000044 ], [ 90.348349296000038, 23.85265333600006 ], [ 90.348925634000068, 23.852652031000048 ], [ 90.349077800000032, 23.852861689000065 ], [ 90.349582513000087, 23.853637579000065 ], [ 90.349846358000036, 23.854043183000044 ], [ 90.349875411000085, 23.854119891000039 ], [ 90.35008926900008, 23.854672637000078 ], [ 90.350131388000079, 23.855042867000066 ], [ 90.350131330000067, 23.855250612000077 ], [ 90.35013278200006, 23.855562223000049 ], [ 90.350132750000057, 23.85558730200006 ], [ 90.350285042000053, 23.855602607000037 ], [ 90.350132662000078, 23.855658172000062 ], [ 90.345962713000063, 23.857178645000033 ], [ 90.344883768000045, 23.857776375000071 ], [ 90.34501965000004, 23.857887274000063 ], [ 90.345020358000056, 23.857888781000042 ], [ 90.345095229000037, 23.857951347000039 ], [ 90.345144445000074, 23.857989124000028 ], [ 90.345383175000052, 23.85818395900003 ], [ 90.345458848000078, 23.858224452000059 ], [ 90.34547354700004, 23.858235406000063 ], [ 90.345508811000059, 23.85826168400007 ], [ 90.34582335500005, 23.858496075000062 ], [ 90.34614606100007, 23.858681757000056 ], [ 90.346333558000083, 23.858834285000057 ], [ 90.346548883000082, 23.859085681000067 ], [ 90.346635922000075, 23.859187300000031 ], [ 90.346852056000046, 23.859501456000032 ], [ 90.347106993000068, 23.85982335500006 ], [ 90.347120984000071, 23.859841021000022 ], [ 90.347548947000064, 23.860518768000077 ], [ 90.347646588000032, 23.860707853000065 ], [ 90.347768358000053, 23.860943662000068 ], [ 90.34813390000005, 23.861597650000078 ], [ 90.348682099000087, 23.86253322400006 ], [ 90.348901261000037, 23.862862524000036 ], [ 90.349219463000054, 23.863301531000047 ], [ 90.349579412000082, 23.863802579000037 ], [ 90.34971095700007, 23.863973392000048 ], [ 90.350064442000075, 23.864432392000026 ], [ 90.350174211000081, 23.864543057000049 ], [ 90.350371911000082, 23.864742371000034 ], [ 90.350476292000053, 23.864904642000056 ], [ 90.351106085000083, 23.867024480000055 ], [ 90.351131894000048, 23.867111349000027 ], [ 90.351712473000077, 23.869188293000036 ], [ 90.351724578000074, 23.870263006000073 ], [ 90.351738708000084, 23.87151736800007 ], [ 90.35173982200007, 23.871616295000024 ], [ 90.351818558000048, 23.873521527000037 ], [ 90.351894605000041, 23.875361616000077 ], [ 90.352043614000081, 23.876483495000059 ], [ 90.352432228000055, 23.877083514000049 ], [ 90.353040085000032, 23.877572658000076 ], [ 90.353886670000065, 23.878253895000057 ], [ 90.354704438000056, 23.878885316000037 ], [ 90.355912981000074, 23.879857574000027 ], [ 90.356996742000035, 23.880810994000058 ], [ 90.357642585000065, 23.881287458000031 ], [ 90.358247637000034, 23.882004975000029 ], [ 90.358773517000031, 23.882628598000053 ], [ 90.358796355000038, 23.88269118900007 ], [ 90.358975509000061, 23.883763358000067 ], [ 90.358985231000077, 23.884002949000035 ], [ 90.358388854000054, 23.885092414000042 ], [ 90.357963447000031, 23.886043201000064 ], [ 90.357654254000067, 23.88689826500007 ], [ 90.357572951000066, 23.887123402000043 ], [ 90.357395370000063, 23.887841809000065 ], [ 90.357147036000072, 23.888660369000036 ], [ 90.357111571000075, 23.889185296000051 ], [ 90.357732291000048, 23.889853968000068 ], [ 90.358036107000032, 23.890068601000053 ], [ 90.358051618000047, 23.890085163000037 ], [ 90.358235870000044, 23.890281887000071 ], [ 90.35844618200008, 23.890429354000048 ], [ 90.35863508400007, 23.890612109000074 ], [ 90.358879397000067, 23.890848473000062 ], [ 90.359303444000034, 23.89156762500005 ], [ 90.359479812000075, 23.892319216000033 ], [ 90.359693185000083, 23.892911668000067 ], [ 90.359832475000076, 23.893168054000057 ], [ 90.360115643000086, 23.893330915000035 ], [ 90.360213403000046, 23.893334851000077 ], [ 90.360345962000054, 23.893576008000025 ], [ 90.360629452000069, 23.89373792300006 ], [ 90.361371830000053, 23.893767795000031 ], [ 90.361559544000045, 23.893816956000023 ], [ 90.361623933000033, 23.893833818000076 ], [ 90.362115280000069, 23.893962499000054 ], [ 90.362925325000049, 23.894242349000024 ], [ 90.363140996000084, 23.894316857000035 ], [ 90.363596914000084, 23.894458567000072 ], [ 90.364193655000065, 23.894644046000053 ], [ 90.36459185800004, 23.894767297000044 ], [ 90.365815234000081, 23.895103104000043 ], [ 90.36600694100008, 23.895154582000032 ], [ 90.366603538000049, 23.895304453000051 ], [ 90.366900300000054, 23.895378264000044 ], [ 90.367811479000068, 23.895606409000038 ], [ 90.368944241000065, 23.896025956000074 ], [ 90.369545361000064, 23.896252579000077 ], [ 90.369692365000049, 23.896282130000031 ], [ 90.370355673000063, 23.896415470000022 ], [ 90.370500656000047, 23.896444476000056 ], [ 90.371419788000082, 23.896442258000036 ], [ 90.372233315000074, 23.896440292000023 ], [ 90.373116835000076, 23.89643815200003 ], [ 90.37348366100008, 23.896493855000074 ], [ 90.373965737000049, 23.896567057000027 ], [ 90.374779299000068, 23.89679088500003 ], [ 90.374950777000038, 23.896851435000031 ], [ 90.375345939000056, 23.896989932000054 ], [ 90.375557894000053, 23.897064219000072 ], [ 90.375699373000032, 23.897113804000071 ], [ 90.376127505000056, 23.897326451000026 ], [ 90.376938960000075, 23.897729483000035 ], [ 90.377524995000044, 23.89813226900003 ], [ 90.377835954000034, 23.898345992000031 ], [ 90.377891170000055, 23.898383753000076 ], [ 90.378214312000068, 23.898604740000053 ], [ 90.378255179000064, 23.898632086000077 ], [ 90.378406337000058, 23.898733234000076 ], [ 90.378575986000044, 23.898846755000022 ], [ 90.379234821000068, 23.899287614000059 ], [ 90.379276757000071, 23.899315675000025 ], [ 90.379401865000034, 23.899376097000072 ], [ 90.379704705000051, 23.899522359000059 ], [ 90.379879938000045, 23.899605476000033 ], [ 90.379949418000081, 23.899639178000029 ], [ 90.379972569000074, 23.899640287000068 ], [ 90.380348603000073, 23.899658314000078 ], [ 90.380621230000031, 23.899671385000033 ], [ 90.380642850000072, 23.899666313000068 ], [ 90.381112274000031, 23.899556175000043 ], [ 90.381395370000064, 23.899489753000069 ], [ 90.381545280000068, 23.899454581000043 ], [ 90.381752057000085, 23.899406647000035 ], [ 90.382013421000067, 23.899338257000068 ], [ 90.382905533000041, 23.899108606000027 ], [ 90.383271167000032, 23.89901448300003 ], [ 90.38356050200008, 23.898929374000033 ], [ 90.38392953400006, 23.898820821000072 ], [ 90.384718942000063, 23.898588609000058 ], [ 90.385243384000034, 23.898290893000024 ], [ 90.385274289000051, 23.898273349000078 ], [ 90.385418016000074, 23.898191899000039 ], [ 90.385675442000036, 23.898046014000045 ], [ 90.385750562000055, 23.89800344400004 ], [ 90.385813081000038, 23.897967158000029 ], [ 90.385927585000047, 23.897814840000024 ], [ 90.386523121000039, 23.897022634000052 ], [ 90.386667454000076, 23.896831464000059 ], [ 90.386697952000077, 23.896790988000078 ], [ 90.386798547000069, 23.896657492000031 ], [ 90.386940213000059, 23.896469487000047 ], [ 90.387142213000061, 23.896239480000077 ], [ 90.387159760000031, 23.89621949900004 ], [ 90.387381744000038, 23.895966737000037 ], [ 90.387445039000056, 23.895894668000039 ], [ 90.387539269000058, 23.895786042000054 ], [ 90.387693990000059, 23.895665559000065 ], [ 90.388242913000056, 23.895238104000043 ], [ 90.388275264000072, 23.895212912000034 ], [ 90.388420739000082, 23.895099627000036 ], [ 90.388540230000046, 23.895020290000048 ], [ 90.38857904200006, 23.894995612000059 ], [ 90.388579448000087, 23.894995355000049 ], [ 90.388611376000085, 23.894962632000045 ], [ 90.388612206000062, 23.894961782000053 ], [ 90.388885563000031, 23.894681612000056 ], [ 90.38916458500006, 23.894267046000039 ], [ 90.38924058200007, 23.894154133000029 ], [ 90.389295830000037, 23.894011381000041 ], [ 90.389316915000052, 23.893956900000035 ], [ 90.389495314000044, 23.893495939000047 ], [ 90.389511722000066, 23.89343944500007 ], [ 90.389569978000054, 23.89315702500005 ], [ 90.389686015000052, 23.892594486000064 ], [ 90.389924060000055, 23.89218154200006 ], [ 90.389967590000083, 23.892106030000036 ], [ 90.390035879000038, 23.891947792000053 ], [ 90.39007644600008, 23.891963495000027 ], [ 90.390176258000054, 23.891875178000078 ], [ 90.390220936000048, 23.891827645000035 ], [ 90.390223367000033, 23.891824987000064 ], [ 90.39035556500005, 23.891680529000041 ], [ 90.391039592000084, 23.891091694000067 ], [ 90.391511942000079, 23.890550814000051 ], [ 90.392097819000071, 23.889993837000077 ], [ 90.39242316900004, 23.88957074800004 ], [ 90.392618227000071, 23.889105089000054 ], [ 90.39273083300003, 23.88857867300004 ], [ 90.392712901000039, 23.888129363000076 ], [ 90.39258013500006, 23.887468088000048 ], [ 90.392552323000075, 23.887041145000069 ], [ 90.39254601500005, 23.886944303000064 ], [ 90.392707327000039, 23.886282277000078 ], [ 90.392976935000036, 23.88567086200004 ], [ 90.392999399000075, 23.885619916000053 ], [ 90.393002237000076, 23.885600516000068 ], [ 90.393063161000043, 23.885183945000051 ], [ 90.393046291000076, 23.884883665000075 ], [ 90.393025856000065, 23.884825008000064 ], [ 90.39299361500008, 23.884734647000073 ], [ 90.39286486900005, 23.884373805000052 ], [ 90.39285779000005, 23.884355757000037 ], [ 90.392700298000079, 23.883954223000046 ], [ 90.392731706000063, 23.883579305000069 ], [ 90.392894100000035, 23.883278567000048 ], [ 90.393415570000059, 23.882751104000079 ], [ 90.393603450000057, 23.882444462000024 ], [ 90.393756452000048, 23.882194746000039 ], [ 90.393793864000031, 23.881923931000074 ], [ 90.393797684000049, 23.881896277000067 ], [ 90.39382073400003, 23.881729419000067 ], [ 90.393808449000062, 23.881646706000026 ], [ 90.393815442000061, 23.881589005000023 ], [ 90.393814429000031, 23.881254434000027 ], [ 90.393839942000056, 23.881096641000056 ], [ 90.393846689000043, 23.881058764000045 ], [ 90.393860385000039, 23.880981877000067 ], [ 90.39389135600004, 23.880910103000076 ], [ 90.393902505000085, 23.880890934000035 ], [ 90.393927552000036, 23.880847875000029 ], [ 90.394005374000074, 23.88079988100003 ], [ 90.394072931000039, 23.880794928000057 ], [ 90.394176887000071, 23.880794661000039 ], [ 90.394353598000066, 23.88078942900006 ], [ 90.394832302000054, 23.88095548900003 ], [ 90.395104856000046, 23.881053765000047 ], [ 90.395224963000032, 23.881097072000046 ], [ 90.395279807000065, 23.881116848000033 ], [ 90.395316412000057, 23.881130063000057 ], [ 90.395362712000065, 23.88115044400007 ], [ 90.395394304000035, 23.881164350000063 ], [ 90.395446342000071, 23.881175192000057 ], [ 90.395711575000064, 23.881230449000043 ], [ 90.395767599000067, 23.881245269000033 ], [ 90.396158950000085, 23.881348789000072 ], [ 90.396422468000083, 23.881371283000078 ], [ 90.396756860000039, 23.881399825000074 ], [ 90.396891337000056, 23.881413549000058 ], [ 90.397292616000072, 23.881454499000029 ], [ 90.397396396000033, 23.881465090000063 ], [ 90.39788390800004, 23.881498983000029 ], [ 90.397926690000077, 23.881501957000069 ], [ 90.398259497000083, 23.881548892000069 ], [ 90.398488348000058, 23.881596096000067 ], [ 90.398584221000078, 23.881630539000071 ], [ 90.398660067000037, 23.881657787000051 ], [ 90.398710220000055, 23.881676084000048 ], [ 90.398790159000043, 23.881705246000024 ], [ 90.398968615000058, 23.881765366000025 ], [ 90.399268858000084, 23.881866513000034 ], [ 90.399327199000084, 23.881882030000043 ], [ 90.399606997000035, 23.881956448000039 ], [ 90.399825423000038, 23.881994118000023 ], [ 90.399991842000077, 23.882022363000033 ], [ 90.400112302000082, 23.88205223600005 ], [ 90.400163503000044, 23.882064933000038 ], [ 90.400277929000083, 23.882088534000047 ], [ 90.400371534000044, 23.882102630000077 ], [ 90.400792756000044, 23.882192794000048 ], [ 90.400848139000061, 23.882204649000073 ], [ 90.401011297000082, 23.882239573000049 ], [ 90.401349394000079, 23.882315166000069 ], [ 90.401393944000063, 23.882330534000062 ], [ 90.40173444800007, 23.882447991000049 ], [ 90.402056877000064, 23.88249972400007 ], [ 90.402264910000042, 23.882537418000027 ], [ 90.402274651000084, 23.882539524000038 ], [ 90.402483368000048, 23.882584644000076 ], [ 90.402654957000038, 23.882603313000061 ], [ 90.402817700000071, 23.882602887000075 ], [ 90.402883662000079, 23.882602714000029 ], [ 90.403003139000077, 23.882578504000037 ], [ 90.403132908000032, 23.882520808000038 ], [ 90.40323674800004, 23.88248229900006 ], [ 90.403330131000075, 23.882424699000069 ], [ 90.403439153000079, 23.882381396000028 ], [ 90.403532479000035, 23.882364797000037 ], [ 90.403552441000045, 23.882360611000024 ], [ 90.403620700000033, 23.882346298000073 ], [ 90.403649985000072, 23.882339955000077 ], [ 90.403771607000067, 23.88231361000004 ], [ 90.403958731000046, 23.882313119000059 ], [ 90.404161550000083, 23.882346043000041 ], [ 90.404270705000044, 23.882345757000053 ], [ 90.404386613000042, 23.882345452000038 ], [ 90.404442235000033, 23.882345306000047 ], [ 90.404603398000063, 23.882354442000064 ], [ 90.404683351000074, 23.882352037000032 ], [ 90.40485175200007, 23.88234697200005 ], [ 90.404951624000034, 23.882343967000054 ], [ 90.405011417000082, 23.882343809000076 ], [ 90.405071175000046, 23.882343652000031 ], [ 90.40516997800006, 23.88235773200006 ], [ 90.40527392100006, 23.882352678000075 ], [ 90.405346586000064, 23.88231902900003 ], [ 90.405350101000067, 23.882317497000031 ], [ 90.405434831000036, 23.882280560000027 ], [ 90.405517922000058, 23.882256442000028 ], [ 90.405627077000076, 23.88225615500005 ], [ 90.405715456000053, 23.882260702000053 ], [ 90.405826943000079, 23.882286019000048 ], [ 90.405943188000037, 23.882275373000027 ], [ 90.406418236000036, 23.882231865000051 ], [ 90.406986510000081, 23.882234846000074 ], [ 90.407176046000075, 23.88223434400004 ], [ 90.407294081000032, 23.882234031000053 ], [ 90.407311748000041, 23.882236466000052 ], [ 90.407589957000084, 23.882274820000077 ], [ 90.407768779000037, 23.882299471000067 ], [ 90.407873366000047, 23.882313889000045 ], [ 90.40804756700004, 23.882337903000064 ], [ 90.408354776000067, 23.882380253000065 ], [ 90.408571031000065, 23.882404192000024 ], [ 90.408730744000081, 23.882421871000076 ], [ 90.408992246000082, 23.882450818000052 ], [ 90.409355815000083, 23.88249221600006 ], [ 90.409515491000036, 23.882510397000033 ], [ 90.409666884000046, 23.882536703000028 ], [ 90.409773469000072, 23.882555223000054 ], [ 90.410554741000055, 23.882690976000049 ], [ 90.410769802000061, 23.882728344000043 ], [ 90.410822707000079, 23.882740433000038 ], [ 90.41084393400007, 23.88274528200003 ], [ 90.410965169000065, 23.882772983000052 ], [ 90.410998101000075, 23.882779523000067 ], [ 90.411351306000086, 23.882849662000069 ], [ 90.411422182000081, 23.882863737000037 ], [ 90.411759360000076, 23.882930692000059 ], [ 90.41210962200006, 23.883000246000051 ], [ 90.412506357000041, 23.883238537000068 ], [ 90.412545521000084, 23.883261859000072 ], [ 90.412591907000035, 23.883289482000066 ], [ 90.412656809000055, 23.883328131000042 ], [ 90.412698877000082, 23.883353183000054 ], [ 90.412756989000059, 23.883388117000038 ], [ 90.412767560000077, 23.883394472000077 ], [ 90.412979879000034, 23.883522109000069 ], [ 90.413027955000075, 23.883551010000076 ], [ 90.413122677000047, 23.883607207000068 ], [ 90.41321253600006, 23.88367809500005 ], [ 90.413253158000032, 23.88371072800004 ], [ 90.413352160000045, 23.883789408000041 ], [ 90.413593842000068, 23.883981479000056 ], [ 90.413912954000068, 23.884235085000057 ], [ 90.414006470000061, 23.88429805800007 ], [ 90.41402703600005, 23.88431186400004 ], [ 90.414406772000063, 23.884566777000032 ], [ 90.414476274000037, 23.884613433000027 ], [ 90.41460916300008, 23.884702640000057 ], [ 90.414683237000077, 23.884752365000054 ], [ 90.414950086000033, 23.885144521000029 ], [ 90.414971176000051, 23.885175515000071 ], [ 90.415007496000044, 23.885228889000075 ], [ 90.415080472000056, 23.885336133000067 ], [ 90.415170364000062, 23.885417181000037 ], [ 90.415494969000065, 23.885750499000039 ], [ 90.415862013000037, 23.886000930000023 ], [ 90.415900437000062, 23.88602714600006 ], [ 90.416126248000069, 23.88610962000007 ], [ 90.416305494000085, 23.886175085000048 ], [ 90.416470194000055, 23.886224866000077 ], [ 90.416474728000082, 23.886226237000074 ], [ 90.416497427000081, 23.886233098000048 ], [ 90.416912651000075, 23.88635860100004 ], [ 90.417092986000057, 23.886402971000052 ], [ 90.417214459000036, 23.886432858000035 ], [ 90.417701317000081, 23.886552644000062 ], [ 90.417756867000037, 23.886566311000024 ], [ 90.417899187000046, 23.886601830000075 ], [ 90.418025374000081, 23.886633324000059 ], [ 90.418164029000081, 23.886693413000046 ], [ 90.418491386000085, 23.886835283000039 ], [ 90.419138515000043, 23.887036748000071 ], [ 90.41953501200004, 23.887147875000039 ], [ 90.419665138000084, 23.887184344000048 ], [ 90.420413624000048, 23.887403593000045 ], [ 90.421028288000059, 23.887546895000071 ], [ 90.421122034000064, 23.88756875100006 ], [ 90.421188810000046, 23.887586787000032 ], [ 90.421668308000051, 23.887716288000036 ], [ 90.421863992000056, 23.887801229000047 ], [ 90.422174909000034, 23.887936188000026 ], [ 90.42221154300006, 23.887971482000069 ], [ 90.422385152000061, 23.888188268000079 ], [ 90.422668911000073, 23.888616839000065 ], [ 90.422891210000046, 23.889081942000075 ], [ 90.423135810000076, 23.889410218000023 ], [ 90.423147963000076, 23.889426529000048 ], [ 90.423224762000075, 23.889471741000023 ], [ 90.423409392000053, 23.889648843000032 ], [ 90.42346189400007, 23.889699205000056 ], [ 90.423590207000075, 23.889869717000067 ], [ 90.423667098000067, 23.889914666000038 ], [ 90.423864560000084, 23.890102479000063 ], [ 90.424216817000058, 23.89043752200007 ], [ 90.424243637000075, 23.890463030000035 ], [ 90.424427792000074, 23.890638185000057 ], [ 90.424526197000034, 23.890731780000067 ], [ 90.424803370000063, 23.890995405000069 ], [ 90.424887080000076, 23.891060658000072 ], [ 90.425734522000084, 23.891714679000074 ], [ 90.425971617000073, 23.891897658000062 ], [ 90.426154619000044, 23.892015384000047 ], [ 90.426891707000038, 23.89248955100004 ], [ 90.426902422000069, 23.892496444000074 ], [ 90.42755838100004, 23.892918415000054 ], [ 90.428028066000081, 23.893225784000037 ], [ 90.42804701700004, 23.89323818500003 ], [ 90.428210150000041, 23.893344941000066 ], [ 90.428542551000078, 23.893562466000049 ], [ 90.428706773000044, 23.893669933000069 ], [ 90.428916328000071, 23.893807066000022 ], [ 90.42921106600005, 23.89399994200005 ], [ 90.429322424000077, 23.894084595000038 ], [ 90.429342735000034, 23.894100036000054 ], [ 90.429812632000051, 23.894457242000044 ], [ 90.430277669000077, 23.894810751000023 ], [ 90.430739326000037, 23.895233838000024 ], [ 90.430765518000044, 23.895252120000066 ], [ 90.43119534300007, 23.895642776000045 ], [ 90.431443598000044, 23.895814760000064 ], [ 90.432032898000045, 23.896223005000024 ], [ 90.432404109000061, 23.896332607000033 ], [ 90.432781459000068, 23.896442190000073 ], [ 90.432920436000074, 23.896487104000073 ], [ 90.433397949000039, 23.896641422000073 ], [ 90.434039074000054, 23.896877990000064 ], [ 90.434128714000053, 23.896963952000078 ], [ 90.434513957000036, 23.897299040000064 ], [ 90.434542478000083, 23.897319799000059 ], [ 90.434587806000081, 23.897362902000054 ], [ 90.434968581000078, 23.897691422000037 ], [ 90.434973891000084, 23.897696003000078 ], [ 90.435307331000047, 23.897936881000078 ], [ 90.435440520000043, 23.898064163000072 ], [ 90.436511100000075, 23.899369593000074 ], [ 90.437286147000066, 23.900314639000044 ], [ 90.43743171400007, 23.900303944000029 ], [ 90.437754301000041, 23.90069359000006 ], [ 90.438205484000036, 23.900660692000031 ], [ 90.438409697000054, 23.900540894000073 ], [ 90.438750866000078, 23.900340751000044 ] ] ] ] } }
]
}
