{
"type": "FeatureCollection",
"name": "district",
"crs": { "type": "name", "properties": { "name": "urn:ogc:def:crs:OGC:1.3:CRS84" } },
"features": [
{ "type": "Feature", "properties": { "FEATURE_ID": "DH22_0001", "GEO_CODE": "3026", "GEO_CODE_CLEAN": "3026", "ADMIN_LEVEL": "district", "LEVEL_STANDARD": "district", "LEVEL_ORDER": 1, "location_name": "Dhaka", "PARENT_GEO_CODE": null, "PARENT_LOCATION_NAME": null, "CHILD_COUNT": 60, "HAS_CHILDREN": 1, "ADMIN_PATH": "3026", "CENSUS_DATA_AVAILABLE": 1, "CENSUS_TABLE_COUNT": 18, "CENSUS_COVERAGE_PCT": 100.0, "SDG_DATA_AVAILABLE": 1, "SDG_INDICATOR_COUNT": 22, "NAME_MATCH_STATUS": "MATCH", "CENSUS_LOCATION_NAME": "Dhaka", "DIVISION_CODE": "30", "DIVISION_NAME": "Dhaka", "DISTRICT_CODE": "26", "DISTRICT_NAME": "Dhaka", "CITY_CODE": null, "CITY_NAME": null, "UPAZILA_CODE": null, "UPAZILA_NAME": null, "MUNICIPALITY_CODE": null, "MUNICIPALITY_NAME": null, "UNION_CODE": null, "UNION_NAME": null, "MAUZA_CODE": null, "CENTROID_LAT": 23.78845095634701, "CENTROID_LON": 90.250585317546253, "MAUZA_NAME": null, "VILLAGE_CODE": null, "VILLAGE_NAME": null, "RMO_CODE": null, "location_id": "1", "source_row_number": 7.0, "level": "district", "district": 26.0, "city_corporation": null, "upazila_thana": null, "paurashava": null, "union_ward": null, "mauza": null, "village_mahalla": null, "household_except_floating_household_total_c_01": 4029271.0, "general_c_01": 3737085.0, "institutional_c_01": 4753.0, "others_c_01": 287433.0, "population_including_floating_population_total_c_01": 14734701.0, "male_c_01": 7900035.0, "female_c_01": 6833989.0, "hijra_c_01": 677.0, "sex_ratio_c_01": 115.6, "total_c_02": 14734701.0, "age_group_in_years_0_4_c_02": 1111280.0, "5_9_c_02": 1119899.0, "10_14_c_02": 1221785.0, "15_19_c_02": 1448001.0, "20_24_c_02": 1726870.0, "25_29_c_02": 1744130.0, "30_34_c_02": 1384799.0, "35_39_c_02": 1302930.0, "40_44_c_02": 981546.0, "45_49_c_02": 728365.0, "50_54_c_02": 649141.0, "55_59_c_02": 415270.0, "60_64_c_02": 367746.0, "65_69_c_02": 230960.0, "70_74_c_02": 162303.0, "75_79_c_02": 64886.0, "80_c_02": 74790.0, "total_c_03": 14734701.0, "muslim_c_03": 13980953.0, "hindu_c_03": 672269.0, "christian_c_03": 63406.0, "buddhist_c_03": 16164.0, "others_c_03": 1909.0, "male_population_number_c_04": 6744075.0, "total_c_04": 100.0, "never_married_c_04": 37.12, "currently_married_c_04": 61.9, "widowed_widower_c_04": 0.66, "divorced_c_04": 0.16, "separated_c_04": 0.16, "female_population_number_c_04": 5758770.0, "total_1_c_04": 100.0, "never_married_1_c_04": 23.92, "currently_married_1_c_04": 67.9, "widowed_widower_1_c_04": 7.02, "divorced_1_c_04": 0.61, "separated_1_c_04": 0.55, "5_years_and_above_total_c_05": 84.2, "male_c_05": 85.71, "female_c_05": 82.44, "7_years_and_above_total_c_05": 84.88, "male_1_c_05": 86.45, "female_1_c_05": 83.06, "15_years_and_above_total_c_05": 83.49, "male_2_c_05": 85.44, "female_2_c_05": 81.2, "population_number_c_06": 13622744.0, "field_of_education_total_c_06": 11895165.0, "general_c_06": 10957480.0, "technical_c_06": 137348.0, "religious_c_06": 586579.0, "others_c_06": 213758.0, "highest_level_of_education_attained_total_c_06": 11895165.0, "attended_school_but_not_completed_play_nursery_kg_pre_primary_class_i_c_06": 131558.0, "play_nursery_kg_pre_primary_student_c_06": 284905.0, "student_class_i_c_06": 174257.0, "class_i_v_c_06": 2844088.0, "class_vi_ix_c_06": 2868715.0, "ssc_dakhil_o_level_equivalent_c_06": 1532886.0, "hsc_alim_a_level_equivalent_c_06": 1637154.0, "diploma_nursing_midwifery_c_06": 86207.0, "graduate_and_above_c_06": 1961379.0, "non_formal_informal_education_and_others_c_06": 374016.0, "total_male_c_07": 1874793.0, "female_c_07": 1558110.0, "5_9_years_male_c_07": 449279.0, "female_1_c_07": 412324.0, "10_14_years_male_c_07": 531616.0, "female_2_c_07": 471178.0, "15_19_years_male_c_07": 428173.0, "female_3_c_07": 362924.0, "20_24_years_male_c_07": 345298.0, "female_4_c_07": 245842.0, "25_29_years_male_c_07": 120427.0, "female_5_c_07": 65842.0, "population_total_c_08": 13622744.0, "male_c_08": 7331728.0, "female_c_08": 6291016.0, "employed_total_c_08": 6034237.0, "male_1_c_08": 4780285.0, "female_1_c_08": 1253952.0, "household_work_total_c_08": 2554393.0, "male_2_c_08": 52288.0, "female_2_c_08": 2502105.0, "looking_for_work_total_c_08": 164153.0, "male_3_c_08": 123278.0, "female_3_c_08": 40875.0, "do_not_work_total_c_08": 4869961.0, "male_4_c_08": 2375877.0, "female_4_c_08": 2494084.0, "total_c_09": 6034237.0, "male_c_09": 4780285.0, "female_c_09": 1253952.0, "agriculture_total_c_09": 280609.0, "male_1_c_09": 184901.0, "female_1_c_09": 95708.0, "industry_total_c_09": 1967797.0, "male_2_c_09": 1458863.0, "female_2_c_09": 508934.0, "service_total_c_09": 3785831.0, "male_3_c_09": 3136521.0, "female_3_c_09": 649310.0, "total_c_10": 25.44, "15_19_years_c_10": 21.13, "20_24_years_c_10": 29.06, "male_total_c_10": 8.89, "15_19_years_1_c_10": 10.21, "20_24_years_1_c_10": 7.75, "female_total_c_10": 42.49, "15_19_years_2_c_10": 32.65, "20_24_years_2_c_10": 50.57, "population_having_mobile_phone_for_own_use_5_years_and_above_total_c_11_": 71.16, "male_c_11_": 76.85, "female_c_11_": 64.54, "15_years_and_above_total_c_11_": 84.69, "male_1_c_11_": 91.12, "female_1_c_11_": 77.15, "internet_user_5_years_and_above_total_c_11_": 52.98, "male_2_c_11_": 59.44, "female_2_c_11_": 45.45, "15_years_and_above_total_1_c_11_": 60.97, "male_3_c_11_": 68.53, "female_3_c_11_": 52.1, "having_account_in_financial_institution_bank_insurance_micro_credit_post_office_etc_total_c_12": 34.63, "male_c_12": 40.4, "female_c_12": 27.86, "having_mobile_banking_account_total_c_12": 47.85, "male_1_c_12": 59.59, "female_1_c_12": 34.08, "ethnic_population_total_c_13": 27137.0, "male_c_13": 13888.0, "female_c_13": 13249.0, "ethnic_population_in_major_groups_garo_c_13": 9367.0, "chakma_c_13": 5422.0, "marma_c_13": 2312.0, "others_c_13": 10036.0, "general_household_c_14": 3737085.0, "type_of_structure_total_c_14": 100.0, "pucca_c_14": 67.83, "semi_pucca_c_14": 19.12, "kancha_c_14": 12.85, "jhupri_c_14": 0.2, "ownership_status_total_c_14": 100.0, "own_dwelling_unit_c_14": 27.51, "rented_but_having_own_dwelling_unit_elsewhere_c_14": 57.07, "rented_and_having_no_own_dwelling_unit_elsewhere_c_14": 13.39, "rent_free_but_having_own_dwelling_unit_elsewhere_c_14": 1.34, "rent_free_and_having_no_own_dwelling_unit_elsewhere_c_14": 0.69, "general_household_c_15": 3737085.0, "source_of_drinking_water_total_c_15": 100.0, "tap_pipe_supply_c_15": 61.5, "tube_well_deep_shallow_c_15": 37.75, "bottled_jar_water_c_15": 0.72, "well_c_15": 0.01, "pond_river_canal_lake_c_15": 0.01, "spring_c_15": 0.0, "rain_water_c_15": 0.0, "others_c_15": 0.01, "general_household_c_16": 3737085.0, "toilet_facilities_total_c_16": 100.0, "safe_disposal_with_flushing_pouring_water_c_16": 86.67, "unsafe_disposal_with_flushing_pouring_water_c_16": 7.77, "pit_latrine_with_slab_ventilated_improved_latrine_composting_latrine_c_16": 4.89, "pit_latrine_without_slab_open_pit_c_16": 0.47, "raw_open_hanging_latrine_permanent_temporary_c_16": 0.17, "open_defecation_no_latrine_available_c_16": 0.04, "general_household_c_17": 3737085.0, "source_of_cooking_fuel_total_c_17": 100.0, "straw_leaf_bran_husk_c_17": 1.89, "wood_chalk_chopped_wood_c_17": 10.01, "wood_coal_charcoal_dried_dung_c_17": 1.14, "kerosene_paraffin_c_17": 0.22, "petrol_diesel_c_17": 0.04, "electricity_c_17": 0.52, "supply_gas_c_17": 69.17, "lp_gas_c_17": 16.65, "biogas_c_17": 0.14, "others_c_17": 0.21, "electricity_coverage_c_17": 99.91, "general_household_c_18": 3737085.0, "household_comprising_1_person_c_18": 244661.0, "2_person_c_18": 715735.0, "3_person_c_18": 914430.0, "4_person_c_18": 969773.0, "5_person_c_18": 504971.0, "6_person_c_18": 211944.0, "7_person_c_18": 89097.0, "8_person_c_18": 41419.0, "9_person_c_18": 20706.0, "10_person_c_18": 11208.0, "10_person_1_c_18": 13141.0, "average_household_size_c_18": 3.62, "code_15": null, "code_18": null, "LOCATION_NAME_CLEAN": "Dhaka", "LOCATION_KEY": "3026", "sdg_4_2_2_learning_total": 51.83, "sdg_4_2_2_learning_male": 50.54, "sdg_4_2_2_learning_female": 53.22, "sdg_5_b_1_mobile_total": 71.16, "sdg_5_b_1_mobile_male": 76.85, "sdg_5_b_1_mobile_female": 64.54, "sdg_6_2_1a_basic_sanitation": 61.26, "sdg_6_2_1b_handwashing": 89.31, "sdg_7_1_1_electricity": 99.76, "sdg_7_1_2_clean_fuel": 86.18, "sdg_8_6_1_neet_total": 25.44, "sdg_8_6_1_neet_male": 8.89, "sdg_8_6_1_neet_female": 42.49, "sdg_8_10_2_financial_inclusion_total": 56.41, "sdg_8_10_2_financial_inclusion_male": 66.87, "sdg_8_10_2_financial_inclusion_female": 44.15, "sdg_11_1_1_urban_slum_total": 5.76, "sdg_11_1_1_urban_slum_male": 5.7, "sdg_11_1_1_urban_slum_female": 5.84, "sdg_17_8_1_internet_total": 52.98, "sdg_17_8_1_internet_male": 59.44, "sdg_17_8_1_internet_female": 45.45, "IS_LEAF": 0 }, "geometry": { "type": "MultiPolygon", "coordinates": [ [ [ [ 90.018893579000064, 24.044585 ], [ 90.018345989000068, 24.044073500000025 ], [ 90.017912831000046, 24.043308070000023 ], [ 90.017910900000061, 24.042684844000064 ], [ 90.018017189000034, 24.04230096200007 ], [ 90.018554055000038, 24.041867349000029 ], [ 90.018768224000041, 24.041530874000046 ], [ 90.018821665000075, 24.041289254000048 ], [ 90.018825307000043, 24.041018412000028 ], [ 90.018839577000051, 24.039957093000055 ], [ 90.018864230000077, 24.038123448000078 ], [ 90.019023624000056, 24.037357945000053 ], [ 90.019142842000065, 24.037179544000026 ], [ 90.019184324000037, 24.037118572000054 ], [ 90.019667711000068, 24.036827220000077 ], [ 90.02004448100007, 24.036730075000037 ], [ 90.021389972000065, 24.036723118000054 ], [ 90.022433276000072, 24.036541594000028 ], [ 90.022519991000081, 24.036526507000076 ], [ 90.022531880000031, 24.036522916000024 ], [ 90.023649673000079, 24.036185368000076 ], [ 90.024241886000084, 24.036135599000033 ], [ 90.026395999000044, 24.036363306000055 ], [ 90.026594230000057, 24.036469426000053 ], [ 90.026665864000051, 24.036507775000075 ], [ 90.027096095000047, 24.036360927000032 ], [ 90.027580423000074, 24.036263744000053 ], [ 90.027902782000069, 24.036119169000074 ], [ 90.028225105000047, 24.035827820000065 ], [ 90.028545500000064, 24.035154858000055 ], [ 90.028597299000069, 24.034531623000078 ], [ 90.028703888000052, 24.034292249000032 ], [ 90.028756314000077, 24.033716433000052 ], [ 90.028863219000073, 24.033522220000066 ], [ 90.028910784000061, 24.033039267000049 ], [ 90.028915037000047, 24.032996083000057 ], [ 90.028589744000044, 24.032327756000029 ], [ 90.027994926000076, 24.031609803000038 ], [ 90.027617836000047, 24.031564710000055 ], [ 90.027354199000058, 24.031428641000048 ], [ 90.027277527000081, 24.031389068000067 ], [ 90.026970556000038, 24.031230632000074 ], [ 90.026106858000048, 24.030564654000045 ], [ 90.024704117000056, 24.029754241000035 ], [ 90.02411092300008, 24.029327559000023 ], [ 90.023356103000083, 24.028995742000063 ], [ 90.023032503000081, 24.028995793000036 ], [ 90.02292527000003, 24.029092906000074 ], [ 90.022606148000079, 24.03010230700005 ], [ 90.022444833000066, 24.030246846000068 ], [ 90.021798534000084, 24.030154359000051 ], [ 90.021584069000085, 24.030393744000037 ], [ 90.021585032000075, 24.030633098000067 ], [ 90.021423722000065, 24.030825056000026 ], [ 90.021405624000067, 24.030825311000058 ], [ 90.021262382000032, 24.030827337000062 ], [ 90.020938740000076, 24.030585769000027 ], [ 90.020833300000049, 24.030400621000069 ], [ 90.020450893000032, 24.029727771000069 ], [ 90.02039484900007, 24.029007456000045 ], [ 90.020445405000032, 24.028050031000078 ], [ 90.020604474000038, 24.027327429000024 ], [ 90.02087141800007, 24.026656747000061 ], [ 90.021240678000083, 24.02591605300006 ], [ 90.021566311000072, 24.025261168000043 ], [ 90.021727630000044, 24.025166305000027 ], [ 90.022158468000043, 24.025163986000052 ], [ 90.02253586900008, 24.025355866000041 ], [ 90.023128372000031, 24.025498037000034 ], [ 90.023289698000042, 24.025446076000037 ], [ 90.023611998000035, 24.025109575000045 ], [ 90.023718588000065, 24.024870204000024 ], [ 90.023982591000049, 24.023379840000075 ], [ 90.024304577000066, 24.023043337000047 ], [ 90.024787911000033, 24.022803906000036 ], [ 90.02487364600006, 24.022799374000044 ], [ 90.026133858000037, 24.02274723000005 ], [ 90.026672560000065, 24.02279229800007 ], [ 90.027480177000086, 24.022981834000063 ], [ 90.027696237000043, 24.02312405300006 ], [ 90.028180834000068, 24.023072028000058 ], [ 90.028735289000053, 24.023252934000027 ], [ 90.029204518000085, 24.023406030000046 ], [ 90.029584050000039, 24.023482732000048 ], [ 90.029904885000064, 24.02354589600003 ], [ 90.031738119000067, 24.024353914000073 ], [ 90.03217027900007, 24.02473543800005 ], [ 90.032439793000037, 24.024780541000041 ], [ 90.033518276000052, 24.025399019000076 ], [ 90.033670715000085, 24.025504480000052 ], [ 90.035515204000035, 24.026780503000055 ], [ 90.036108705000061, 24.027112300000056 ], [ 90.036755988000039, 24.027444082000045 ], [ 90.037672157000031, 24.027728376000027 ], [ 90.037911307000059, 24.027951866000024 ], [ 90.03834183400005, 24.027899822000052 ], [ 90.038760985000067, 24.027836491000073 ], [ 90.039309527000057, 24.027825062000034 ], [ 90.041151217000049, 24.02778844900007 ], [ 90.041192441000078, 24.027879072000076 ], [ 90.041261115000054, 24.028030044000047 ], [ 90.041529168000068, 24.028619314000025 ], [ 90.041820680000058, 24.029181492000077 ], [ 90.041873766000037, 24.02923080000005 ], [ 90.042131773000051, 24.029470439000079 ], [ 90.042248159000053, 24.029479673000026 ], [ 90.043237821000048, 24.02955819500005 ], [ 90.045671887000083, 24.029972973000042 ], [ 90.046974268000042, 24.029931934000047 ], [ 90.047032212000033, 24.029950815000063 ], [ 90.047777377000045, 24.030193621000024 ], [ 90.049155739000071, 24.03034447400006 ], [ 90.049691634000055, 24.030531482000072 ], [ 90.049925053000038, 24.030612935000079 ], [ 90.05018225300006, 24.030642340000043 ], [ 90.052071751000085, 24.030858349000027 ], [ 90.052996868000037, 24.03109061300006 ], [ 90.053374290000079, 24.031185320000077 ], [ 90.053598052000041, 24.031190210000034 ], [ 90.053691229000037, 24.031192246000046 ], [ 90.055204995000054, 24.031225315000029 ], [ 90.055958512000075, 24.031170850000024 ], [ 90.05662170100004, 24.031170607000035 ], [ 90.057628435000083, 24.031086682000023 ], [ 90.058714202000033, 24.031126915000073 ], [ 90.058782124000061, 24.031138178000049 ], [ 90.059183200000064, 24.031201252000074 ], [ 90.059559081000032, 24.03126658900004 ], [ 90.059750258000065, 24.031327483000041 ], [ 90.060098149000055, 24.031338636000044 ], [ 90.060143308000079, 24.031334076000064 ], [ 90.060479818000033, 24.031300099000077 ], [ 90.060979244000066, 24.03072409400005 ], [ 90.061181952000084, 24.030473369000049 ], [ 90.06135486900007, 24.030258783000079 ], [ 90.061389631000054, 24.030254390000039 ], [ 90.061731307000059, 24.030211214000076 ], [ 90.062108803000058, 24.030450416000065 ], [ 90.062110924000081, 24.031023963000052 ], [ 90.061950644000035, 24.031313060000059 ], [ 90.062004777000084, 24.031407877000049 ], [ 90.062274670000079, 24.031550026000048 ], [ 90.062651771000048, 24.031597289000047 ], [ 90.062656441000058, 24.031600365000031 ], [ 90.062918602000082, 24.031773073000068 ], [ 90.063083385000084, 24.031881629000054 ], [ 90.063838299000054, 24.032165832000032 ], [ 90.064000327000031, 24.032310281000036 ], [ 90.064001414000074, 24.032644471000026 ], [ 90.063853534000032, 24.033179352000047 ], [ 90.063842201000057, 24.033220345000075 ], [ 90.063387909000085, 24.033703759000048 ], [ 90.063397080000072, 24.033939231000033 ], [ 90.063397153000039, 24.033941091000031 ], [ 90.063427748000038, 24.034726644000045 ], [ 90.063857910000081, 24.035157755000057 ], [ 90.063980911000044, 24.035923186000048 ], [ 90.063914105000038, 24.036928052000064 ], [ 90.064149177000047, 24.037476660000038 ], [ 90.064637498000081, 24.038034197000059 ], [ 90.064910338000061, 24.038146612000048 ], [ 90.065272582000034, 24.038295862000041 ], [ 90.065868993000038, 24.037451091000037 ], [ 90.066071095000041, 24.036613264000039 ], [ 90.066355921000081, 24.035881529000051 ], [ 90.066628122000054, 24.035106896000059 ], [ 90.066704057000038, 24.035002693000024 ], [ 90.066715622000061, 24.034986822000064 ], [ 90.067044559000067, 24.034535426000048 ], [ 90.067383688000064, 24.033643343000051 ], [ 90.067472530000032, 24.033105886000044 ], [ 90.067711686000052, 24.032631587000026 ], [ 90.06812431600008, 24.032443985000043 ], [ 90.068602118000058, 24.032290223000075 ], [ 90.069032382000046, 24.03231938600004 ], [ 90.069218030000059, 24.032371237000064 ], [ 90.069616327000062, 24.032479648000049 ], [ 90.069830916000058, 24.032538055000032 ], [ 90.070798612000033, 24.033000513000047 ], [ 90.071882368000047, 24.033803879000061 ], [ 90.072097853000059, 24.033898616000045 ], [ 90.072560900000042, 24.033867871000041 ], [ 90.072851381000078, 24.033848583000065 ], [ 90.073175740000067, 24.034085523000044 ], [ 90.073429457000032, 24.034392498000045 ], [ 90.073697935000041, 24.034715272000028 ], [ 90.073979415000053, 24.035392411000032 ], [ 90.074039538000079, 24.035537043000033 ], [ 90.074227839000059, 24.036451466000074 ], [ 90.074215173000084, 24.036662447000026 ], [ 90.074212327000055, 24.036709869000049 ], [ 90.074208571000042, 24.036772445000054 ], [ 90.074188789000061, 24.037101989000064 ], [ 90.074174566000067, 24.037338908000038 ], [ 90.074042228000053, 24.038129793000053 ], [ 90.074017750000053, 24.03827607900007 ], [ 90.073509738000041, 24.039375998000025 ], [ 90.073246854000047, 24.040261283000063 ], [ 90.073259994000068, 24.041211920000023 ], [ 90.073553038000057, 24.042011132000027 ], [ 90.074240155000041, 24.04252716600007 ], [ 90.074661795000054, 24.042843819000041 ], [ 90.074876937000056, 24.04284145500003 ], [ 90.07498548500007, 24.042936240000074 ], [ 90.075846969000054, 24.042931302000056 ], [ 90.076164805000076, 24.042905580000024 ], [ 90.077138367000032, 24.042826786000035 ], [ 90.079937932000064, 24.04276889700003 ], [ 90.080261287000042, 24.042813890000048 ], [ 90.081713947000082, 24.042566993000037 ], [ 90.082091057000071, 24.042564533000075 ], [ 90.082114239000077, 24.042528022000056 ], [ 90.082304752000084, 24.042227969000066 ], [ 90.082573525000043, 24.041986211000051 ], [ 90.082788631000085, 24.041936418000034 ], [ 90.083057586000052, 24.041983693000077 ], [ 90.083541093000065, 24.041597301000024 ], [ 90.083647923000058, 24.041405306000058 ], [ 90.083963174000075, 24.039388688000031 ], [ 90.084001240000077, 24.038777782000068 ], [ 90.084013969000068, 24.038573502000077 ], [ 90.084226914000055, 24.038044997000043 ], [ 90.084656315000075, 24.037660892000076 ], [ 90.084951918000058, 24.037581696000075 ], [ 90.08519405100003, 24.037516078000067 ], [ 90.085301954000045, 24.037561179000079 ], [ 90.085840026000085, 24.037461524000037 ], [ 90.086486342000057, 24.037458901000036 ], [ 90.087295934000053, 24.038031990000036 ], [ 90.087672722000036, 24.038029516000051 ], [ 90.088424031000045, 24.037403601000051 ], [ 90.08880037800003, 24.037209191000045 ], [ 90.089397074000033, 24.037251268000034 ], [ 90.090038982000067, 24.037296532000028 ], [ 90.090293711000072, 24.037206525000045 ], [ 90.090307831000075, 24.037201536000055 ], [ 90.09049445900007, 24.037006329000064 ], [ 90.090629676000049, 24.036864896000054 ], [ 90.090681245000042, 24.036336479000056 ], [ 90.091163276000032, 24.035661032000064 ], [ 90.09121630900006, 24.035471323000024 ], [ 90.091859028000044, 24.034746102000042 ], [ 90.09191267500006, 24.034556393000059 ], [ 90.092410590000043, 24.033811023000055 ], [ 90.092715469000041, 24.033354621000058 ], [ 90.092930181000042, 24.033209976000023 ], [ 90.092875645000049, 24.033015815000056 ], [ 90.093549341000084, 24.031845102000034 ], [ 90.093677666000076, 24.031622104000064 ], [ 90.094210082000075, 24.030133715000034 ], [ 90.094370668000067, 24.029941680000036 ], [ 90.094316168000034, 24.02979719800004 ], [ 90.094422903000066, 24.029508102000023 ], [ 90.094744755000079, 24.029218870000022 ], [ 90.09549793900004, 24.029166467000039 ], [ 90.095714354000052, 24.02926117100003 ], [ 90.095740219000049, 24.029260939000039 ], [ 90.095983251000064, 24.02925874500005 ], [ 90.096626187000084, 24.02848834100007 ], [ 90.096625430000074, 24.028298665000023 ], [ 90.096891633000041, 24.027575917000036 ], [ 90.097694949000072, 24.026169441000036 ], [ 90.097961182000063, 24.025703304000047 ], [ 90.098276812000051, 24.025461746000076 ], [ 90.098513393000076, 24.025280686000031 ], [ 90.098912014000064, 24.02497561000007 ], [ 90.100107961000049, 24.024060303000056 ], [ 90.100697145000083, 24.023387016000072 ], [ 90.101125299000046, 24.022713831000033 ], [ 90.101715158000047, 24.022133118000056 ], [ 90.10198170700005, 24.021509714000047 ], [ 90.102195664000078, 24.021222798000053 ], [ 90.102624991000084, 24.020883803000061 ], [ 90.103433279000058, 24.02102325900006 ], [ 90.103749482000069, 24.021020787000054 ], [ 90.104563494000047, 24.021015718000058 ], [ 90.104633922000062, 24.021028738000041 ], [ 90.104715829000043, 24.021043880000036 ], [ 90.105318012000055, 24.021155202000045 ], [ 90.106232780000084, 24.021102635000034 ], [ 90.106609401000071, 24.020960115000037 ], [ 90.107145614000046, 24.020571354000026 ], [ 90.108004154000071, 24.019798493000053 ], [ 90.10843389300004, 24.019608515000073 ], [ 90.108649299000035, 24.019603843000027 ], [ 90.108919176000086, 24.019698492000032 ], [ 90.109259941000062, 24.020028481000054 ], [ 90.109513348000064, 24.020273872000075 ], [ 90.109818783000037, 24.021106338000038 ], [ 90.110003690000042, 24.021610296000063 ], [ 90.110168911000073, 24.02256985300005 ], [ 90.110156312000072, 24.023019053000041 ], [ 90.110121790000051, 24.024249887000053 ], [ 90.110072331000083, 24.025351857000032 ], [ 90.110128401000054, 24.025877944000058 ], [ 90.109863791000066, 24.026937165000049 ], [ 90.109866468000064, 24.027555871000061 ], [ 90.109922151000035, 24.027989379000076 ], [ 90.110030875000064, 24.028276075000065 ], [ 90.110085433000052, 24.028467971000055 ], [ 90.110786733000054, 24.028849078000064 ], [ 90.110847988000046, 24.028847978000044 ], [ 90.112743286000068, 24.028813924000076 ], [ 90.113014230000033, 24.028809054000078 ], [ 90.114716565000037, 24.028778444000068 ], [ 90.115255321000063, 24.028825458000028 ], [ 90.115356117000033, 24.028820866000046 ], [ 90.117329763000043, 24.028731053000058 ], [ 90.117677447000062, 24.028715229000056 ], [ 90.118538439000076, 24.028615212000034 ], [ 90.119613756000035, 24.028323087000047 ], [ 90.120251167000049, 24.028049362000047 ], [ 90.12074235700004, 24.027836719000049 ], [ 90.121225787000071, 24.027545046000057 ], [ 90.121602192000068, 24.027495072000079 ], [ 90.121872541000073, 24.027734210000062 ], [ 90.121927864000043, 24.028068359000031 ], [ 90.121715317000053, 24.028838527000062 ], [ 90.121608507000076, 24.028980869000065 ], [ 90.121501055000067, 24.029370197000048 ], [ 90.121449554000037, 24.029556801000069 ], [ 90.121506071000056, 24.030182239000055 ], [ 90.121831092000036, 24.030708109000045 ], [ 90.122370302000036, 24.030897355000036 ], [ 90.122458395000081, 24.030897284000048 ], [ 90.122585730000083, 24.030897182000047 ], [ 90.124145562000081, 24.030789798000058 ], [ 90.124899971000048, 24.030737251000062 ], [ 90.125762528000052, 24.03097364000007 ], [ 90.126086716000032, 24.031257889000074 ], [ 90.126142195000057, 24.031738810000036 ], [ 90.125842903000034, 24.032176658000026 ], [ 90.125714403000075, 24.03236464500003 ], [ 90.125662268000042, 24.03279371800005 ], [ 90.12571680700006, 24.032940447000044 ], [ 90.126055146000056, 24.033162966000077 ], [ 90.126148871000055, 24.033224606000033 ], [ 90.127010381000048, 24.033316475000049 ], [ 90.127024387000063, 24.03332200400007 ], [ 90.127604051000048, 24.033550821000063 ], [ 90.127820291000035, 24.033744834000061 ], [ 90.127875679000056, 24.034126399000058 ], [ 90.128038230000072, 24.034413035000057 ], [ 90.128416169000047, 24.034652072000029 ], [ 90.128577818000053, 24.03464968000003 ], [ 90.129063418000044, 24.034983465000039 ], [ 90.129655987000035, 24.035028125000053 ], [ 90.130033218000051, 24.035170063000066 ], [ 90.130388683000035, 24.035226617000035 ], [ 90.130626145000065, 24.035264397000049 ], [ 90.13164927300005, 24.03530416500007 ], [ 90.132565298000031, 24.035490795000044 ], [ 90.13333814300006, 24.035508238000034 ], [ 90.133554411000034, 24.035513119000029 ], [ 90.134395778000055, 24.035532104000026 ], [ 90.135472134000054, 24.035332446000041 ], [ 90.135848912000085, 24.035329855000043 ], [ 90.136547516000064, 24.03508762000007 ], [ 90.136870821000059, 24.03508507500004 ], [ 90.137140447000036, 24.035181930000078 ], [ 90.137626068000031, 24.035513429000048 ], [ 90.138276420000068, 24.036420580000026 ], [ 90.139837589000081, 24.036362712000027 ], [ 90.140108348000069, 24.036369513000068 ], [ 90.141398860000038, 24.036401925000064 ], [ 90.142475322000053, 24.03630157200007 ], [ 90.143167909000056, 24.036296966000066 ], [ 90.143660065000063, 24.036293690000036 ], [ 90.146296603000053, 24.035993132000044 ], [ 90.147802005000074, 24.035553623000055 ], [ 90.148436358000083, 24.035549213000024 ], [ 90.148322327000074, 24.033097867000038 ], [ 90.148255246000076, 24.032102998000028 ], [ 90.148248795000086, 24.032007326000041 ], [ 90.148044394000067, 24.028975727000045 ], [ 90.148042303000068, 24.028467480000074 ], [ 90.148034290000055, 24.026519894000046 ], [ 90.148961650000047, 24.026499467000065 ], [ 90.150234990000058, 24.026534209000033 ], [ 90.150389267000037, 24.024956787000065 ], [ 90.15215837900007, 24.024835550000034 ], [ 90.152844648000041, 24.024624677000077 ], [ 90.153796941000053, 24.024332055000059 ], [ 90.154570547000048, 24.024026501000037 ], [ 90.154551986000058, 24.023940457000037 ], [ 90.154527657000074, 24.023827666000045 ], [ 90.15510491100008, 24.023693858000058 ], [ 90.155371946000059, 24.023689070000046 ], [ 90.155962356000032, 24.023254924000071 ], [ 90.156412561000081, 24.022757692000027 ], [ 90.156441789000041, 24.022787016000052 ], [ 90.156769418000067, 24.023082486000078 ], [ 90.156798335000076, 24.023107296000035 ], [ 90.157237240000086, 24.023429748000069 ], [ 90.157538101000057, 24.023695892000035 ], [ 90.158434749000037, 24.02290464500004 ], [ 90.159026078000068, 24.022477261000063 ], [ 90.159562356000038, 24.022266701000035 ], [ 90.15991389800007, 24.022264079000024 ], [ 90.160580464000077, 24.02229950900005 ], [ 90.160773671000072, 24.022233823000079 ], [ 90.161532958000066, 24.02122141500007 ], [ 90.163463240000056, 24.021117755000034 ], [ 90.163144355000043, 24.020454225000037 ], [ 90.163094047000072, 24.020233501000064 ], [ 90.16303064300007, 24.019955316000051 ], [ 90.163158925000062, 24.019580341000051 ], [ 90.163571629000046, 24.019107965000046 ], [ 90.163707560000034, 24.018952015000025 ], [ 90.163707600000066, 24.018951994000076 ], [ 90.164127919000066, 24.018700921000061 ], [ 90.164495726000041, 24.018447624000032 ], [ 90.164495772000066, 24.018447617000049 ], [ 90.164508933000036, 24.018447601000048 ], [ 90.164218727000048, 24.017858568000065 ], [ 90.163782859000037, 24.016535809000061 ], [ 90.163726734000079, 24.015650708000067 ], [ 90.163647092000076, 24.014390796000043 ], [ 90.163650432000054, 24.014359179000053 ], [ 90.164621071000056, 24.013116207000053 ], [ 90.165489302000083, 24.012539465000032 ], [ 90.166563004000068, 24.011897010000041 ], [ 90.167057679000038, 24.011399699000037 ], [ 90.167428620000067, 24.011484732000042 ], [ 90.167440036000073, 24.011487349000049 ], [ 90.167473258000086, 24.011277313000051 ], [ 90.167701684000065, 24.010902224000063 ], [ 90.168081029000064, 24.010800196000048 ], [ 90.168138680000084, 24.010240132000035 ], [ 90.16690907900005, 24.009823737000033 ], [ 90.166738663000046, 24.00942784700004 ], [ 90.166635099000075, 24.009187260000033 ], [ 90.166990568000074, 24.008206874000052 ], [ 90.16837042700007, 24.007223108000062 ], [ 90.168446513000049, 24.006572804000029 ], [ 90.168486874000052, 24.006227851000062 ], [ 90.168488161000084, 24.006223772000055 ], [ 90.168682341000078, 24.005608248000044 ], [ 90.169497127000056, 24.004627350000078 ], [ 90.16981872100007, 24.003850219000071 ], [ 90.170134437000058, 24.003743740000061 ], [ 90.170398145000036, 24.003576352000039 ], [ 90.170463863000066, 24.003318857000068 ], [ 90.171001148000073, 24.00278084100006 ], [ 90.171878194000044, 24.001280506000057 ], [ 90.172989650000034, 24.001238745000023 ], [ 90.176469802000042, 24.001107934000061 ], [ 90.176648539000041, 24.001101213000027 ], [ 90.176886299000046, 24.001057599000035 ], [ 90.177590006000059, 24.00092851200003 ], [ 90.178155421000042, 24.001214631000039 ], [ 90.178784080000071, 24.001907126000049 ], [ 90.179600125000036, 24.001906170000041 ], [ 90.180603906000044, 24.001653801000032 ], [ 90.180980711000075, 24.001559063000059 ], [ 90.181478852000055, 24.001626216000034 ], [ 90.182236355000043, 24.001729189000059 ], [ 90.184371531000068, 24.002245993000031 ], [ 90.184748155000079, 24.002419409000026 ], [ 90.184670466000057, 24.002451116000032 ], [ 90.182991679000054, 24.003112481000073 ], [ 90.182364540000037, 24.003517423000062 ], [ 90.182051342000079, 24.004093599000043 ], [ 90.182052317000057, 24.004786826000043 ], [ 90.182555407000052, 24.005305582000062 ], [ 90.184565711000062, 24.006339626000056 ], [ 90.185640110000065, 24.007110485000055 ], [ 90.185841821000054, 24.007255205000035 ], [ 90.185881410000036, 24.007283609000069 ], [ 90.186011002000043, 24.007376588000056 ], [ 90.186107613000047, 24.007394100000056 ], [ 90.187337700000057, 24.007617058000051 ], [ 90.188399343000071, 24.007809477000023 ], [ 90.189235091000057, 24.007808448000048 ], [ 90.190022009000074, 24.008033282000042 ], [ 90.190612746000056, 24.008574481000039 ], [ 90.19100697500005, 24.009206247000066 ], [ 90.191146623000066, 24.009288104000063 ], [ 90.192237101000046, 24.009927287000039 ], [ 90.193044759000031, 24.010160125000027 ], [ 90.193079368000042, 24.010170101000028 ], [ 90.193171589000031, 24.010197082000047 ], [ 90.194400581000082, 24.010150368000041 ], [ 90.195334192000075, 24.009833053000023 ], [ 90.195923932000085, 24.009696815000041 ], [ 90.196612685000048, 24.010012064000023 ], [ 90.197153266000043, 24.009875886000032 ], [ 90.197698818000049, 24.009376152000073 ], [ 90.197678139000061, 24.009315210000068 ], [ 90.197346950000053, 24.007933702000059 ], [ 90.197492988000079, 24.006985130000032 ], [ 90.197600934000036, 24.006748692000031 ], [ 90.19788496700005, 24.006126560000041 ], [ 90.198375536000071, 24.005448510000065 ], [ 90.198754660000077, 24.005429953000032 ], [ 90.199309517000074, 24.005402135000054 ], [ 90.200440422000042, 24.005536143000029 ], [ 90.201276715000063, 24.005896341000039 ], [ 90.201423337000051, 24.006040241000051 ], [ 90.201966023000068, 24.006572850000055 ], [ 90.202459189000081, 24.007565748000047 ], [ 90.202608442000042, 24.008694579000064 ], [ 90.20305217300006, 24.009506895000072 ], [ 90.203586011000084, 24.01017005500006 ], [ 90.203613020000034, 24.010149697000031 ], [ 90.203839764000065, 24.010138106000056 ], [ 90.204331388000071, 24.010137451000048 ], [ 90.20506882400008, 24.010136466000063 ], [ 90.205882036000048, 24.00986666600005 ], [ 90.206297238000047, 24.009728367000037 ], [ 90.207181072000083, 24.009049756000024 ], [ 90.207868395000048, 24.008461731000068 ], [ 90.208456880000085, 24.007557709000025 ], [ 90.208651996000071, 24.006609057000048 ], [ 90.208995249000054, 24.006066655000041 ], [ 90.209387733000085, 24.005569348000051 ], [ 90.210075612000082, 24.005342601000052 ], [ 90.210706145000074, 24.005212973000027 ], [ 90.210960208000074, 24.005160741000054 ], [ 90.211648531000037, 24.005204952000042 ], [ 90.212189592000072, 24.005384850000041 ], [ 90.21287858200003, 24.005835506000039 ], [ 90.212970600000062, 24.005931819000068 ], [ 90.213568026000075, 24.006557127000065 ], [ 90.213908479000054, 24.006936007000036 ], [ 90.214257549000081, 24.007323904000032 ], [ 90.214700228000083, 24.007458771000074 ], [ 90.215268387000037, 24.00754493900007 ], [ 90.215585357000066, 24.007593010000051 ], [ 90.216470866000066, 24.007953053000051 ], [ 90.216737622000039, 24.008057627000028 ], [ 90.216878974000053, 24.008113041000058 ], [ 90.216911283000059, 24.008125706000044 ], [ 90.217159582000079, 24.008223045000022 ], [ 90.217455311000037, 24.008674239000072 ], [ 90.21780104000004, 24.009622131000071 ], [ 90.218145708000065, 24.009937769000032 ], [ 90.218183224000086, 24.009955781000031 ], [ 90.218588553000075, 24.010162944000058 ], [ 90.219276289000049, 24.009845834000032 ], [ 90.219963562000032, 24.009257754000032 ], [ 90.220602128000053, 24.008940709000058 ], [ 90.220897100000059, 24.008940283000072 ], [ 90.221094133000065, 24.009165805000066 ], [ 90.221291245000032, 24.009436489000052 ], [ 90.221586294000076, 24.009481222000034 ], [ 90.221831641000051, 24.009209902000066 ], [ 90.222322950000034, 24.009028545000035 ], [ 90.222863965000045, 24.009163242000056 ], [ 90.223650711000062, 24.009252418000074 ], [ 90.224387984000032, 24.009161019000032 ], [ 90.224879054000041, 24.008844171000078 ], [ 90.225861898000062, 24.008616919000076 ], [ 90.226654200000041, 24.008615751000036 ], [ 90.226992618000054, 24.008615251000037 ], [ 90.228418546000057, 24.008748615000059 ], [ 90.228663379000068, 24.008760086000052 ], [ 90.230286856000077, 24.008836142000064 ], [ 90.230870678000031, 24.008902289000048 ], [ 90.231073604000073, 24.008925280000028 ], [ 90.232204329000069, 24.008923571000025 ], [ 90.232216593000032, 24.008920735000061 ], [ 90.233580289000031, 24.008605354000053 ], [ 90.234612684000069, 24.008603779000055 ], [ 90.235258611000063, 24.00854535700006 ], [ 90.23613645000006, 24.00846595400003 ], [ 90.236824631000047, 24.008419733000039 ], [ 90.237561640000081, 24.008192787000041 ], [ 90.237587603000065, 24.00821146100003 ], [ 90.238250815000072, 24.008688488000075 ], [ 90.23877961900007, 24.009024117000024 ], [ 90.238890670000046, 24.00909394200005 ], [ 90.239079282000034, 24.009404572000051 ], [ 90.23913723000004, 24.009500007000042 ], [ 90.239144133000082, 24.009522687000072 ], [ 90.239384546000053, 24.010312522000049 ], [ 90.239483705000055, 24.010763980000036 ], [ 90.239485045000038, 24.011486554000044 ], [ 90.239500734000046, 24.011572128000068 ], [ 90.239534709000054, 24.011757443000079 ], [ 90.239240566000035, 24.012209513000073 ], [ 90.238881812000045, 24.012616523000077 ], [ 90.238898178000056, 24.013158433000058 ], [ 90.238808868000035, 24.013716309000074 ], [ 90.238663184000075, 24.014362342000027 ], [ 90.238594913000043, 24.014665027000035 ], [ 90.238557164000042, 24.014857018000043 ], [ 90.238557211000057, 24.014883225000062 ], [ 90.238557537000077, 24.015059364000024 ], [ 90.238558330000046, 24.015489272000025 ], [ 90.238521882000043, 24.016218682000044 ], [ 90.238520356000038, 24.016249160000029 ], [ 90.238510916000052, 24.016437731000053 ], [ 90.238266506000059, 24.017205847000071 ], [ 90.237825518000079, 24.018019433000063 ], [ 90.237558713000055, 24.018841383000051 ], [ 90.237532186000067, 24.01892311000006 ], [ 90.237487224000063, 24.019064406000041 ], [ 90.237311393000084, 24.01961697400003 ], [ 90.237287766000065, 24.019691225000031 ], [ 90.237179041000047, 24.019984762000036 ], [ 90.236859727000081, 24.020846840000047 ], [ 90.236651750000078, 24.021408331000032 ], [ 90.236701495000034, 24.02172438100007 ], [ 90.237389996000047, 24.021813637000037 ], [ 90.238029995000034, 24.022264254000049 ], [ 90.23812924200007, 24.022760873000038 ], [ 90.238042696000036, 24.023351295000055 ], [ 90.237983571000086, 24.023754642000029 ], [ 90.237488858000063, 24.025049065000076 ], [ 90.237396381000053, 24.025291028000026 ], [ 90.237102700000037, 24.026014059000033 ], [ 90.236907183000085, 24.026646615000061 ], [ 90.237202776000061, 24.026962286000071 ], [ 90.237695709000036, 24.027638937000063 ], [ 90.237696706000065, 24.028181965000044 ], [ 90.237696871000082, 24.028271188000076 ], [ 90.237626995000085, 24.028400091000037 ], [ 90.237500858000033, 24.028632782000045 ], [ 90.237107670000057, 24.028723711000055 ], [ 90.236614985000074, 24.028182542000025 ], [ 90.236122796000075, 24.027912334000064 ], [ 90.235336175000043, 24.02795870500006 ], [ 90.235155568000039, 24.028125498000065 ], [ 90.235151363000057, 24.028129384000067 ], [ 90.234902678000083, 24.028359048000027 ], [ 90.234939650000058, 24.028459608000048 ], [ 90.234971547000043, 24.028546358000028 ], [ 90.234923117000051, 24.028952882000056 ], [ 90.235022523000055, 24.02953982300005 ], [ 90.235493333000079, 24.030544170000042 ], [ 90.235614865000059, 24.03080342100003 ], [ 90.236107803000039, 24.031480076000037 ], [ 90.23669867600006, 24.031930776000024 ], [ 90.236770129000035, 24.032061482000074 ], [ 90.236859375000051, 24.032224729000063 ], [ 90.236945356000035, 24.032382005000045 ], [ 90.236949106000054, 24.032415869000033 ], [ 90.237433514000031, 24.03212157300004 ], [ 90.237703745000033, 24.032008251000036 ], [ 90.238072484000043, 24.031985097000074 ], [ 90.238588692000064, 24.031939134000027 ], [ 90.238968188000058, 24.031938543000024 ], [ 90.239301663000049, 24.031938023000066 ], [ 90.240235906000066, 24.03193655900003 ], [ 90.240997839000045, 24.031822459000068 ], [ 90.241339829000083, 24.031734081000025 ], [ 90.241762686000072, 24.031624804000046 ], [ 90.241773743000067, 24.031621398000027 ], [ 90.241905527000085, 24.03156197900006 ], [ 90.241928278000046, 24.031551722000074 ], [ 90.242540156000075, 24.031275835000031 ], [ 90.243405194000047, 24.030757369000071 ], [ 90.243486262000033, 24.030687322000063 ], [ 90.244190635000052, 24.030078705000051 ], [ 90.244261526000059, 24.030022334000023 ], [ 90.244588205000071, 24.02976256200003 ], [ 90.245294993000073, 24.029200524000032 ], [ 90.245442579000041, 24.029083164000042 ], [ 90.246313301000043, 24.028369779000059 ], [ 90.246547169000053, 24.028178169000057 ], [ 90.247136204000071, 24.027657871000031 ], [ 90.248017845000049, 24.027025755000068 ], [ 90.248020033000046, 24.027024186000062 ], [ 90.248830359000067, 24.026526102000048 ], [ 90.249416327000063, 24.026078549000033 ], [ 90.249574628000062, 24.025957641000048 ], [ 90.249689541000066, 24.025869871000054 ], [ 90.250500160000058, 24.025529838000068 ], [ 90.250991491000036, 24.025348391000023 ], [ 90.251163534000057, 24.025325529000042 ], [ 90.251162878000059, 24.024986822000074 ], [ 90.251164969000058, 24.024971230000062 ], [ 90.25121134300008, 24.024625454000045 ], [ 90.251211213000033, 24.024558431000059 ], [ 90.25121094800005, 24.024422232000063 ], [ 90.251087459000075, 24.024128886000028 ], [ 90.250964277000037, 24.023993604000054 ], [ 90.250693549000061, 24.023835985000062 ], [ 90.250447406000035, 24.023678324000059 ], [ 90.25007838700003, 24.02354344400004 ], [ 90.24988158900004, 24.023476024000047 ], [ 90.249844535000079, 24.023451804000047 ], [ 90.249709284000062, 24.02336340200003 ], [ 90.249610819000054, 24.023295821000033 ], [ 90.249561434000043, 24.023182999000028 ], [ 90.249512006000032, 24.023047595000037 ], [ 90.249560778000046, 24.022844291000069 ], [ 90.249634007000054, 24.02257320800004 ], [ 90.249658024000041, 24.022279621000052 ], [ 90.249666976000071, 24.022229742000036 ], [ 90.249682345000053, 24.022144096000034 ], [ 90.249681954000039, 24.021940874000052 ], [ 90.249641589000078, 24.021882840000046 ], [ 90.249509389000082, 24.021692771000062 ], [ 90.249395971000069, 24.021519084000033 ], [ 90.249213520000069, 24.021241641000074 ], [ 90.249040871000034, 24.020948375000046 ], [ 90.248917434000077, 24.020677610000064 ], [ 90.248917037000069, 24.020471130000033 ], [ 90.248916956000073, 24.020429225000044 ], [ 90.248916564000069, 24.020226001000026 ], [ 90.248989967000057, 24.020045236000044 ], [ 90.249456390000034, 24.019705771000076 ], [ 90.24992254700004, 24.019230819000029 ], [ 90.250216843000032, 24.01886905300006 ], [ 90.250432031000059, 24.018597733000036 ], [ 90.250486598000066, 24.018529904000047 ], [ 90.25050053800004, 24.018504179000047 ], [ 90.250805033000063, 24.017942289000075 ], [ 90.250902532000055, 24.017513099000041 ], [ 90.251245722000078, 24.017015766000043 ], [ 90.251613449000047, 24.016495809000048 ], [ 90.251977356000054, 24.016240178000032 ], [ 90.252128972000037, 24.016133674000059 ], [ 90.252669252000032, 24.015861818000076 ], [ 90.252841929000056, 24.01583886800006 ], [ 90.253185347000056, 24.015793225000039 ], [ 90.253750603000071, 24.015724548000037 ], [ 90.254094684000052, 24.015723979000029 ], [ 90.254193082000086, 24.015723816000047 ], [ 90.254684948000033, 24.015835902000049 ], [ 90.255275144000052, 24.015947821000054 ], [ 90.255643875000032, 24.015947208000057 ], [ 90.256086265000079, 24.015901307000036 ], [ 90.256479225000078, 24.015720006000038 ], [ 90.257167077000076, 24.015493049000042 ], [ 90.257977700000083, 24.015198138000073 ], [ 90.258222936000038, 24.014904179000041 ], [ 90.258333179000033, 24.014716577000058 ], [ 90.258369932000051, 24.014655547000075 ], [ 90.25846771700003, 24.014384415000052 ], [ 90.258639113000072, 24.01404541900007 ], [ 90.258779384000036, 24.013876276000076 ], [ 90.25895790800007, 24.013661010000078 ], [ 90.259100911000075, 24.013507222000044 ], [ 90.258891926000047, 24.013241123000057 ], [ 90.258675046000064, 24.012812752000059 ], [ 90.258553820000031, 24.01257331100004 ], [ 90.25849594400006, 24.011902769000073 ], [ 90.258437961000084, 24.010873192000076 ], [ 90.258324272000038, 24.010256935000029 ], [ 90.258548468000072, 24.009895270000072 ], [ 90.258910608000065, 24.009373048000043 ], [ 90.259159715000067, 24.009208711000042 ], [ 90.259177131000058, 24.009197222000068 ], [ 90.259397897000042, 24.009051582000041 ], [ 90.259217159000059, 24.008710919000066 ], [ 90.259162873000037, 24.008607143000063 ], [ 90.258961222000039, 24.008456710000075 ], [ 90.258740066000087, 24.008291727000028 ], [ 90.258319749000066, 24.007992115000036 ], [ 90.257814822000057, 24.00809683500006 ], [ 90.257309483000085, 24.007993813000041 ], [ 90.256971497000052, 24.007375675000048 ], [ 90.256634234000046, 24.007118823000042 ], [ 90.256241255000077, 24.006965931000025 ], [ 90.255735407000032, 24.006914840000036 ], [ 90.255650572000036, 24.006843992000029 ], [ 90.255060790000073, 24.006351450000068 ], [ 90.254961346000073, 24.006229885000039 ], [ 90.254723226000067, 24.005938789000027 ], [ 90.254393884000081, 24.005252792000078 ], [ 90.254328939000061, 24.005117512000027 ], [ 90.254159248000065, 24.004447150000033 ], [ 90.253821190000053, 24.00377932400005 ], [ 90.253483333000077, 24.003213113000072 ], [ 90.253033031000086, 24.002647083000056 ], [ 90.252583034000054, 24.00223685800006 ], [ 90.252245691000041, 24.001928059000022 ], [ 90.252244688000076, 24.001413224000032 ], [ 90.252395577000073, 24.000574289000042 ], [ 90.252411251000069, 24.000487145000022 ], [ 90.252424162000068, 24.00043352800003 ], [ 90.252461843000049, 24.000277065000034 ], [ 90.252129732000071, 24.000128579000034 ], [ 90.251680257000032, 23.999664160000066 ], [ 90.25117436000005, 23.999254023000049 ], [ 90.250837127000068, 23.99899715600003 ], [ 90.250875820000033, 23.998669673000052 ], [ 90.250891935000084, 23.998535917000027 ], [ 90.250892146000069, 23.998534163000045 ], [ 90.251115929000036, 23.998276378000071 ], [ 90.251393355000062, 23.998275923000051 ], [ 90.251398744000085, 23.998275914000033 ], [ 90.251410268000086, 23.998275895000063 ], [ 90.251473596000039, 23.998275792000072 ], [ 90.252182653000034, 23.998274628000047 ], [ 90.252479612000059, 23.998000834000038 ], [ 90.252518160000079, 23.99796529300005 ], [ 90.252518780000059, 23.997964721000073 ], [ 90.252537301000075, 23.997941356000069 ], [ 90.252569726000047, 23.997900451000078 ], [ 90.252762911000048, 23.997656746000075 ], [ 90.252910349000047, 23.997470750000048 ], [ 90.252966854000078, 23.997399467000037 ], [ 90.253115001000083, 23.997274338000068 ], [ 90.253575781000052, 23.996885149000036 ], [ 90.25363919800003, 23.996831585000052 ], [ 90.25376228600004, 23.996616865000078 ], [ 90.253892097000062, 23.996390809000047 ], [ 90.254047403000072, 23.996120351000059 ], [ 90.254142569000066, 23.995954625000024 ], [ 90.25417230100004, 23.995905350000044 ], [ 90.254468784000039, 23.995413987000063 ], [ 90.254502421000041, 23.995420383000067 ], [ 90.254844818000038, 23.995485491000068 ], [ 90.255001521000054, 23.995515288000036 ], [ 90.255010155000036, 23.995497100000023 ], [ 90.255134711000039, 23.995234738000079 ], [ 90.255279488000042, 23.99492977500006 ], [ 90.255379619000053, 23.994718857000066 ], [ 90.25544824900004, 23.994574294000074 ], [ 90.255624130000058, 23.99420381300007 ], [ 90.255713479000065, 23.994015603000037 ], [ 90.255713552000032, 23.994015625000031 ], [ 90.255715640000062, 23.99401122300003 ], [ 90.255832411000085, 23.99376508000006 ], [ 90.255842826000048, 23.993743141000039 ], [ 90.256050652000056, 23.993305362000058 ], [ 90.255962216000057, 23.993262834000063 ], [ 90.255743831000075, 23.993157817000053 ], [ 90.255789354000058, 23.993075293000061 ], [ 90.255822528000067, 23.993015158000048 ], [ 90.256156450000049, 23.992338286000063 ], [ 90.256156468000086, 23.992338250000046 ], [ 90.256333100000063, 23.99198020800003 ], [ 90.256687441000054, 23.991261933000033 ], [ 90.256774771000039, 23.991084908000062 ], [ 90.256845596000062, 23.990941337000038 ], [ 90.25714111800005, 23.990342285000054 ], [ 90.257322914000042, 23.989973760000055 ], [ 90.257527183000036, 23.98955968000007 ], [ 90.257567929000061, 23.989481683000065 ], [ 90.257824652000068, 23.988990253000054 ], [ 90.25836898600005, 23.987948254000059 ], [ 90.258494039000084, 23.987708869000073 ], [ 90.258551751000084, 23.987620496000034 ], [ 90.258648009000069, 23.987443636000023 ], [ 90.258730003000039, 23.987292985000067 ], [ 90.258748105000052, 23.987247106000041 ], [ 90.258787759000086, 23.987146600000074 ], [ 90.259015274000035, 23.986569947000078 ], [ 90.259071708000079, 23.98628601300004 ], [ 90.259158476000039, 23.985849449000057 ], [ 90.259195132000059, 23.98522685000006 ], [ 90.259195452000085, 23.985217318000025 ], [ 90.259228259000054, 23.98423960100007 ], [ 90.259232866000048, 23.984241208000071 ], [ 90.259259626000073, 23.984181244000069 ], [ 90.259439279000048, 23.983778674000064 ], [ 90.259672374000047, 23.98328239500006 ], [ 90.259804028000076, 23.982999802000052 ], [ 90.259899898000072, 23.98279401700006 ], [ 90.260164559000032, 23.982187106000026 ], [ 90.260919914000056, 23.980454919000067 ], [ 90.261393559000055, 23.979368724000039 ], [ 90.26146400500005, 23.979207173000077 ], [ 90.261820235000073, 23.978346139000053 ], [ 90.261822635000044, 23.97835223800007 ], [ 90.261938045000079, 23.978010134000044 ], [ 90.261927974000059, 23.977631977000044 ], [ 90.261557160000052, 23.977287458000035 ], [ 90.261515406000058, 23.977280632000031 ], [ 90.261577292000084, 23.977147584000079 ], [ 90.261577301000045, 23.977147548000062 ], [ 90.261596123000061, 23.977074424000023 ], [ 90.261921704000031, 23.975809489000028 ], [ 90.26231507500006, 23.975514185000065 ], [ 90.262418697000044, 23.975310874000058 ], [ 90.262508660000037, 23.974771558000043 ], [ 90.261572508000086, 23.97475881400004 ], [ 90.26153032700006, 23.974758241000075 ], [ 90.261476777000041, 23.974757512000053 ], [ 90.260630814000081, 23.974745990000031 ], [ 90.260592213000052, 23.974745464000023 ], [ 90.259445725000035, 23.974729843000034 ], [ 90.259443367000074, 23.974729811000032 ], [ 90.259354421000069, 23.974343619000024 ], [ 90.25935288200003, 23.97427239700005 ], [ 90.259352860000035, 23.974227872000029 ], [ 90.259491924000031, 23.97422763700007 ], [ 90.259992250000039, 23.974226791000035 ], [ 90.260212686000045, 23.974167707000049 ], [ 90.260248502000081, 23.974162341000067 ], [ 90.260384616000067, 23.974122254000065 ], [ 90.260664446000078, 23.973658876000059 ], [ 90.260662998000043, 23.972938557000077 ], [ 90.260381407000068, 23.972525808000057 ], [ 90.260209134000036, 23.972431882000024 ], [ 90.26019615000007, 23.97242480400007 ], [ 90.259819891000063, 23.972219663000033 ], [ 90.259802498000056, 23.972194169000034 ], [ 90.25953830800006, 23.971806914000069 ], [ 90.258920173000035, 23.971448926000051 ], [ 90.258527094000044, 23.971192169000062 ], [ 90.258698909000032, 23.970476073000043 ], [ 90.258749475000059, 23.970263728000077 ], [ 90.259141831000079, 23.969852099000036 ], [ 90.259250293000036, 23.969785390000027 ], [ 90.259646194000084, 23.969541892000052 ], [ 90.26043151600004, 23.969335078000029 ], [ 90.260573509000039, 23.969334837000076 ], [ 90.260768171000052, 23.969334505000063 ], [ 90.261104621000072, 23.96923232100005 ], [ 90.261122663000037, 23.969203126000025 ], [ 90.261328124000045, 23.968870650000042 ], [ 90.261495622000041, 23.968459397000061 ], [ 90.261568310000087, 23.968430445000024 ], [ 90.261612097000068, 23.968413005000059 ], [ 90.26188847800006, 23.968302919000052 ], [ 90.262393456000041, 23.968302057000074 ], [ 90.262898856000049, 23.968508934000056 ], [ 90.263494351000077, 23.96868887200003 ], [ 90.263909441000067, 23.968814297000051 ], [ 90.263945013000068, 23.96881789400004 ], [ 90.264414527000042, 23.968865364000067 ], [ 90.264531906000059, 23.968829448000065 ], [ 90.264919192000036, 23.968710945000055 ], [ 90.265487037000071, 23.968187180000029 ], [ 90.265927247000036, 23.967781135000052 ], [ 90.266366941000058, 23.967579639000064 ], [ 90.266599917000065, 23.967472874000066 ], [ 90.267000789000065, 23.967226586000038 ], [ 90.267104869000036, 23.967162642000062 ], [ 90.267472831000077, 23.967162 ], [ 90.267575970000053, 23.967161820000058 ], [ 90.267702343000053, 23.967161599000065 ], [ 90.267740323000055, 23.967161533000024 ], [ 90.267771319000076, 23.967161479000026 ], [ 90.267946492000078, 23.967161172000033 ], [ 90.268038233000084, 23.967161012000076 ], [ 90.268699651000077, 23.967159855000034 ], [ 90.268746216000068, 23.967159774000038 ], [ 90.268900536000046, 23.96715950600003 ], [ 90.268899149000049, 23.966491122000036 ], [ 90.268828676000055, 23.966309156000023 ], [ 90.268560071000081, 23.965615585000023 ], [ 90.268288781000081, 23.965336621000063 ], [ 90.268252011000072, 23.965298812000071 ], [ 90.268110663000073, 23.965153466000061 ], [ 90.267828644000076, 23.964535251000029 ], [ 90.267715484000064, 23.964176413000075 ], [ 90.268067750000057, 23.963996032000068 ], [ 90.268219912000063, 23.963918114000023 ], [ 90.268499904000066, 23.963556335000078 ], [ 90.268723354000031, 23.962887555000066 ], [ 90.268855159000054, 23.962644150000074 ], [ 90.268856954000057, 23.962640835000059 ], [ 90.268953144000079, 23.962463201000048 ], [ 90.269051643000068, 23.962281302000065 ], [ 90.269084409000072, 23.962220793000029 ], [ 90.269170084000052, 23.962062580000065 ], [ 90.26948929100007, 23.961685256000067 ], [ 90.269562273000076, 23.961598987000059 ], [ 90.269861122000066, 23.961507528000027 ], [ 90.270066903000043, 23.961444551000056 ], [ 90.270516703000055, 23.961802791000025 ], [ 90.270813334000081, 23.962014188000069 ], [ 90.271022412000036, 23.962163190000069 ], [ 90.271563615000048, 23.962747413000045 ], [ 90.271640569000056, 23.96283048500004 ], [ 90.272090382000044, 23.963190980000036 ], [ 90.272659927000063, 23.963641543000051 ], [ 90.272824394000054, 23.963771651000059 ], [ 90.27289567400004, 23.963828038000031 ], [ 90.272926321000057, 23.963852284000041 ], [ 90.272933386000034, 23.963857872000062 ], [ 90.273429725000085, 23.964099110000063 ], [ 90.273775854000064, 23.96426733900006 ], [ 90.273946210000076, 23.96436337800003 ], [ 90.274051404000033, 23.96442268100003 ], [ 90.274389080000049, 23.964613047000057 ], [ 90.274506530000053, 23.964679259000036 ], [ 90.274729587000081, 23.964753049000024 ], [ 90.274809034000043, 23.964779330000056 ], [ 90.274853487000087, 23.964794036000058 ], [ 90.27512434700003, 23.964883637000071 ], [ 90.275797633000082, 23.964882428000067 ], [ 90.276227906000031, 23.965066834000027 ], [ 90.276673286000062, 23.965257712000039 ], [ 90.276752538000039, 23.965291678000028 ], [ 90.277481729000044, 23.965290361000029 ], [ 90.278155792000064, 23.965650432000075 ], [ 90.278173618000039, 23.965660888000059 ], [ 90.278194025000062, 23.965672860000041 ], [ 90.278942498000049, 23.966111908000073 ], [ 90.279407125000034, 23.966372385000057 ], [ 90.279673194000054, 23.966521546000024 ], [ 90.279870591000076, 23.966545542000063 ], [ 90.280515035000064, 23.966623880000043 ], [ 90.280691834000038, 23.966505582000025 ], [ 90.281130921000056, 23.966211787000077 ], [ 90.28113810800005, 23.966181767000023 ], [ 90.28121473200008, 23.965861708000034 ], [ 90.281242332000033, 23.965746420000073 ], [ 90.281145504000051, 23.965506718000029 ], [ 90.281128171000034, 23.965463808000038 ], [ 90.280989245000058, 23.96511988900005 ], [ 90.280847667000046, 23.964769401000069 ], [ 90.280766819000064, 23.964585335000038 ], [ 90.280733983000061, 23.96451058100007 ], [ 90.280621713000073, 23.964254975000074 ], [ 90.280915993000065, 23.964210050000077 ], [ 90.281014454000058, 23.964195019000044 ], [ 90.281163593000031, 23.964172251000036 ], [ 90.281295390000082, 23.964152130000059 ], [ 90.28131455700003, 23.964152095000031 ], [ 90.28182223400006, 23.964151164000043 ], [ 90.282080475000043, 23.964150690000054 ], [ 90.282178096000052, 23.964094480000028 ], [ 90.282199929000058, 23.964081908000026 ], [ 90.282528974000058, 23.963892445000056 ], [ 90.282920728000079, 23.963530433000074 ], [ 90.282930471000043, 23.963525080000068 ], [ 90.283201129000076, 23.963376369000059 ], [ 90.283334598000067, 23.963402196000061 ], [ 90.283356104000063, 23.963406357000054 ], [ 90.283372430000043, 23.96340951600007 ], [ 90.283971957000063, 23.963525522000054 ], [ 90.283987161000084, 23.963528464000035 ], [ 90.284604536000074, 23.963527322000061 ], [ 90.284774927000058, 23.963492703000043 ], [ 90.285109272000057, 23.963424773000042 ], [ 90.285114584000041, 23.963417118000052 ], [ 90.285427703000039, 23.96296579400007 ], [ 90.285507288000076, 23.962851952000051 ], [ 90.285522145000073, 23.96283070100003 ], [ 90.285612639000078, 23.962701256000059 ], [ 90.285642739000082, 23.962698777000071 ], [ 90.286219122000034, 23.962651316000063 ], [ 90.286229902000059, 23.962650428000074 ], [ 90.286262122000039, 23.962652356000035 ], [ 90.286627162000059, 23.962674199000048 ], [ 90.286865280000086, 23.962688447000062 ], [ 90.287071610000055, 23.962700792000078 ], [ 90.287662786000055, 23.962608448000026 ], [ 90.287884081000072, 23.962573881000026 ], [ 90.287893815000075, 23.962572360000024 ], [ 90.28805937900006, 23.962546498000052 ], [ 90.288081175000059, 23.962543094000068 ], [ 90.28823686700008, 23.962530272000038 ], [ 90.28843732200005, 23.962513763000061 ], [ 90.288698436000061, 23.962492257000065 ], [ 90.28888095800005, 23.962427427000023 ], [ 90.28919161500005, 23.962317085000052 ], [ 90.289427033000038, 23.962233467000033 ], [ 90.28953748400005, 23.96218256800006 ], [ 90.289987926000038, 23.961974988000065 ], [ 90.290649916000064, 23.961892009000053 ], [ 90.290716663000069, 23.961883643000078 ], [ 90.290829282000061, 23.961869526000044 ], [ 90.291545366000037, 23.961790181000026 ], [ 90.291546115000074, 23.961790098000051 ], [ 90.291760964000048, 23.96176629200005 ], [ 90.291783051000039, 23.961763845000064 ], [ 90.292736822000052, 23.961660417000076 ], [ 90.293160162000049, 23.961335327000029 ], [ 90.293160576000048, 23.961335011000074 ], [ 90.293744975000038, 23.960886235000032 ], [ 90.294252727000071, 23.960775844000068 ], [ 90.294553453000049, 23.960710461000076 ], [ 90.294614005000085, 23.960697296000035 ], [ 90.294698505000042, 23.960678924000035 ], [ 90.295467517000077, 23.960677446000034 ], [ 90.295748507000042, 23.960676905000071 ], [ 90.295764299000041, 23.960676874000058 ], [ 90.296297504000052, 23.960675845000026 ], [ 90.296549978000087, 23.96067535800006 ], [ 90.297169439000072, 23.95975214300006 ], [ 90.297229469000058, 23.95966267600005 ], [ 90.297275652000053, 23.959593845000029 ], [ 90.297276661000069, 23.959592341000075 ], [ 90.29744381900008, 23.95881976000004 ], [ 90.297471803000064, 23.958755168000039 ], [ 90.297778672000049, 23.958046853000042 ], [ 90.297782359000053, 23.958013897000058 ], [ 90.29780898100006, 23.957775969000068 ], [ 90.297860206000053, 23.957318162000035 ], [ 90.297869885000068, 23.957231655000044 ], [ 90.29787209400007, 23.957211917000052 ], [ 90.297911093000039, 23.956863371000054 ], [ 90.298149045000059, 23.956360811000025 ], [ 90.298160744000086, 23.956336101000034 ], [ 90.298174286000062, 23.956307499000047 ], [ 90.298387300000059, 23.955857606000052 ], [ 90.298505648000059, 23.955609809000066 ], [ 90.298507120000068, 23.955606728000078 ], [ 90.298737502000051, 23.955124829000056 ], [ 90.298809228000039, 23.954974795000055 ], [ 90.298892863000049, 23.95479984900004 ], [ 90.299134214000048, 23.953861246000031 ], [ 90.299197267000068, 23.953616029000045 ], [ 90.299203089000059, 23.953583839000032 ], [ 90.299216367000042, 23.953510438000023 ], [ 90.299227319000067, 23.953449890000059 ], [ 90.299288052000065, 23.953114151000023 ], [ 90.299306835000039, 23.953010310000025 ], [ 90.299358831000063, 23.952722865000055 ], [ 90.299379400000078, 23.95260915800003 ], [ 90.299430170000051, 23.952328479000073 ], [ 90.299548585000082, 23.951826031000053 ], [ 90.299682, 23.951259924000055 ], [ 90.299681254000063, 23.950936707000039 ], [ 90.299680009000042, 23.950397346000045 ], [ 90.299699223000061, 23.950183938000066 ], [ 90.299723726000082, 23.949911776000079 ], [ 90.299544319000063, 23.949625351000066 ], [ 90.299273055000072, 23.949192332000052 ], [ 90.299366871000075, 23.948844310000027 ], [ 90.299429802000077, 23.948610859000041 ], [ 90.299466528000039, 23.948474617000045 ], [ 90.299468750000074, 23.948466377000045 ], [ 90.29949534800005, 23.948367705000067 ], [ 90.30000048900007, 23.948470590000056 ], [ 90.300280185000076, 23.948543157000074 ], [ 90.300568055000042, 23.948617844000069 ], [ 90.300786568000035, 23.948674536000055 ], [ 90.300962781000067, 23.948674191000066 ], [ 90.301297645000034, 23.948673535000069 ], [ 90.301469836000081, 23.948673196000072 ], [ 90.301740474000042, 23.948672665000061 ], [ 90.302694378000069, 23.948670788000072 ], [ 90.303958284000032, 23.948717041000066 ], [ 90.304011551000031, 23.948718991000078 ], [ 90.304040900000075, 23.948720065000032 ], [ 90.30455276400005, 23.948740581000038 ], [ 90.304617908000068, 23.948743191000062 ], [ 90.304986858000063, 23.948757977000071 ], [ 90.305275633000065, 23.948769549000076 ], [ 90.305627376000075, 23.948714523000035 ], [ 90.305672734000041, 23.948707428000034 ], [ 90.305727175000072, 23.948698911000065 ], [ 90.306591455000046, 23.948563702000058 ], [ 90.306621543000063, 23.948559128000056 ], [ 90.30718782200006, 23.948557996000034 ], [ 90.307485585000052, 23.948557400000027 ], [ 90.307799640000042, 23.948556771000028 ], [ 90.308383453000033, 23.94863276500007 ], [ 90.308585493000066, 23.948659065000072 ], [ 90.308694787000036, 23.948682714000029 ], [ 90.308769976000065, 23.948698983000043 ], [ 90.309764205000079, 23.948914111000079 ], [ 90.310437773000046, 23.949066299000037 ], [ 90.310451374000081, 23.949071244000038 ], [ 90.310704317000045, 23.949163233000036 ], [ 90.310999677000041, 23.949270647000048 ], [ 90.311326608000059, 23.949335467000026 ], [ 90.311335924000048, 23.949337280000066 ], [ 90.311785660000055, 23.949424858000043 ], [ 90.311862399000063, 23.949416338000049 ], [ 90.31193969900005, 23.949407756000028 ], [ 90.312503126000081, 23.949345204000053 ], [ 90.31253965500008, 23.94934114800003 ], [ 90.312638198000059, 23.94933020700006 ], [ 90.312738705000072, 23.949319049000053 ], [ 90.31276464900003, 23.949317396000026 ], [ 90.312810471000034, 23.94931447600004 ], [ 90.312811490000058, 23.949314411000046 ], [ 90.312826881000035, 23.949313430000075 ], [ 90.312854910000055, 23.949311644000034 ], [ 90.313086097000053, 23.949296914000058 ], [ 90.313284454000041, 23.949284274000036 ], [ 90.313580697000077, 23.949265398000023 ], [ 90.31405815100004, 23.949420867000072 ], [ 90.314073887000063, 23.949425991000055 ], [ 90.314211570000055, 23.949470824000059 ], [ 90.31436631300005, 23.949521212000036 ], [ 90.314415791000044, 23.949545875000069 ], [ 90.314560543000084, 23.949618030000067 ], [ 90.314984373000073, 23.949829300000033 ], [ 90.315433882000036, 23.950033860000076 ], [ 90.315636121000068, 23.950108295000064 ], [ 90.315858788000071, 23.950190248000069 ], [ 90.315994371000045, 23.950240148000034 ], [ 90.315995189000034, 23.950240450000024 ], [ 90.316319142000054, 23.95023978200004 ], [ 90.31678080000006, 23.950238830000046 ], [ 90.317216313000074, 23.950237930000071 ], [ 90.31751373700007, 23.950237316000027 ], [ 90.317678821000072, 23.950236975000053 ], [ 90.318239622000078, 23.950235815000042 ], [ 90.318321249000064, 23.950371982000036 ], [ 90.318488792000039, 23.950651465000078 ], [ 90.31857761200007, 23.950799629000073 ], [ 90.318303317000073, 23.951161490000061 ], [ 90.31818637300006, 23.951315280000074 ], [ 90.318153234000079, 23.951410245000034 ], [ 90.31815174500008, 23.951414512000042 ], [ 90.318145539000056, 23.951432296000064 ], [ 90.317628863000039, 23.952912883000067 ], [ 90.317356146000066, 23.953584604000071 ], [ 90.317126967000036, 23.954149081000025 ], [ 90.317042804000039, 23.954429080000068 ], [ 90.316848512000035, 23.955075462000025 ], [ 90.316639460000033, 23.955703672000027 ], [ 90.316625938000072, 23.955744305000053 ], [ 90.316613257000085, 23.955791367000074 ], [ 90.316535481000074, 23.956080025000063 ], [ 90.316514537000046, 23.956157761000043 ], [ 90.316681500000072, 23.956360643000039 ], [ 90.316851512000085, 23.956618792000029 ], [ 90.316852287000074, 23.956619967000051 ], [ 90.31687882600005, 23.956624788000056 ], [ 90.317048942000042, 23.956655691000037 ], [ 90.317121886000052, 23.956669235000049 ], [ 90.317133138000031, 23.956671324000069 ], [ 90.31775035000004, 23.956618111000068 ], [ 90.317893335000065, 23.956617815000072 ], [ 90.318118306000031, 23.956617350000045 ], [ 90.318300811000086, 23.956616971000074 ], [ 90.318591900000058, 23.956616369000074 ], [ 90.318596576000061, 23.956615359000068 ], [ 90.319231989000059, 23.95647830200005 ], [ 90.319321270000046, 23.956459045000031 ], [ 90.320049902000051, 23.956252046000031 ], [ 90.320512792000045, 23.95622830700006 ], [ 90.321053690000042, 23.956200566000064 ], [ 90.321059634000051, 23.956200261000049 ], [ 90.321331220000047, 23.956248822000077 ], [ 90.321490057000062, 23.956277223000029 ], [ 90.321590182000079, 23.956295126000043 ], [ 90.321621330000085, 23.956300696000028 ], [ 90.322911652000073, 23.956196377000026 ], [ 90.323471709000046, 23.955885842000043 ], [ 90.323562633000051, 23.955820475000053 ], [ 90.323975733000054, 23.955523492000054 ], [ 90.324536013000056, 23.955059405000043 ], [ 90.325040677000061, 23.954954468000039 ], [ 90.326726187000077, 23.954991944000028 ], [ 90.327172911000048, 23.955001874000061 ], [ 90.327785933000087, 23.955024210000033 ], [ 90.328519505000031, 23.955050934000042 ], [ 90.329238026000041, 23.954927238000039 ], [ 90.330033621000041, 23.954790269000057 ], [ 90.330679524000061, 23.953966084000058 ], [ 90.330760388000044, 23.953862899000057 ], [ 90.330928651000079, 23.953605120000077 ], [ 90.331095643000083, 23.953089920000025 ], [ 90.331032695000033, 23.952710864000039 ], [ 90.330924712000069, 23.95206061500005 ], [ 90.33075483500005, 23.951444529000071 ], [ 90.330641640000067, 23.951135418000035 ], [ 90.330793114000073, 23.950798641000063 ], [ 90.330920770000034, 23.950516108000045 ], [ 90.330974961000038, 23.949847606000048 ], [ 90.331535323000082, 23.94943543100004 ], [ 90.332039301000066, 23.949073052000074 ], [ 90.332487165000032, 23.948866600000031 ], [ 90.332879878000085, 23.948712201000035 ], [ 90.333383850000075, 23.948349816000075 ], [ 90.334280181000054, 23.947936902000038 ], [ 90.334990670000082, 23.947747345000039 ], [ 90.335065241000052, 23.94772744900007 ], [ 90.335570009000037, 23.947676671000067 ], [ 90.336020073000043, 23.948086654000065 ], [ 90.336675737000064, 23.948526059000073 ], [ 90.336863039000036, 23.948651581000036 ], [ 90.337367803000063, 23.948598536000077 ], [ 90.338040599000067, 23.948443510000061 ], [ 90.338295997000046, 23.948442948000036 ], [ 90.338826198000049, 23.948441778000074 ], [ 90.339612475000081, 23.948697460000062 ], [ 90.33964517000004, 23.948751580000078 ], [ 90.339894391000087, 23.949159740000027 ], [ 90.339953523000077, 23.950394765000055 ], [ 90.339788997000085, 23.951835773000028 ], [ 90.339509226000075, 23.952195424000024 ], [ 90.338949089000039, 23.952454079000063 ], [ 90.338164136000046, 23.95271322900004 ], [ 90.33749105000004, 23.952766644000064 ], [ 90.336481493000065, 23.95287273100007 ], [ 90.336033007000083, 23.953079197000022 ], [ 90.335865634000072, 23.953438594000033 ], [ 90.335866, 23.953580851000027 ], [ 90.33586656600005, 23.953799882000055 ], [ 90.335986816000059, 23.954265230000033 ], [ 90.336765866000064, 23.954518233000044 ], [ 90.337327968000068, 23.954774417000067 ], [ 90.338002406000044, 23.955235837000032 ], [ 90.338957562000076, 23.955696633000059 ], [ 90.339462490000074, 23.955695517000038 ], [ 90.340304576000051, 23.955901395000069 ], [ 90.341091571000049, 23.956412228000033 ], [ 90.341487211000072, 23.957596828000078 ], [ 90.341496506000055, 23.957604231000062 ], [ 90.341925496000044, 23.957945852000023 ], [ 90.342276546000051, 23.957592813000076 ], [ 90.342398864000074, 23.957389315000057 ], [ 90.342618272000038, 23.956733988000053 ], [ 90.342691030000083, 23.95637253700005 ], [ 90.342764025000065, 23.956101406000073 ], [ 90.342983608000054, 23.955513822000057 ], [ 90.343245168000067, 23.955005175000053 ], [ 90.344896499000072, 23.952252891000057 ], [ 90.344947734000073, 23.952167495000026 ], [ 90.345049732000064, 23.951948236000078 ], [ 90.345541402000038, 23.950897133000069 ], [ 90.34593116700006, 23.950009763000025 ], [ 90.345990148000055, 23.949875481000049 ], [ 90.346029857000076, 23.949794102000055 ], [ 90.346768455000074, 23.948290824000026 ], [ 90.346790074000069, 23.948197150000055 ], [ 90.347001009000053, 23.947283205000076 ], [ 90.347075935000078, 23.946131424000043 ], [ 90.347229867000067, 23.945123982000041 ], [ 90.347217942000043, 23.94496489200003 ], [ 90.34714897300006, 23.944044813000062 ], [ 90.34706843400005, 23.943326931000058 ], [ 90.347064200000034, 23.941744038000024 ], [ 90.346983117000036, 23.940592613000035 ], [ 90.34705708000007, 23.939081801000043 ], [ 90.347123754000052, 23.938749718000054 ], [ 90.347166779000077, 23.93853570300007 ], [ 90.347288616000071, 23.937929667000049 ], [ 90.347598765000043, 23.936777353000025 ], [ 90.347986714000058, 23.935552604000065 ], [ 90.348218276000068, 23.934185953000053 ], [ 90.348605635000069, 23.932746688000066 ], [ 90.348682300000064, 23.932021674000055 ], [ 90.348758374000056, 23.931305697000028 ], [ 90.348752194000042, 23.929004745000043 ], [ 90.34874389600003, 23.928976426000077 ], [ 90.348722276000046, 23.928902658000027 ], [ 90.348436086000049, 23.927926106000029 ], [ 90.348505810000063, 23.924615624000069 ], [ 90.348435475000031, 23.923828419000074 ], [ 90.34837348700006, 23.923134632000028 ], [ 90.348356617000036, 23.922931729000027 ], [ 90.348136793000037, 23.920287745000053 ], [ 90.347914830000036, 23.919956311000078 ], [ 90.34757572400008, 23.91945127200006 ], [ 90.347371742000064, 23.918724637000025 ], [ 90.347230746000037, 23.918126568000048 ], [ 90.347090245000061, 23.917713659000071 ], [ 90.347027002000061, 23.917257671000073 ], [ 90.346979686000054, 23.917016163000028 ], [ 90.34700844200006, 23.916286742000068 ], [ 90.347035626000036, 23.915857132000042 ], [ 90.347051455000042, 23.915606964000062 ], [ 90.347053212000048, 23.91557535000004 ], [ 90.347067382000034, 23.91490241300005 ], [ 90.347105033000048, 23.91469201600006 ], [ 90.347158742000033, 23.914391883000064 ], [ 90.347234780000065, 23.913892677000035 ], [ 90.347264952000046, 23.913463576000026 ], [ 90.347232452000071, 23.91302107000007 ], [ 90.347217055000044, 23.912877568000056 ], [ 90.347185220000085, 23.912580852000076 ], [ 90.347152952000044, 23.912224150000043 ], [ 90.347074743000064, 23.911910455000054 ], [ 90.34699622100004, 23.911709663000067 ], [ 90.346825136000064, 23.911339725000062 ], [ 90.346575535000056, 23.91099932000003 ], [ 90.346342160000063, 23.91075597400004 ], [ 90.346015762000036, 23.910399934000054 ], [ 90.345828641000082, 23.910000676000038 ], [ 90.345803363000073, 23.909962347000032 ], [ 90.345778700000039, 23.909924013000023 ], [ 90.345714580000049, 23.909827063000023 ], [ 90.345485834000044, 23.909475316000055 ], [ 90.345003782000049, 23.909004463000031 ], [ 90.344660935000036, 23.908463293000068 ], [ 90.344505180000056, 23.908079772000065 ], [ 90.344457489000035, 23.907693746000064 ], [ 90.344502686000055, 23.907138161000034 ], [ 90.344687793000048, 23.906780971000046 ], [ 90.344981509000036, 23.906396439000048 ], [ 90.345487346000084, 23.905887238000048 ], [ 90.345390484000063, 23.905602381000051 ], [ 90.345346557000084, 23.905473198000038 ], [ 90.345338863000052, 23.905465308000032 ], [ 90.345101811000063, 23.905221972000049 ], [ 90.34471740500004, 23.904981221000071 ], [ 90.344557107000071, 23.904914548000079 ], [ 90.344091020000064, 23.904720685000029 ], [ 90.343952616000081, 23.904564853000068 ], [ 90.343906878000041, 23.904513355000063 ], [ 90.343901219000031, 23.904463692000036 ], [ 90.343889285000046, 23.904362105000075 ], [ 90.343850361000079, 23.904039288000035 ], [ 90.343848695000077, 23.903409289000024 ], [ 90.343847423000057, 23.902928320000058 ], [ 90.344166745000052, 23.901780506000023 ], [ 90.344703032000041, 23.900255105000042 ], [ 90.344715829000052, 23.900218948000031 ], [ 90.344866860000081, 23.899981511000078 ], [ 90.345376606000059, 23.899320924000051 ], [ 90.345411449000039, 23.899275771000077 ], [ 90.345621011000048, 23.898884653000039 ], [ 90.345952145000069, 23.898262939000062 ], [ 90.346832001000053, 23.897341920000031 ], [ 90.347537961000057, 23.896604197000045 ], [ 90.348102076000032, 23.896092595000027 ], [ 90.348681196000086, 23.895454506000078 ], [ 90.34881319200008, 23.895221626000023 ], [ 90.348909133000063, 23.89505205200004 ], [ 90.349066080000057, 23.89473782500005 ], [ 90.349050716000079, 23.894503020000059 ], [ 90.348989368000048, 23.89429315600006 ], [ 90.348937844000034, 23.894083274000025 ], [ 90.348809570000071, 23.893871306000051 ], [ 90.348400001000073, 23.892937388000064 ], [ 90.34821970400003, 23.892328118000023 ], [ 90.348090735000085, 23.891626149000047 ], [ 90.348038398000085, 23.891111425000076 ], [ 90.348097992000078, 23.890666450000026 ], [ 90.348238446000039, 23.889925482000024 ], [ 90.348363840000047, 23.889292939000029 ], [ 90.348564698000075, 23.888181509000049 ], [ 90.348763333000079, 23.887388473000044 ], [ 90.348797957000045, 23.88725065400007 ], [ 90.348842441000045, 23.887126358000046 ], [ 90.348885461000066, 23.887004248000039 ], [ 90.348902154000086, 23.886956866000048 ], [ 90.349145860000078, 23.886260826000068 ], [ 90.349373711000055, 23.885603207000031 ], [ 90.349423787000035, 23.885275673000024 ], [ 90.34949847200005, 23.884738081000023 ], [ 90.349522378000074, 23.884268348000035 ], [ 90.349700025000061, 23.883893103000048 ], [ 90.349852388000045, 23.883705337000038 ], [ 90.349978275000069, 23.883260208000024 ], [ 90.350035497000079, 23.882623300000034 ], [ 90.350113514000043, 23.881956990000049 ], [ 90.350182844000074, 23.881941024000071 ], [ 90.350437416000034, 23.881880759000069 ], [ 90.350596976000077, 23.881842986000038 ], [ 90.350798543000053, 23.881917043000044 ], [ 90.350826663000078, 23.882068335000042 ], [ 90.350839657000051, 23.882138240000074 ], [ 90.350961501000086, 23.882472158000041 ], [ 90.351323911000065, 23.882545848000063 ], [ 90.351605598000049, 23.882506818000024 ], [ 90.351886690000072, 23.882248754000045 ], [ 90.352207889000056, 23.881839307000064 ], [ 90.352689138000073, 23.88113594400005 ], [ 90.352688328000056, 23.880837879000069 ], [ 90.352647009000066, 23.880542166000055 ], [ 90.351958997000054, 23.879247603000067 ], [ 90.351635109000085, 23.878433176000044 ], [ 90.351674414000058, 23.878211796000073 ], [ 90.351794949000066, 23.878062487000022 ], [ 90.352559267000061, 23.877839446000053 ], [ 90.352961503000074, 23.877616260000025 ], [ 90.353040085000032, 23.877572658000076 ], [ 90.353886670000065, 23.878253895000057 ], [ 90.354704438000056, 23.878885316000037 ], [ 90.355912981000074, 23.879857574000027 ], [ 90.356996742000035, 23.880810994000058 ], [ 90.357642585000065, 23.881287458000031 ], [ 90.358247637000034, 23.882004975000029 ], [ 90.358773517000031, 23.882628598000053 ], [ 90.358796355000038, 23.88269118900007 ], [ 90.358975509000061, 23.883763358000067 ], [ 90.358985231000077, 23.884002949000035 ], [ 90.358388854000054, 23.885092414000042 ], [ 90.357963447000031, 23.886043201000064 ], [ 90.357654254000067, 23.88689826500007 ], [ 90.357572951000066, 23.887123402000043 ], [ 90.357395370000063, 23.887841809000065 ], [ 90.357147036000072, 23.888660369000036 ], [ 90.357111571000075, 23.889185296000051 ], [ 90.357732291000048, 23.889853968000068 ], [ 90.358036107000032, 23.890068601000053 ], [ 90.358051618000047, 23.890085163000037 ], [ 90.358235870000044, 23.890281887000071 ], [ 90.35844618200008, 23.890429354000048 ], [ 90.35863508400007, 23.890612109000074 ], [ 90.358879397000067, 23.890848473000062 ], [ 90.359303444000034, 23.89156762500005 ], [ 90.359479812000075, 23.892319216000033 ], [ 90.359693185000083, 23.892911668000067 ], [ 90.359832475000076, 23.893168054000057 ], [ 90.360115643000086, 23.893330915000035 ], [ 90.360213403000046, 23.893334851000077 ], [ 90.360345962000054, 23.893576008000025 ], [ 90.360629452000069, 23.89373792300006 ], [ 90.361371830000053, 23.893767795000031 ], [ 90.361559544000045, 23.893816956000023 ], [ 90.361623933000033, 23.893833818000076 ], [ 90.362115280000069, 23.893962499000054 ], [ 90.362925325000049, 23.894242349000024 ], [ 90.363140996000084, 23.894316857000035 ], [ 90.363596914000084, 23.894458567000072 ], [ 90.364193655000065, 23.894644046000053 ], [ 90.36459185800004, 23.894767297000044 ], [ 90.365815234000081, 23.895103104000043 ], [ 90.36600694100008, 23.895154582000032 ], [ 90.366603538000049, 23.895304453000051 ], [ 90.366900300000054, 23.895378264000044 ], [ 90.367811479000068, 23.895606409000038 ], [ 90.368944241000065, 23.896025956000074 ], [ 90.369545361000064, 23.896252579000077 ], [ 90.369692365000049, 23.896282130000031 ], [ 90.370355673000063, 23.896415470000022 ], [ 90.370500656000047, 23.896444476000056 ], [ 90.371419788000082, 23.896442258000036 ], [ 90.372233315000074, 23.896440292000023 ], [ 90.373116835000076, 23.89643815200003 ], [ 90.37348366100008, 23.896493855000074 ], [ 90.373965737000049, 23.896567057000027 ], [ 90.374779299000068, 23.89679088500003 ], [ 90.374950777000038, 23.896851435000031 ], [ 90.375345939000056, 23.896989932000054 ], [ 90.375557894000053, 23.897064219000072 ], [ 90.375699373000032, 23.897113804000071 ], [ 90.376127505000056, 23.897326451000026 ], [ 90.376938960000075, 23.897729483000035 ], [ 90.377524995000044, 23.89813226900003 ], [ 90.377835954000034, 23.898345992000031 ], [ 90.377891170000055, 23.898383753000076 ], [ 90.378214312000068, 23.898604740000053 ], [ 90.378255179000064, 23.898632086000077 ], [ 90.378406337000058, 23.898733234000076 ], [ 90.378575986000044, 23.898846755000022 ], [ 90.379234821000068, 23.899287614000059 ], [ 90.379276757000071, 23.899315675000025 ], [ 90.379401865000034, 23.899376097000072 ], [ 90.379704705000051, 23.899522359000059 ], [ 90.379879938000045, 23.899605476000033 ], [ 90.379949418000081, 23.899639178000029 ], [ 90.379972569000074, 23.899640287000068 ], [ 90.380348603000073, 23.899658314000078 ], [ 90.380621230000031, 23.899671385000033 ], [ 90.380642850000072, 23.899666313000068 ], [ 90.381112274000031, 23.899556175000043 ], [ 90.381395370000064, 23.899489753000069 ], [ 90.381545280000068, 23.899454581000043 ], [ 90.381752057000085, 23.899406647000035 ], [ 90.382013421000067, 23.899338257000068 ], [ 90.382905533000041, 23.899108606000027 ], [ 90.383271167000032, 23.89901448300003 ], [ 90.38356050200008, 23.898929374000033 ], [ 90.38392953400006, 23.898820821000072 ], [ 90.384718942000063, 23.898588609000058 ], [ 90.385243384000034, 23.898290893000024 ], [ 90.385274289000051, 23.898273349000078 ], [ 90.385418016000074, 23.898191899000039 ], [ 90.385675442000036, 23.898046014000045 ], [ 90.385750562000055, 23.89800344400004 ], [ 90.385813081000038, 23.897967158000029 ], [ 90.385927585000047, 23.897814840000024 ], [ 90.386523121000039, 23.897022634000052 ], [ 90.386667454000076, 23.896831464000059 ], [ 90.386697952000077, 23.896790988000078 ], [ 90.386798547000069, 23.896657492000031 ], [ 90.386940213000059, 23.896469487000047 ], [ 90.387142213000061, 23.896239480000077 ], [ 90.387159760000031, 23.89621949900004 ], [ 90.387381744000038, 23.895966737000037 ], [ 90.387445039000056, 23.895894668000039 ], [ 90.387539269000058, 23.895786042000054 ], [ 90.387693990000059, 23.895665559000065 ], [ 90.388242913000056, 23.895238104000043 ], [ 90.388275264000072, 23.895212912000034 ], [ 90.388420739000082, 23.895099627000036 ], [ 90.388540230000046, 23.895020290000048 ], [ 90.38857904200006, 23.894995612000059 ], [ 90.388579448000087, 23.894995355000049 ], [ 90.388611376000085, 23.894962632000045 ], [ 90.388612206000062, 23.894961782000053 ], [ 90.388885563000031, 23.894681612000056 ], [ 90.38916458500006, 23.894267046000039 ], [ 90.38924058200007, 23.894154133000029 ], [ 90.389295830000037, 23.894011381000041 ], [ 90.389316915000052, 23.893956900000035 ], [ 90.389495314000044, 23.893495939000047 ], [ 90.389511722000066, 23.89343944500007 ], [ 90.389569978000054, 23.89315702500005 ], [ 90.389686015000052, 23.892594486000064 ], [ 90.389924060000055, 23.89218154200006 ], [ 90.389967590000083, 23.892106030000036 ], [ 90.390035879000038, 23.891947792000053 ], [ 90.39007644600008, 23.891963495000027 ], [ 90.390176258000054, 23.891875178000078 ], [ 90.390220936000048, 23.891827645000035 ], [ 90.390223367000033, 23.891824987000064 ], [ 90.39035556500005, 23.891680529000041 ], [ 90.391039592000084, 23.891091694000067 ], [ 90.391511942000079, 23.890550814000051 ], [ 90.392097819000071, 23.889993837000077 ], [ 90.39242316900004, 23.88957074800004 ], [ 90.392618227000071, 23.889105089000054 ], [ 90.39273083300003, 23.88857867300004 ], [ 90.392712901000039, 23.888129363000076 ], [ 90.39258013500006, 23.887468088000048 ], [ 90.392552323000075, 23.887041145000069 ], [ 90.39254601500005, 23.886944303000064 ], [ 90.392707327000039, 23.886282277000078 ], [ 90.392976935000036, 23.88567086200004 ], [ 90.392999399000075, 23.885619916000053 ], [ 90.393002237000076, 23.885600516000068 ], [ 90.393063161000043, 23.885183945000051 ], [ 90.393046291000076, 23.884883665000075 ], [ 90.393025856000065, 23.884825008000064 ], [ 90.39299361500008, 23.884734647000073 ], [ 90.39286486900005, 23.884373805000052 ], [ 90.39285779000005, 23.884355757000037 ], [ 90.392700298000079, 23.883954223000046 ], [ 90.392731706000063, 23.883579305000069 ], [ 90.392894100000035, 23.883278567000048 ], [ 90.393415570000059, 23.882751104000079 ], [ 90.393603450000057, 23.882444462000024 ], [ 90.393756452000048, 23.882194746000039 ], [ 90.393793864000031, 23.881923931000074 ], [ 90.393797684000049, 23.881896277000067 ], [ 90.39382073400003, 23.881729419000067 ], [ 90.393808449000062, 23.881646706000026 ], [ 90.393815442000061, 23.881589005000023 ], [ 90.393814429000031, 23.881254434000027 ], [ 90.393839942000056, 23.881096641000056 ], [ 90.393846689000043, 23.881058764000045 ], [ 90.393860385000039, 23.880981877000067 ], [ 90.39389135600004, 23.880910103000076 ], [ 90.393902505000085, 23.880890934000035 ], [ 90.393927552000036, 23.880847875000029 ], [ 90.394005374000074, 23.88079988100003 ], [ 90.394072931000039, 23.880794928000057 ], [ 90.394176887000071, 23.880794661000039 ], [ 90.394353598000066, 23.88078942900006 ], [ 90.394832302000054, 23.88095548900003 ], [ 90.395104856000046, 23.881053765000047 ], [ 90.395224963000032, 23.881097072000046 ], [ 90.395279807000065, 23.881116848000033 ], [ 90.395316412000057, 23.881130063000057 ], [ 90.395362712000065, 23.88115044400007 ], [ 90.395394304000035, 23.881164350000063 ], [ 90.395446342000071, 23.881175192000057 ], [ 90.395711575000064, 23.881230449000043 ], [ 90.395767599000067, 23.881245269000033 ], [ 90.396158950000085, 23.881348789000072 ], [ 90.396422468000083, 23.881371283000078 ], [ 90.396756860000039, 23.881399825000074 ], [ 90.396891337000056, 23.881413549000058 ], [ 90.397292616000072, 23.881454499000029 ], [ 90.397396396000033, 23.881465090000063 ], [ 90.39788390800004, 23.881498983000029 ], [ 90.397926690000077, 23.881501957000069 ], [ 90.398259497000083, 23.881548892000069 ], [ 90.398488348000058, 23.881596096000067 ], [ 90.398584221000078, 23.881630539000071 ], [ 90.398660067000037, 23.881657787000051 ], [ 90.398710220000055, 23.881676084000048 ], [ 90.398790159000043, 23.881705246000024 ], [ 90.398968615000058, 23.881765366000025 ], [ 90.399268858000084, 23.881866513000034 ], [ 90.399327199000084, 23.881882030000043 ], [ 90.399606997000035, 23.881956448000039 ], [ 90.399825423000038, 23.881994118000023 ], [ 90.399991842000077, 23.882022363000033 ], [ 90.400112302000082, 23.88205223600005 ], [ 90.400163503000044, 23.882064933000038 ], [ 90.400277929000083, 23.882088534000047 ], [ 90.400371534000044, 23.882102630000077 ], [ 90.400792756000044, 23.882192794000048 ], [ 90.400848139000061, 23.882204649000073 ], [ 90.401011297000082, 23.882239573000049 ], [ 90.401349394000079, 23.882315166000069 ], [ 90.401393944000063, 23.882330534000062 ], [ 90.40173444800007, 23.882447991000049 ], [ 90.402056877000064, 23.88249972400007 ], [ 90.402264910000042, 23.882537418000027 ], [ 90.402274651000084, 23.882539524000038 ], [ 90.402483368000048, 23.882584644000076 ], [ 90.402654957000038, 23.882603313000061 ], [ 90.402817700000071, 23.882602887000075 ], [ 90.402883662000079, 23.882602714000029 ], [ 90.403003139000077, 23.882578504000037 ], [ 90.403132908000032, 23.882520808000038 ], [ 90.40323674800004, 23.88248229900006 ], [ 90.403330131000075, 23.882424699000069 ], [ 90.403439153000079, 23.882381396000028 ], [ 90.403532479000035, 23.882364797000037 ], [ 90.403552441000045, 23.882360611000024 ], [ 90.403620700000033, 23.882346298000073 ], [ 90.403649985000072, 23.882339955000077 ], [ 90.403771607000067, 23.88231361000004 ], [ 90.403958731000046, 23.882313119000059 ], [ 90.404161550000083, 23.882346043000041 ], [ 90.404270705000044, 23.882345757000053 ], [ 90.404386613000042, 23.882345452000038 ], [ 90.404442235000033, 23.882345306000047 ], [ 90.404603398000063, 23.882354442000064 ], [ 90.404683351000074, 23.882352037000032 ], [ 90.40485175200007, 23.88234697200005 ], [ 90.404951624000034, 23.882343967000054 ], [ 90.405011417000082, 23.882343809000076 ], [ 90.405071175000046, 23.882343652000031 ], [ 90.40516997800006, 23.88235773200006 ], [ 90.40527392100006, 23.882352678000075 ], [ 90.405346586000064, 23.88231902900003 ], [ 90.405350101000067, 23.882317497000031 ], [ 90.405434831000036, 23.882280560000027 ], [ 90.405517922000058, 23.882256442000028 ], [ 90.405627077000076, 23.88225615500005 ], [ 90.405715456000053, 23.882260702000053 ], [ 90.405826943000079, 23.882286019000048 ], [ 90.405943188000037, 23.882275373000027 ], [ 90.406418236000036, 23.882231865000051 ], [ 90.406986510000081, 23.882234846000074 ], [ 90.407176046000075, 23.88223434400004 ], [ 90.407294081000032, 23.882234031000053 ], [ 90.407311748000041, 23.882236466000052 ], [ 90.407589957000084, 23.882274820000077 ], [ 90.407768779000037, 23.882299471000067 ], [ 90.407873366000047, 23.882313889000045 ], [ 90.40804756700004, 23.882337903000064 ], [ 90.408354776000067, 23.882380253000065 ], [ 90.408571031000065, 23.882404192000024 ], [ 90.408730744000081, 23.882421871000076 ], [ 90.408992246000082, 23.882450818000052 ], [ 90.409355815000083, 23.88249221600006 ], [ 90.409515491000036, 23.882510397000033 ], [ 90.409666884000046, 23.882536703000028 ], [ 90.409773469000072, 23.882555223000054 ], [ 90.410554741000055, 23.882690976000049 ], [ 90.410769802000061, 23.882728344000043 ], [ 90.410822707000079, 23.882740433000038 ], [ 90.41084393400007, 23.88274528200003 ], [ 90.410965169000065, 23.882772983000052 ], [ 90.410998101000075, 23.882779523000067 ], [ 90.411351306000086, 23.882849662000069 ], [ 90.411422182000081, 23.882863737000037 ], [ 90.411759360000076, 23.882930692000059 ], [ 90.41210962200006, 23.883000246000051 ], [ 90.412506357000041, 23.883238537000068 ], [ 90.412545521000084, 23.883261859000072 ], [ 90.412591907000035, 23.883289482000066 ], [ 90.412656809000055, 23.883328131000042 ], [ 90.412698877000082, 23.883353183000054 ], [ 90.412756989000059, 23.883388117000038 ], [ 90.412767560000077, 23.883394472000077 ], [ 90.412979879000034, 23.883522109000069 ], [ 90.413027955000075, 23.883551010000076 ], [ 90.413122677000047, 23.883607207000068 ], [ 90.41321253600006, 23.88367809500005 ], [ 90.413253158000032, 23.88371072800004 ], [ 90.413352160000045, 23.883789408000041 ], [ 90.413593842000068, 23.883981479000056 ], [ 90.413912954000068, 23.884235085000057 ], [ 90.414006470000061, 23.88429805800007 ], [ 90.41402703600005, 23.88431186400004 ], [ 90.414406772000063, 23.884566777000032 ], [ 90.414476274000037, 23.884613433000027 ], [ 90.41460916300008, 23.884702640000057 ], [ 90.414683237000077, 23.884752365000054 ], [ 90.414950086000033, 23.885144521000029 ], [ 90.414971176000051, 23.885175515000071 ], [ 90.415007496000044, 23.885228889000075 ], [ 90.415080472000056, 23.885336133000067 ], [ 90.415170364000062, 23.885417181000037 ], [ 90.415494969000065, 23.885750499000039 ], [ 90.415862013000037, 23.886000930000023 ], [ 90.415900437000062, 23.88602714600006 ], [ 90.416126248000069, 23.88610962000007 ], [ 90.416305494000085, 23.886175085000048 ], [ 90.416470194000055, 23.886224866000077 ], [ 90.416474728000082, 23.886226237000074 ], [ 90.416497427000081, 23.886233098000048 ], [ 90.416912651000075, 23.88635860100004 ], [ 90.417092986000057, 23.886402971000052 ], [ 90.417214459000036, 23.886432858000035 ], [ 90.417701317000081, 23.886552644000062 ], [ 90.417756867000037, 23.886566311000024 ], [ 90.417899187000046, 23.886601830000075 ], [ 90.418025374000081, 23.886633324000059 ], [ 90.418164029000081, 23.886693413000046 ], [ 90.418491386000085, 23.886835283000039 ], [ 90.419138515000043, 23.887036748000071 ], [ 90.41953501200004, 23.887147875000039 ], [ 90.419665138000084, 23.887184344000048 ], [ 90.420413624000048, 23.887403593000045 ], [ 90.421028288000059, 23.887546895000071 ], [ 90.421122034000064, 23.88756875100006 ], [ 90.421188810000046, 23.887586787000032 ], [ 90.421668308000051, 23.887716288000036 ], [ 90.421863992000056, 23.887801229000047 ], [ 90.422174909000034, 23.887936188000026 ], [ 90.42221154300006, 23.887971482000069 ], [ 90.422385152000061, 23.888188268000079 ], [ 90.422668911000073, 23.888616839000065 ], [ 90.422891210000046, 23.889081942000075 ], [ 90.423135810000076, 23.889410218000023 ], [ 90.423147963000076, 23.889426529000048 ], [ 90.423224762000075, 23.889471741000023 ], [ 90.423409392000053, 23.889648843000032 ], [ 90.42346189400007, 23.889699205000056 ], [ 90.423590207000075, 23.889869717000067 ], [ 90.423667098000067, 23.889914666000038 ], [ 90.423864560000084, 23.890102479000063 ], [ 90.424216817000058, 23.89043752200007 ], [ 90.424243637000075, 23.890463030000035 ], [ 90.424427792000074, 23.890638185000057 ], [ 90.424526197000034, 23.890731780000067 ], [ 90.424803370000063, 23.890995405000069 ], [ 90.424887080000076, 23.891060658000072 ], [ 90.425734522000084, 23.891714679000074 ], [ 90.425971617000073, 23.891897658000062 ], [ 90.426154619000044, 23.892015384000047 ], [ 90.426891707000038, 23.89248955100004 ], [ 90.426902422000069, 23.892496444000074 ], [ 90.42755838100004, 23.892918415000054 ], [ 90.428028066000081, 23.893225784000037 ], [ 90.42804701700004, 23.89323818500003 ], [ 90.428210150000041, 23.893344941000066 ], [ 90.428542551000078, 23.893562466000049 ], [ 90.428706773000044, 23.893669933000069 ], [ 90.428916328000071, 23.893807066000022 ], [ 90.42921106600005, 23.89399994200005 ], [ 90.429322424000077, 23.894084595000038 ], [ 90.429342735000034, 23.894100036000054 ], [ 90.429812632000051, 23.894457242000044 ], [ 90.430277669000077, 23.894810751000023 ], [ 90.430739326000037, 23.895233838000024 ], [ 90.430765518000044, 23.895252120000066 ], [ 90.43119534300007, 23.895642776000045 ], [ 90.431443598000044, 23.895814760000064 ], [ 90.432032898000045, 23.896223005000024 ], [ 90.432404109000061, 23.896332607000033 ], [ 90.432781459000068, 23.896442190000073 ], [ 90.432920436000074, 23.896487104000073 ], [ 90.433397949000039, 23.896641422000073 ], [ 90.434039074000054, 23.896877990000064 ], [ 90.434128714000053, 23.896963952000078 ], [ 90.434513957000036, 23.897299040000064 ], [ 90.434542478000083, 23.897319799000059 ], [ 90.434587806000081, 23.897362902000054 ], [ 90.434968581000078, 23.897691422000037 ], [ 90.434973891000084, 23.897696003000078 ], [ 90.435307331000047, 23.897936881000078 ], [ 90.435440520000043, 23.898064163000072 ], [ 90.436511100000075, 23.899369593000074 ], [ 90.437286147000066, 23.900314639000044 ], [ 90.43743171400007, 23.900303944000029 ], [ 90.437754301000041, 23.90069359000006 ], [ 90.438205484000036, 23.900660692000031 ], [ 90.438409697000054, 23.900540894000073 ], [ 90.438750866000078, 23.900340751000044 ], [ 90.439730937000036, 23.900195695000036 ], [ 90.440079807000075, 23.900066670000058 ], [ 90.440491202000032, 23.899914522000074 ], [ 90.440635453000084, 23.899861173000033 ], [ 90.441054353000084, 23.89954384300006 ], [ 90.441894471000069, 23.899232081000036 ], [ 90.442510394000067, 23.899076760000071 ], [ 90.443015708000075, 23.899075306000043 ], [ 90.443175131000032, 23.899045256000022 ], [ 90.443295509000052, 23.899022566000042 ], [ 90.443418061000045, 23.898949953000056 ], [ 90.443911332000084, 23.898659499000075 ], [ 90.444807578000052, 23.898245944000053 ], [ 90.445872138000084, 23.898037380000062 ], [ 90.446768371000076, 23.897623811000074 ], [ 90.447272180000084, 23.897364931000027 ], [ 90.447642303000066, 23.897022844000048 ], [ 90.447830969000051, 23.896848469000076 ], [ 90.448670165000067, 23.896279250000077 ], [ 90.44928137900007, 23.896011018000024 ], [ 90.449734426000077, 23.895813242000031 ], [ 90.451023671000087, 23.895603984000047 ], [ 90.453042050000079, 23.895494183000039 ], [ 90.454220185000054, 23.895644256000026 ], [ 90.454507540000066, 23.89572516800007 ], [ 90.454950307000047, 23.89584983900005 ], [ 90.455791270000077, 23.895795416000055 ], [ 90.456645365000043, 23.895966631000078 ], [ 90.456801364000057, 23.895997903000023 ], [ 90.457698992000076, 23.895995235000044 ], [ 90.458815058000084, 23.896144607000053 ], [ 90.458833007000067, 23.896078208000063 ], [ 90.458715029000075, 23.89578322400007 ], [ 90.458893891000059, 23.895266908000053 ], [ 90.459399073000043, 23.894645037000032 ], [ 90.459847703000037, 23.894227827000066 ], [ 90.460521860000085, 23.893966659000057 ], [ 90.461307255000065, 23.89339614000005 ], [ 90.461588112000072, 23.892877223000028 ], [ 90.461251365000066, 23.892514781000045 ], [ 90.460914616000082, 23.892154616000028 ], [ 90.460633793000056, 23.891844252000055 ], [ 90.460582187000057, 23.891460447000043 ], [ 90.460595709000074, 23.891392244000031 ], [ 90.460690367000041, 23.890912548000074 ], [ 90.460633857000062, 23.890290200000038 ], [ 90.460970622000048, 23.890030112000034 ], [ 90.461083088000066, 23.889718487000039 ], [ 90.461588237000058, 23.889251107000064 ], [ 90.46170352200005, 23.888967639000043 ], [ 90.461756628000046, 23.888837061000061 ], [ 90.461698102000071, 23.888648653000075 ], [ 90.461541769000064, 23.888520884000059 ], [ 90.461316587000056, 23.888212205000059 ], [ 90.461315631000048, 23.888207468000076 ], [ 90.461139073000083, 23.888062018000028 ], [ 90.46091479200004, 23.887751472000048 ], [ 90.460802361000049, 23.887181561000034 ], [ 90.460690553000063, 23.886407165000037 ], [ 90.460690566000039, 23.886096167000062 ], [ 90.460690574000068, 23.885889148000047 ], [ 90.460608246000049, 23.885621316000027 ], [ 90.460590613000079, 23.885565486000075 ], [ 90.460578139000063, 23.88552598900003 ], [ 90.460465701000032, 23.885165100000052 ], [ 90.460297342000047, 23.884906631000035 ], [ 90.46046573700005, 23.884335817000078 ], [ 90.46049367300003, 23.884220138000046 ], [ 90.460532728000032, 23.884058418000052 ], [ 90.460578208000072, 23.883869697000023 ], [ 90.460914969000044, 23.883350600000028 ], [ 90.461307636000072, 23.882985819000055 ], [ 90.461532544000079, 23.882778346000066 ], [ 90.461664582000083, 23.88271783700003 ], [ 90.461772196000084, 23.882668521000028 ], [ 90.462065779000056, 23.882649084000036 ], [ 90.462077148000049, 23.882648331000041 ], [ 90.46207561500006, 23.88221704700004 ], [ 90.462073941000085, 23.881745119000072 ], [ 90.462072818000081, 23.881428994000032 ], [ 90.461628884000049, 23.880888393000077 ], [ 90.46118447200007, 23.880212308000068 ], [ 90.461165942000036, 23.88017850600005 ], [ 90.460838452000075, 23.879581088000066 ], [ 90.460786621000068, 23.878813502000071 ], [ 90.460883566000064, 23.878451924000046 ], [ 90.460980988000074, 23.878225826000062 ], [ 90.461864028000036, 23.877952213000071 ], [ 90.46256436300007, 23.877735205000079 ], [ 90.462894235000078, 23.877632988000073 ], [ 90.463630416000058, 23.87749529000007 ], [ 90.464076965000061, 23.877220719000036 ], [ 90.464218458000062, 23.87713222800005 ], [ 90.464854316000071, 23.876407731000029 ], [ 90.46524445600005, 23.875638813000023 ], [ 90.46612407300006, 23.874416800000063 ], [ 90.466662337000059, 23.873873235000076 ], [ 90.467543550000073, 23.873102822000078 ], [ 90.46804865200005, 23.872761026000035 ], [ 90.468817298000033, 23.872240886000043 ], [ 90.470286487000067, 23.871107376000055 ], [ 90.470618533000049, 23.870741752000072 ], [ 90.470642576000046, 23.870715278000034 ], [ 90.471294114000045, 23.869997845000057 ], [ 90.471740799000031, 23.869107280000037 ], [ 90.47184993500008, 23.868889695000064 ], [ 90.472435784000083, 23.867939513000067 ], [ 90.473019166000086, 23.866311920000044 ], [ 90.472932151000066, 23.865827658000057 ], [ 90.472907648000046, 23.865691296000023 ], [ 90.472768550000069, 23.864912692000075 ], [ 90.472715018000031, 23.863693506000061 ], [ 90.472712233000038, 23.86292577200004 ], [ 90.472749956000087, 23.862855804000048 ], [ 90.472907341000052, 23.862563884000053 ], [ 90.473019410000063, 23.861985476000029 ], [ 90.473033275000034, 23.861915434000025 ], [ 90.473050747000059, 23.861825058000022 ], [ 90.473056772000064, 23.86179342500003 ], [ 90.473063400000058, 23.861759534000043 ], [ 90.473071240000081, 23.861721123000052 ], [ 90.473100152000086, 23.861569746000043 ], [ 90.472750192000035, 23.859854694000035 ], [ 90.472403024000073, 23.858907371000043 ], [ 90.474366220000036, 23.857803862000026 ], [ 90.474512202000085, 23.855079033000038 ], [ 90.474413731000084, 23.854157422000071 ], [ 90.47416250200007, 23.851806074000024 ], [ 90.473887563000062, 23.850764855000023 ], [ 90.47337963700005, 23.848841253000046 ], [ 90.473309120000067, 23.848574187000054 ], [ 90.473309103000076, 23.848574153000072 ], [ 90.47327765700004, 23.848518460000037 ], [ 90.473284632000059, 23.848481446000051 ], [ 90.473283494000043, 23.848167579000062 ], [ 90.473019817000079, 23.84738709800007 ], [ 90.472881544000074, 23.846849195000061 ], [ 90.472671821000063, 23.846033329000022 ], [ 90.472579634000056, 23.845425263000038 ], [ 90.47254795200007, 23.845216289000064 ], [ 90.472552412000084, 23.845092081000075 ], [ 90.472556274000056, 23.844972392000045 ], [ 90.472583938000071, 23.844139081000037 ], [ 90.47262201500007, 23.843468319000067 ], [ 90.47261992600005, 23.842892518000042 ], [ 90.472617914000068, 23.842337040000075 ], [ 90.472817469000063, 23.841686106000054 ], [ 90.473054046000073, 23.841384756000025 ], [ 90.473460743000032, 23.840866709000068 ], [ 90.473551189000034, 23.840760303000025 ], [ 90.474124393000068, 23.840083377000042 ], [ 90.474417536000033, 23.839805323000064 ], [ 90.474929262000046, 23.839319931000034 ], [ 90.475915777000068, 23.838555920000033 ], [ 90.476680869000063, 23.837828716000047 ], [ 90.477082510000059, 23.837233603000072 ], [ 90.477134402000047, 23.837133279000057 ], [ 90.477266142000076, 23.836878583000043 ], [ 90.477266769000039, 23.83687737200006 ], [ 90.477563314000065, 23.836304047000056 ], [ 90.477883048000081, 23.835298217000059 ], [ 90.478122531000054, 23.834500375000061 ], [ 90.478262311000037, 23.834127361000071 ], [ 90.478523608000046, 23.833756228000027 ], [ 90.478927172000056, 23.833463695000034 ], [ 90.47944964800007, 23.833084962000044 ], [ 90.47980353500003, 23.832862569000042 ], [ 90.480759284000044, 23.832263461000025 ], [ 90.481347759000073, 23.831695448000062 ], [ 90.48166266000004, 23.831391492000023 ], [ 90.481745020000062, 23.831311996000068 ], [ 90.482267716000081, 23.830772943000056 ], [ 90.482495347000054, 23.830605868000077 ], [ 90.482599540000081, 23.830607770000029 ], [ 90.483102310000049, 23.830616949000046 ], [ 90.483784558000082, 23.830767758000036 ], [ 90.484084628000062, 23.830980943000043 ], [ 90.484285280000051, 23.831286209000041 ], [ 90.484436224000035, 23.831637515000068 ], [ 90.484620138000082, 23.831912243000033 ], [ 90.485070134000068, 23.832201428000076 ], [ 90.485204604000046, 23.832201005000059 ], [ 90.485319533000052, 23.832200643000078 ], [ 90.485751822000054, 23.832199282000033 ], [ 90.486050873000067, 23.832137160000059 ], [ 90.486134305000064, 23.83208561400005 ], [ 90.486200169000085, 23.832044921000033 ], [ 90.48629048500004, 23.831966112000032 ], [ 90.486548185000061, 23.831737927000063 ], [ 90.486630805000061, 23.83160001300007 ], [ 90.486695940000061, 23.831232732000046 ], [ 90.486703062000061, 23.831198025000049 ], [ 90.486777589000042, 23.830834810000056 ], [ 90.486841526000035, 23.830146342000035 ], [ 90.487021675000051, 23.829411623000055 ], [ 90.487181966000037, 23.828730231000065 ], [ 90.487201707000054, 23.828646314000025 ], [ 90.487272106000034, 23.828181586000028 ], [ 90.487315289000037, 23.827896510000073 ], [ 90.487443873000075, 23.827281496000069 ], [ 90.487560793000057, 23.826855688000023 ], [ 90.487709511000048, 23.826610501000062 ], [ 90.487717469000074, 23.826591392000068 ], [ 90.487921319000066, 23.826101953000034 ], [ 90.488104984000074, 23.825660971000048 ], [ 90.488236502000063, 23.825262890000033 ], [ 90.488251467000055, 23.824819293000076 ], [ 90.488217014000043, 23.824498212000037 ], [ 90.488129125000057, 23.824326499000051 ], [ 90.488123705000078, 23.824315911000042 ], [ 90.487982540000075, 23.824040111000045 ], [ 90.487914856000032, 23.823955811000076 ], [ 90.487798802000043, 23.823811269000032 ], [ 90.487415503000079, 23.823567765000064 ], [ 90.487125886000058, 23.82314120500007 ], [ 90.487072160000082, 23.822918426000058 ], [ 90.487023044000068, 23.82271475400006 ], [ 90.486878236000052, 23.821730694000053 ], [ 90.486700026000051, 23.820767395000075 ], [ 90.486651535000078, 23.820505278000041 ], [ 90.486647451000067, 23.819410127000026 ], [ 90.48668503600004, 23.818628715000045 ], [ 90.486643781000055, 23.818425620000028 ], [ 90.486642946000075, 23.818202074000055 ], [ 90.486679231000039, 23.81789486100007 ], [ 90.48668219800004, 23.817867757000045 ], [ 90.486862925000082, 23.817625572000054 ], [ 90.487125334000041, 23.817568291000043 ], [ 90.48767035700007, 23.817604958000061 ], [ 90.488256288000059, 23.817752134000045 ], [ 90.488882441000044, 23.817824667000025 ], [ 90.489313854000045, 23.817734807000022 ], [ 90.490341309000087, 23.816542695000066 ], [ 90.490360825000039, 23.816520051000055 ], [ 90.490290336000044, 23.816426969000076 ], [ 90.48990606600006, 23.816222706000076 ], [ 90.489278736000074, 23.815834050000035 ], [ 90.488934698000037, 23.815557399000056 ], [ 90.488469652000049, 23.815409840000029 ], [ 90.48798505700006, 23.815449760000035 ], [ 90.48744101300008, 23.815672772000028 ], [ 90.487078257000064, 23.81580488700007 ], [ 90.486715074000074, 23.815824099000054 ], [ 90.486431932000073, 23.815750476000062 ], [ 90.486088177000056, 23.815548332000049 ], [ 90.485621336000065, 23.814917543000035 ], [ 90.485594720000051, 23.814873068000054 ], [ 90.485255815000073, 23.814306755000075 ], [ 90.485092722000047, 23.814009205000048 ], [ 90.485071980000043, 23.813711203000025 ], [ 90.48515098200005, 23.813340631000074 ], [ 90.485218681000049, 23.813116330000071 ], [ 90.485330394000073, 23.812746194000056 ], [ 90.485328323000033, 23.812188457000047 ], [ 90.485297065000054, 23.811943045000078 ], [ 90.485245527000075, 23.811538393000035 ], [ 90.485000197000033, 23.810739806000072 ], [ 90.484611805000043, 23.81007941200005 ], [ 90.484553148000032, 23.809980241000062 ], [ 90.484308929000065, 23.809479715000066 ], [ 90.484145771000044, 23.808996999000044 ], [ 90.484345839000071, 23.808513144000074 ], [ 90.484862595000038, 23.807933008000077 ], [ 90.484908589000042, 23.807881373000043 ], [ 90.485149767000053, 23.807564485000057 ], [ 90.485289580000085, 23.807211786000039 ], [ 90.485287572000061, 23.806672114000037 ], [ 90.485185297000044, 23.806227592000027 ], [ 90.484656236000035, 23.805188284000053 ], [ 90.484643066000046, 23.80517020700006 ], [ 90.48396678000006, 23.804242057000067 ], [ 90.483814208000069, 23.803964793000034 ], [ 90.483461190000071, 23.803321287000074 ], [ 90.483091052000077, 23.80259413400006 ], [ 90.483012117000044, 23.802400133000049 ], [ 90.482766232000074, 23.80179580600003 ], [ 90.482670352000071, 23.801447954000025 ], [ 90.482614875000081, 23.80124668600007 ], [ 90.48256163800005, 23.801053541000044 ], [ 90.482296301000076, 23.800144363000072 ], [ 90.48202292600007, 23.799370041000032 ], [ 90.481949098000086, 23.799160927000059 ], [ 90.481785139000067, 23.79845466300003 ], [ 90.48174152200005, 23.797816050000051 ], [ 90.481700180000075, 23.79721072600006 ], [ 90.481777260000058, 23.796318545000076 ], [ 90.481651748000047, 23.795056671000054 ], [ 90.481566591000046, 23.793923383000049 ], [ 90.48136071600004, 23.792828857000075 ], [ 90.480872231000035, 23.791789404000042 ], [ 90.480041239000059, 23.790863921000039 ], [ 90.479850588000033, 23.790708984000048 ], [ 90.479130570000052, 23.790123842000071 ], [ 90.47893868500006, 23.789993469000024 ], [ 90.478644701000064, 23.789791153000067 ], [ 90.477936688000057, 23.789271731000042 ], [ 90.477248461000045, 23.788792889000035 ], [ 90.477073559000075, 23.788677548000067 ], [ 90.476600915000063, 23.788365854000062 ], [ 90.476256640000031, 23.787996593000059 ], [ 90.475911002000032, 23.787421848000065 ], [ 90.47536442300003, 23.786922238000045 ], [ 90.474960228000043, 23.786774449000063 ], [ 90.474071195000079, 23.786571696000067 ], [ 90.473019625000063, 23.786037497000052 ], [ 90.472972603000073, 23.786009179000075 ], [ 90.47225112600006, 23.785574685000029 ], [ 90.47188139800005, 23.785286780000035 ], [ 90.471317855000052, 23.784839145000035 ], [ 90.470934405000037, 23.784316439000065 ], [ 90.47079136800005, 23.783777193000049 ], [ 90.470808872000077, 23.783016166000039 ], [ 90.470816447000061, 23.782984407000072 ], [ 90.470888641000045, 23.782681726000078 ], [ 90.470914864000065, 23.782643542000073 ], [ 90.47159103000007, 23.781658929000059 ], [ 90.471861511000043, 23.781305840000073 ], [ 90.472334702000069, 23.780690194000044 ], [ 90.472735856000043, 23.780002510000031 ], [ 90.472925904000078, 23.779788947000043 ], [ 90.473306818000083, 23.779360894000035 ], [ 90.473553913000046, 23.779083220000075 ], [ 90.473680375000072, 23.778940573000057 ], [ 90.474442669000041, 23.778378228000065 ], [ 90.475049695000052, 23.778137005000076 ], [ 90.475635380000085, 23.778099072000032 ], [ 90.475893111000062, 23.778125375000059 ], [ 90.476482845000078, 23.778189041000076 ], [ 90.477128838000056, 23.778205111000034 ], [ 90.477612830000055, 23.778036515000053 ], [ 90.477754051000034, 23.777914710000061 ], [ 90.478498273000071, 23.777272802000027 ], [ 90.478664367000079, 23.777115150000043 ], [ 90.479018059000055, 23.776779434000048 ], [ 90.480147532000046, 23.775707345000058 ], [ 90.48095231700006, 23.775036449000027 ], [ 90.481269117000068, 23.774672763000069 ], [ 90.481374396000035, 23.774551902000042 ], [ 90.48177555400008, 23.773882259000061 ], [ 90.48201633900004, 23.773472794000043 ], [ 90.482625390000067, 23.77240633200006 ], [ 90.482717831000059, 23.772244464000039 ], [ 90.48315917900004, 23.771500174000039 ], [ 90.48331782300005, 23.770774832000029 ], [ 90.48331070100005, 23.770570315000043 ], [ 90.483295178000049, 23.770124575000068 ], [ 90.483241326000041, 23.769611429000065 ], [ 90.483232874000066, 23.769530893000024 ], [ 90.483069025000077, 23.769012046000057 ], [ 90.482682443000044, 23.768139376000079 ], [ 90.482437489000063, 23.767415294000045 ], [ 90.482354058000055, 23.766580064000038 ], [ 90.48235141300006, 23.765862299000048 ], [ 90.482351320000078, 23.765837162000025 ], [ 90.482429756000045, 23.76531755600007 ], [ 90.482648433000065, 23.764406864000023 ], [ 90.482947994000085, 23.763475597000024 ], [ 90.483145128000046, 23.762212711000075 ], [ 90.483187740000062, 23.761959672000046 ], [ 90.483322766000072, 23.761153113000034 ], [ 90.483381701000042, 23.760669697000026 ], [ 90.483340097000053, 23.760148918000027 ], [ 90.48331803800005, 23.759872791000078 ], [ 90.48337566400005, 23.759034861000032 ], [ 90.48361518300004, 23.758291198000052 ], [ 90.484056352000039, 23.757677877000049 ], [ 90.484559811000054, 23.757324037000046 ], [ 90.48503106000004, 23.757096446000048 ], [ 90.48530506600008, 23.756964114000027 ], [ 90.485566929000072, 23.756837644000029 ], [ 90.486223660000064, 23.756634610000049 ], [ 90.486836881000045, 23.756443 ], [ 90.487843771000087, 23.755900139000062 ], [ 90.487850002000073, 23.755895557000031 ], [ 90.48852819800004, 23.755396683000072 ], [ 90.488788765000038, 23.755043595000075 ], [ 90.488928636000082, 23.754559924000034 ], [ 90.488907216000086, 23.754243858000052 ], [ 90.488744188000055, 23.753781466000078 ], [ 90.488645582000061, 23.753579999000067 ], [ 90.488573301000031, 23.753432321000048 ], [ 90.48831713800007, 23.75290893600004 ], [ 90.487931479000054, 23.752280148000068 ], [ 90.487642992000076, 23.751942223000071 ], [ 90.487566196000046, 23.751852265000025 ], [ 90.487296023000056, 23.751659971000038 ], [ 90.487010832000067, 23.75145698700004 ], [ 90.486918677000062, 23.751391396000031 ], [ 90.486637188000032, 23.751229699000078 ], [ 90.486372901000038, 23.751076984000065 ], [ 90.486029033000079, 23.750798061000069 ], [ 90.485866851000083, 23.750559213000031 ], [ 90.485764067000048, 23.750130500000068 ], [ 90.485767851000048, 23.750052309000068 ], [ 90.485782862000065, 23.749742049000076 ], [ 90.485881925000058, 23.749333024000066 ], [ 90.48595991500008, 23.749195034000024 ], [ 90.485969761000035, 23.749177536000047 ], [ 90.486102482000035, 23.748941682000066 ], [ 90.486565810000059, 23.748476383000025 ], [ 90.486585178000041, 23.748456931000078 ], [ 90.48696736800008, 23.748157657000036 ], [ 90.48730024200006, 23.747790799000029 ], [ 90.487490189000084, 23.747580196000058 ], [ 90.487891234000074, 23.746910538000066 ], [ 90.487896953000075, 23.746905354000035 ], [ 90.488815994000049, 23.746072121000054 ], [ 90.489715360000048, 23.745238530000051 ], [ 90.489823174000037, 23.745138599000029 ], [ 90.489902017000077, 23.745066093000048 ], [ 90.490063074000034, 23.744951248000064 ], [ 90.490948520000074, 23.74431985800004 ], [ 90.491208349000033, 23.744229669000049 ], [ 90.491276408000033, 23.744206045000055 ], [ 90.491815159000055, 23.744019037000044 ], [ 90.492048407000084, 23.743987084000025 ], [ 90.492642026000055, 23.743905755000071 ], [ 90.493509381000081, 23.743959442000062 ], [ 90.493665720000081, 23.743947653000077 ], [ 90.493823768000084, 23.743934850000073 ], [ 90.494013949000077, 23.743919446000064 ], [ 90.494457662000059, 23.743843507000065 ], [ 90.494658792000052, 23.743675765000035 ], [ 90.494725385000038, 23.743541355000048 ], [ 90.494778691000079, 23.743433766000066 ], [ 90.494676369000047, 23.742971184000055 ], [ 90.494614260000048, 23.742786910000063 ], [ 90.494540039000071, 23.742566699000065 ], [ 90.494369988000074, 23.742062155000042 ], [ 90.494247818000076, 23.741814170000055 ], [ 90.494041221000032, 23.741394810000031 ], [ 90.494018719000053, 23.741349151000065 ], [ 90.49382121900004, 23.740948412000023 ], [ 90.493740226000057, 23.740813228000036 ], [ 90.493232481000064, 23.739965763000043 ], [ 90.492907565000053, 23.739503891000027 ], [ 90.49257256900006, 23.738730579000048 ], [ 90.492561761000047, 23.738705631000073 ], [ 90.492502472000069, 23.738351215000023 ], [ 90.492476930000066, 23.738198521000072 ], [ 90.492437549000044, 23.737963113000035 ], [ 90.492326137000077, 23.737358885000049 ], [ 90.492293571000062, 23.737182270000062 ], [ 90.492190852000078, 23.736283876000073 ], [ 90.492168652000032, 23.736087495000049 ], [ 90.492137433000039, 23.735763699000074 ], [ 90.492084425000087, 23.735213879000071 ], [ 90.49209572500007, 23.735155681000037 ], [ 90.492163835000042, 23.734804913000062 ], [ 90.492190018000031, 23.734724495000023 ], [ 90.492330559000038, 23.734292837000055 ], [ 90.492363282000042, 23.734192333000067 ], [ 90.492396356000086, 23.73411530900006 ], [ 90.492642914000044, 23.733541113000058 ], [ 90.492845758000044, 23.733304372000077 ], [ 90.493025107000051, 23.733095050000031 ], [ 90.49320046400004, 23.733058862000064 ], [ 90.493395006000071, 23.733018715000071 ], [ 90.493669705000059, 23.732962025000063 ], [ 90.494123104000039, 23.732946080000033 ], [ 90.494799704000059, 23.73292228300005 ], [ 90.49568699200006, 23.732752343000072 ], [ 90.496117585000036, 23.732591694000064 ], [ 90.496126126000036, 23.73258850700006 ], [ 90.496291377000034, 23.732526854000071 ], [ 90.496351481000033, 23.732492999000044 ], [ 90.496585703000051, 23.732361067000056 ], [ 90.496645661000059, 23.732314164000059 ], [ 90.497147422000069, 23.732043128000043 ], [ 90.497648268000034, 23.731682481000064 ], [ 90.497998619000043, 23.731439529000056 ], [ 90.49806030700006, 23.731396752000023 ], [ 90.498201149000067, 23.731299084000057 ], [ 90.498640671000032, 23.730938629000036 ], [ 90.49896433300006, 23.730638966000072 ], [ 90.499098346000039, 23.730514891000041 ], [ 90.499124753000046, 23.730486910000025 ], [ 90.499513033000085, 23.730075482000075 ], [ 90.499514713000053, 23.730073738000044 ], [ 90.499630914000079, 23.72995316500004 ], [ 90.499691345000031, 23.729880711000078 ], [ 90.499849303000076, 23.729693195000038 ], [ 90.499917703000051, 23.729611996000074 ], [ 90.50027308500006, 23.729190112000026 ], [ 90.50031885900006, 23.729133509000064 ], [ 90.500406982000072, 23.729021680000074 ], [ 90.500714901000038, 23.728630931000055 ], [ 90.500898447000054, 23.728203919000066 ], [ 90.50095497600006, 23.728072404000045 ], [ 90.501030978000074, 23.727582153000071 ], [ 90.501072865000083, 23.727311044000032 ], [ 90.500924341000086, 23.726687413000036 ], [ 90.500908967000044, 23.726622858000042 ], [ 90.500461701000063, 23.725752681000074 ], [ 90.499892865000049, 23.724677412000062 ], [ 90.49955510500007, 23.72405978300003 ], [ 90.499283423000065, 23.723563879000039 ], [ 90.499241897000047, 23.723286268000038 ], [ 90.49926071200008, 23.722913624000057 ], [ 90.49952066700007, 23.722262451000063 ], [ 90.499717201000067, 23.721864393000033 ], [ 90.499757682000052, 23.721782593000057 ], [ 90.499800397000058, 23.721696277000035 ], [ 90.499961198000051, 23.72137133800004 ], [ 90.499965214000042, 23.721363195000038 ], [ 90.49996789000005, 23.721357768000075 ], [ 90.500206521000052, 23.720854904000078 ], [ 90.500329560000068, 23.720595623000065 ], [ 90.500341365000054, 23.720570745000032 ], [ 90.500368655000045, 23.720331298000076 ], [ 90.500438666000036, 23.719716868000035 ], [ 90.500574696000058, 23.719310618000065 ], [ 90.500837566000087, 23.718525562000025 ], [ 90.501049540000054, 23.718263424000043 ], [ 90.501449887000035, 23.717768335000073 ], [ 90.501517314000068, 23.717684950000034 ], [ 90.50162113500005, 23.717556558000069 ], [ 90.501871145000052, 23.717357036000067 ], [ 90.502429711000048, 23.716910030000065 ], [ 90.502460119000034, 23.71688569500003 ], [ 90.502705922000075, 23.71668898300004 ], [ 90.50292313500006, 23.716515151000067 ], [ 90.50308939100006, 23.716382098000054 ], [ 90.503096640000081, 23.716378071000065 ], [ 90.503692884000031, 23.716046770000048 ], [ 90.504385236000076, 23.715662063000025 ], [ 90.505117994000045, 23.71525609400004 ], [ 90.505496310000069, 23.715046494000035 ], [ 90.50564558800005, 23.714962456000023 ], [ 90.50605524000008, 23.714739354000073 ], [ 90.507409893000045, 23.714001577000033 ], [ 90.507497621000084, 23.713953798000034 ], [ 90.509231520000071, 23.713118657000052 ], [ 90.509465483000042, 23.713005966000026 ], [ 90.509560754000063, 23.712960077000048 ], [ 90.510175618000062, 23.712662392000027 ], [ 90.510187881000036, 23.712653679000027 ], [ 90.510294888000033, 23.712577650000071 ], [ 90.510779091000074, 23.712233620000063 ], [ 90.510904407000055, 23.712112409000042 ], [ 90.511139532000072, 23.711884984000051 ], [ 90.511370336000084, 23.711661737000043 ], [ 90.511378007000076, 23.711654317000068 ], [ 90.511419627000066, 23.711614060000045 ], [ 90.51164564700008, 23.711395439000057 ], [ 90.511839326000086, 23.711208100000079 ], [ 90.511879198000031, 23.711169534000078 ], [ 90.511936842000068, 23.710942363000072 ], [ 90.511936850000041, 23.710942327000055 ], [ 90.511980704000052, 23.710885892000078 ], [ 90.511097667000058, 23.709949574000063 ], [ 90.510734174000049, 23.709564143000023 ], [ 90.510416263000081, 23.709384541000077 ], [ 90.509768319000045, 23.709071893000043 ], [ 90.509715983000035, 23.709048934000066 ], [ 90.509722267000086, 23.709029256000065 ], [ 90.509727780000048, 23.709011995000026 ], [ 90.509729592000042, 23.709006319000025 ], [ 90.509741151000071, 23.708970127000043 ], [ 90.509631733000049, 23.708943731000033 ], [ 90.509603445000039, 23.708935818000043 ], [ 90.509547288000078, 23.708920110000065 ], [ 90.509538148000047, 23.708895159000065 ], [ 90.509537451000085, 23.708893257000057 ], [ 90.509521033000055, 23.708842527000058 ], [ 90.509502885000074, 23.708834246000038 ], [ 90.509502256000076, 23.70883395900006 ], [ 90.509449701000051, 23.708809979000023 ], [ 90.509436530000073, 23.708803970000076 ], [ 90.509395429000051, 23.708779746000062 ], [ 90.509335725000085, 23.708744556000056 ], [ 90.509304470000075, 23.70872782400005 ], [ 90.509268558000031, 23.708708598000044 ], [ 90.509241443000064, 23.708694082000022 ], [ 90.508965620000083, 23.708680052000034 ], [ 90.50881310300008, 23.70867159200003 ], [ 90.508676680000065, 23.708630218000053 ], [ 90.508665195000049, 23.708625329000029 ], [ 90.508626584000069, 23.708608893000076 ], [ 90.508584158000076, 23.708590832000027 ], [ 90.508546456000033, 23.708574782000028 ], [ 90.508530444000087, 23.708567966000032 ], [ 90.508429558000046, 23.708532456000057 ], [ 90.508387499000037, 23.708517651000022 ], [ 90.508264056000087, 23.708485966000069 ], [ 90.508238111000082, 23.708479307000061 ], [ 90.508154479000041, 23.708476001000065 ], [ 90.508075319000056, 23.708472870000037 ], [ 90.507959055000072, 23.70846827400004 ], [ 90.507937316000039, 23.708466655000052 ], [ 90.507890381000038, 23.70846315700004 ], [ 90.507867550000071, 23.708461456000066 ], [ 90.507728641000085, 23.708451106000041 ], [ 90.507687950000047, 23.708443934000059 ], [ 90.507657803000086, 23.708438620000038 ], [ 90.507612194000046, 23.708430581000073 ], [ 90.507535268000083, 23.708417021000059 ], [ 90.507523893000041, 23.70841501700005 ], [ 90.507462425000085, 23.708404182000038 ], [ 90.50744148800004, 23.708399141000029 ], [ 90.507403638000085, 23.708390027000064 ], [ 90.507391225000049, 23.708387039000058 ], [ 90.507342663000031, 23.708375346000025 ], [ 90.507332882000071, 23.708372991000033 ], [ 90.507288048000078, 23.708362196000053 ], [ 90.507144183000037, 23.708327555000039 ], [ 90.507078277000062, 23.708313740000051 ], [ 90.506968933000053, 23.708290819000069 ], [ 90.506751301000065, 23.708245198000043 ], [ 90.506645352000078, 23.708220276000077 ], [ 90.506618911000032, 23.708214056000031 ], [ 90.506461797000043, 23.708177098000078 ], [ 90.506400596000049, 23.708162702000038 ], [ 90.506114632000049, 23.708120574000077 ], [ 90.50604351700008, 23.708110098000077 ], [ 90.505968995000046, 23.708104271000025 ], [ 90.505875547000073, 23.708096964000049 ], [ 90.505873074000078, 23.708100493000074 ], [ 90.505873029000043, 23.708100491000039 ], [ 90.50587328000006, 23.708096787000045 ], [ 90.505753473000084, 23.708087419000037 ], [ 90.505676798000081, 23.708081423000067 ], [ 90.505436663000069, 23.708067272000051 ], [ 90.505327977000036, 23.708056511000052 ], [ 90.505290613000057, 23.708052812000062 ], [ 90.504862161000062, 23.708000439000045 ], [ 90.50461722600005, 23.707964379000032 ], [ 90.504351520000057, 23.707925261000071 ], [ 90.504340336000041, 23.707924885000068 ], [ 90.504154653000057, 23.707939067000041 ], [ 90.504078448000087, 23.707944887000053 ], [ 90.504008686000077, 23.707948209000051 ], [ 90.503794962000086, 23.707958388000065 ], [ 90.503763481000078, 23.707959887000072 ], [ 90.503610924000043, 23.707967153000027 ], [ 90.503389109000068, 23.707963839000058 ], [ 90.502954236000051, 23.707957339000075 ], [ 90.502667053000039, 23.707934385000044 ], [ 90.502583013000049, 23.707927668000025 ], [ 90.502552344000037, 23.707925217000025 ], [ 90.502546959000085, 23.707924786000035 ], [ 90.50249883500004, 23.707916773000022 ], [ 90.502221625000061, 23.707870616000037 ], [ 90.502708323000036, 23.707160394000027 ], [ 90.503353491000041, 23.706285828000034 ], [ 90.503344277000053, 23.706275961000074 ], [ 90.503281511000068, 23.706208745000026 ], [ 90.503183632000059, 23.706105189000027 ], [ 90.503124086000071, 23.706085061000067 ], [ 90.501753978000067, 23.705640146000064 ], [ 90.501371612000071, 23.705614685000057 ], [ 90.501340636000066, 23.705612622000046 ], [ 90.501298807000069, 23.705609837000054 ], [ 90.500428157000044, 23.705551857000046 ], [ 90.500318151000045, 23.70552512200004 ], [ 90.499088398000083, 23.705478308000067 ], [ 90.499079781000034, 23.70547810000005 ], [ 90.499120166000068, 23.705295938000063 ], [ 90.499135411000054, 23.705209853000042 ], [ 90.499140690000047, 23.705192342000032 ], [ 90.499157070000081, 23.705138003000059 ], [ 90.499196333000043, 23.705118475000063 ], [ 90.499268500000085, 23.705116689000079 ], [ 90.499283099000081, 23.70509344900006 ], [ 90.49928129500006, 23.705078898000068 ], [ 90.499281297000039, 23.705068606000054 ], [ 90.499281309000082, 23.705018214000063 ], [ 90.499281319000033, 23.704978360000041 ], [ 90.499281329000041, 23.704937995000023 ], [ 90.499281332000066, 23.70492484600004 ], [ 90.49928133800006, 23.704903909000052 ], [ 90.499281339000049, 23.704899872000055 ], [ 90.499281360000055, 23.70481307600005 ], [ 90.499281371000052, 23.704770694000047 ], [ 90.499281377000045, 23.704746810000074 ], [ 90.499281383000039, 23.704725600000074 ], [ 90.499279691000083, 23.704704953000032 ], [ 90.499278654000079, 23.70469229400004 ], [ 90.499270520000039, 23.704592974000036 ], [ 90.499270227000068, 23.704589397000063 ], [ 90.499256805000073, 23.704457715000046 ], [ 90.499247581000077, 23.704367214000058 ], [ 90.499244282000063, 23.704330510000034 ], [ 90.499235861000045, 23.704236784000045 ], [ 90.499234505000061, 23.704221694000069 ], [ 90.49923113300008, 23.704184172000055 ], [ 90.499230401000034, 23.704176027000074 ], [ 90.498965155000064, 23.704164569000056 ], [ 90.498710756000037, 23.704151050000064 ], [ 90.49827983800003, 23.704128540000056 ], [ 90.498054611000043, 23.704119199000047 ], [ 90.498055548000082, 23.704108947000066 ], [ 90.498068551000074, 23.703966678000029 ], [ 90.498075669000059, 23.703888799000026 ], [ 90.498091247000048, 23.703718364000053 ], [ 90.498093337000057, 23.703695497000069 ], [ 90.497663035000073, 23.703676694000023 ], [ 90.497429351000051, 23.703650560000028 ], [ 90.497105837000049, 23.703630452000027 ], [ 90.497024392000071, 23.70362539000007 ], [ 90.496960933000082, 23.703621445000067 ], [ 90.496953701000052, 23.703620996000041 ], [ 90.496952168000064, 23.703634664000049 ], [ 90.496938551000085, 23.703655200000071 ], [ 90.496302465000042, 23.703597494000064 ], [ 90.494757854000056, 23.703500871000074 ], [ 90.494437980000043, 23.703504948000045 ], [ 90.494295753000074, 23.703479289000029 ], [ 90.493417134000083, 23.703320782000048 ], [ 90.492803174000073, 23.702758213000038 ], [ 90.492572503000076, 23.702641121000056 ], [ 90.491885581000076, 23.702292426000042 ], [ 90.491883659000052, 23.702291451000065 ], [ 90.491883037000036, 23.702287532000071 ], [ 90.491879771000072, 23.702266954000038 ], [ 90.491876285000046, 23.702244983000071 ], [ 90.49186602900005, 23.702180355000053 ], [ 90.491863032000083, 23.702161471000068 ], [ 90.491862770000068, 23.702159820000077 ], [ 90.491779429000076, 23.701634675000037 ], [ 90.491733233000048, 23.701466981000067 ], [ 90.491731752000078, 23.701461605000077 ], [ 90.491704299000048, 23.701361948000056 ], [ 90.491589867000073, 23.700946558000055 ], [ 90.491469294000069, 23.700508868000043 ], [ 90.491070888000081, 23.699871822000034 ], [ 90.491059155000073, 23.699853062000045 ], [ 90.49091684800004, 23.69985351300005 ], [ 90.490809496000054, 23.699853854000025 ], [ 90.490344953000033, 23.699855325000044 ], [ 90.490039739000053, 23.700043716000039 ], [ 90.489641248000055, 23.700044975000026 ], [ 90.489635967000083, 23.700044992000073 ], [ 90.489632062000055, 23.70004500400006 ], [ 90.489624894000031, 23.700040645000058 ], [ 90.489325449000034, 23.699858551000034 ], [ 90.48871187900005, 23.699390803000028 ], [ 90.488505641000074, 23.698829187000058 ], [ 90.488199034000047, 23.698642734000032 ], [ 90.488183095000068, 23.698642784000072 ], [ 90.488167033000082, 23.698642835000044 ], [ 90.488163223000072, 23.698642847000031 ], [ 90.488161889000082, 23.698642851000045 ], [ 90.487791361000063, 23.698644018000039 ], [ 90.487484754000036, 23.698457561000055 ], [ 90.486946074000059, 23.698409162000075 ], [ 90.486934877000067, 23.698408155000038 ], [ 90.486464913000077, 23.698365929000033 ], [ 90.486457132000055, 23.698365230000036 ], [ 90.486453254000082, 23.698364882000078 ], [ 90.486374657000056, 23.698357824000027 ], [ 90.485444457000085, 23.698274290000029 ], [ 90.484015912000075, 23.697903917000076 ], [ 90.483607279000069, 23.697810355000058 ], [ 90.483403057000032, 23.697623569000029 ], [ 90.483402028000057, 23.697343568000065 ], [ 90.483095423000066, 23.697154846000046 ], [ 90.482932637000033, 23.697101761000056 ], [ 90.482904938000047, 23.69709272700004 ], [ 90.48289576600007, 23.697089736000066 ], [ 90.481956860000082, 23.696783546000063 ], [ 90.481928636000077, 23.696776860000057 ], [ 90.481729656000084, 23.696727235000026 ], [ 90.481383141000038, 23.696640814000034 ], [ 90.480981431000032, 23.696427542000038 ], [ 90.480443682000043, 23.696140006000064 ], [ 90.480438475000085, 23.696137222000061 ], [ 90.480435086000057, 23.696135410000068 ], [ 90.480430872000056, 23.696133157000077 ], [ 90.480368416000033, 23.696099761000028 ], [ 90.480062002000068, 23.695960709000076 ], [ 90.480060042000048, 23.695424923000076 ], [ 90.480058392000046, 23.694973929000071 ], [ 90.479698772000063, 23.694365353000023 ], [ 90.479137435000041, 23.69408482800003 ], [ 90.47889101800007, 23.694010185000025 ], [ 90.478823967000039, 23.693989874000067 ], [ 90.478809373000047, 23.693582296000045 ], [ 90.478808714000081, 23.693563891000053 ], [ 90.478716538000072, 23.693553790000067 ], [ 90.478505816000052, 23.69352916400004 ], [ 90.478326361000086, 23.693497754000077 ], [ 90.478317798000035, 23.693497047000051 ], [ 90.478161942000042, 23.693194661000064 ], [ 90.478113769000061, 23.693101199000068 ], [ 90.477995829000065, 23.693154639000056 ], [ 90.477850432000082, 23.693135970000071 ], [ 90.477580189000037, 23.693041209000057 ], [ 90.47745513600006, 23.692907763000051 ], [ 90.477309183000045, 23.692736143000047 ], [ 90.477247351000074, 23.692634453000039 ], [ 90.477204752000034, 23.692564395000034 ], [ 90.476827230000083, 23.692264187000035 ], [ 90.476228175000074, 23.69225033400005 ], [ 90.476231884000072, 23.692240729000048 ], [ 90.476239719000034, 23.692220436000071 ], [ 90.476257046000057, 23.692020380000031 ], [ 90.476278234000063, 23.691724284000031 ], [ 90.476260682000031, 23.691459499000075 ], [ 90.476236327000038, 23.691302138000026 ], [ 90.476171178000072, 23.69103463700003 ], [ 90.47615124400005, 23.690952788000061 ], [ 90.47614949900003, 23.690945620000036 ], [ 90.476121105000061, 23.690829042000075 ], [ 90.475971990000062, 23.690499700000032 ], [ 90.475983848000055, 23.690453147000028 ], [ 90.475990732000071, 23.690426120000041 ], [ 90.475993966000033, 23.690413423000052 ], [ 90.47601037000004, 23.690349021000031 ], [ 90.476010666000036, 23.690345915000023 ], [ 90.476035946000081, 23.690079978000028 ], [ 90.476038009000035, 23.690058281000063 ], [ 90.476032807000081, 23.689969352000048 ], [ 90.47574012900003, 23.690009821000046 ], [ 90.475604394000072, 23.690034808000064 ], [ 90.475576767000064, 23.690039590000026 ], [ 90.475575393000042, 23.690032368000061 ], [ 90.475537300000042, 23.689832078000052 ], [ 90.475506931000041, 23.689586935000023 ], [ 90.475503674000038, 23.689560648000054 ], [ 90.475498615000049, 23.689434857000037 ], [ 90.475498506000065, 23.689432152000052 ], [ 90.47546300700003, 23.689345552000077 ], [ 90.47537995600004, 23.689172494000047 ], [ 90.475328602000047, 23.689076271000033 ], [ 90.475320906000036, 23.689061852000066 ], [ 90.475320321000083, 23.689059547000056 ], [ 90.475293499000031, 23.688953797000067 ], [ 90.475253922000036, 23.688797755000053 ], [ 90.475209727000049, 23.688689861000057 ], [ 90.475167662000047, 23.688587167000037 ], [ 90.475198806000037, 23.688580452000053 ], [ 90.475127401000066, 23.688475792000077 ], [ 90.475061306000043, 23.688414052000041 ], [ 90.474925906000067, 23.688287552000077 ], [ 90.474771007000072, 23.688250052000058 ], [ 90.474594606000039, 23.688286352000034 ], [ 90.474462807000066, 23.688342952000028 ], [ 90.474398807000057, 23.688370452000072 ], [ 90.474222506000046, 23.688460052000039 ], [ 90.47417090600004, 23.688472952000041 ], [ 90.473869107000041, 23.688585952000039 ], [ 90.473588955000082, 23.688667426000052 ], [ 90.473586838000074, 23.688668351000047 ], [ 90.473586799000032, 23.688668369000027 ], [ 90.473586755000042, 23.688668388000053 ], [ 90.473504552000065, 23.688704323000024 ], [ 90.473461652000083, 23.68871602300004 ], [ 90.473286547000043, 23.688769469000079 ], [ 90.473172692000048, 23.688804220000065 ], [ 90.473103552000055, 23.68882532300006 ], [ 90.47299561400007, 23.688860232000025 ], [ 90.472915252000064, 23.688886223000054 ], [ 90.472798155000078, 23.688670798000032 ], [ 90.472782352000081, 23.688641723000046 ], [ 90.472746052000048, 23.688558423000075 ], [ 90.472745619000079, 23.688557022000055 ], [ 90.472652352000068, 23.688254823000022 ], [ 90.472571852000044, 23.687901123000074 ], [ 90.472565069000041, 23.687838485000043 ], [ 90.472563752000042, 23.687826323000024 ], [ 90.47258535900005, 23.687796773000059 ], [ 90.472618152000052, 23.687751923000064 ], [ 90.472573852000039, 23.687634623000065 ], [ 90.472525728000051, 23.687455137000029 ], [ 90.47252547100004, 23.687453512000047 ], [ 90.472525386000086, 23.687452972000074 ], [ 90.47241375200008, 23.687076157000035 ], [ 90.472255189000066, 23.687090787000045 ], [ 90.472107311000059, 23.687101992000066 ], [ 90.471965938000039, 23.687117957000055 ], [ 90.471806107000077, 23.687144253000042 ], [ 90.471749603000035, 23.687146898000037 ], [ 90.47147480700005, 23.687157252000077 ], [ 90.47146355600006, 23.687140743000043 ], [ 90.471402389000048, 23.687050980000038 ], [ 90.470954769000059, 23.687058317000037 ], [ 90.470912568000074, 23.687049484000056 ], [ 90.470870906000073, 23.686976153000046 ], [ 90.470830706000072, 23.687003153000035 ], [ 90.470730368000034, 23.687027468000053 ], [ 90.470523631000049, 23.68707259100006 ], [ 90.470324473000062, 23.687115491000043 ], [ 90.470234381000068, 23.68712533300004 ], [ 90.470079183000053, 23.687128453000071 ], [ 90.469905136000079, 23.687125030000061 ], [ 90.469858584000065, 23.687124735000054 ], [ 90.469811249000031, 23.687062006000076 ], [ 90.469781840000053, 23.687023030000034 ], [ 90.469775567000056, 23.687014433000058 ], [ 90.469720887000051, 23.68693948300006 ], [ 90.469474449000074, 23.686601694000046 ], [ 90.469051259000082, 23.68653974800003 ], [ 90.468862354000066, 23.686510966000071 ], [ 90.468765373000053, 23.686646745000075 ], [ 90.468567085000075, 23.686921534000078 ], [ 90.468557976000056, 23.686934156000063 ], [ 90.468499502000043, 23.68716958400006 ], [ 90.468448760000058, 23.68763627800007 ], [ 90.468448749000061, 23.687636377000047 ], [ 90.468447163000064, 23.687650950000034 ], [ 90.468398183000033, 23.688101446000076 ], [ 90.468391551000082, 23.688162437000074 ], [ 90.468386432000045, 23.68820951500004 ], [ 90.468347806000054, 23.68829327800006 ], [ 90.468342324000048, 23.688300904000073 ], [ 90.468296160000079, 23.688365130000022 ], [ 90.468270380000035, 23.688413005000029 ], [ 90.468264914000031, 23.688577311000074 ], [ 90.468258625000033, 23.688766390000069 ], [ 90.468235270000037, 23.689449509000042 ], [ 90.468235161000052, 23.689452700000061 ], [ 90.468234515000063, 23.689455035000037 ], [ 90.468211027000052, 23.689540006000072 ], [ 90.467995654000049, 23.690319124000041 ], [ 90.467993860000036, 23.690325616000052 ], [ 90.467990378000081, 23.690338218000022 ], [ 90.467936492000035, 23.690533149000032 ], [ 90.467927711000073, 23.690564914000049 ], [ 90.467924356000083, 23.69059358100003 ], [ 90.467917962000058, 23.690648203000023 ], [ 90.467936153000039, 23.690650628000071 ], [ 90.467932534000056, 23.690659757000049 ], [ 90.467881476000059, 23.690788538000049 ], [ 90.467867909000063, 23.690830725000069 ], [ 90.467869452000059, 23.690822124000078 ], [ 90.467795571000067, 23.69079647600006 ], [ 90.467737321000072, 23.690778231000024 ], [ 90.467730541000037, 23.690777625000067 ], [ 90.467175117000068, 23.690727991000074 ], [ 90.467078252000078, 23.690723524000077 ], [ 90.466949552000074, 23.690707524000061 ], [ 90.466920052000035, 23.690682924000043 ], [ 90.466887392000046, 23.690559271000041 ], [ 90.466843192000056, 23.690458571000079 ], [ 90.466810993000081, 23.690382471000078 ], [ 90.466764092000062, 23.690260871000078 ], [ 90.466684052000062, 23.690186824000023 ], [ 90.466602152000064, 23.69014502400006 ], [ 90.466750577000084, 23.690169621000052 ], [ 90.46681410900004, 23.690153192000025 ], [ 90.466830243000061, 23.690129244000047 ], [ 90.466832971000031, 23.690126539000062 ], [ 90.466918107000083, 23.690042154000025 ], [ 90.466930207000075, 23.690018854000073 ], [ 90.466946307000057, 23.690009054000029 ], [ 90.466961708000042, 23.690011454000057 ], [ 90.466995207000082, 23.690015153000047 ], [ 90.467153808000035, 23.690042654000024 ], [ 90.467160908000039, 23.689996154000028 ], [ 90.467169607000073, 23.689964854000038 ], [ 90.467166207000048, 23.689924254000061 ], [ 90.467167608000068, 23.689889254000036 ], [ 90.467178308000086, 23.689861054000062 ], [ 90.467189008000048, 23.689832153000054 ], [ 90.467180308000081, 23.689791054000068 ], [ 90.467154208000068, 23.689725954000039 ], [ 90.467128908000063, 23.689649153000062 ], [ 90.467095407000045, 23.689539854000031 ], [ 90.467068608000034, 23.689475953000056 ], [ 90.466974478000054, 23.689498959000048 ], [ 90.46689062300004, 23.68922512000006 ], [ 90.466890583000065, 23.689224990000071 ], [ 90.466761862000055, 23.689143633000072 ], [ 90.466674076000061, 23.689087138000048 ], [ 90.466661488000057, 23.689051839000058 ], [ 90.466635378000035, 23.688978629000076 ], [ 90.466611907000072, 23.688956354000027 ], [ 90.466620239000065, 23.688947885000061 ], [ 90.466654207000033, 23.688913354000078 ], [ 90.466693108000072, 23.688883254000075 ], [ 90.466758807000076, 23.688870354000073 ], [ 90.466787607000072, 23.688857454000072 ], [ 90.46679500700003, 23.688843954000049 ], [ 90.466796848000058, 23.688824174000047 ], [ 90.466797007000082, 23.688822454000046 ], [ 90.466794307000043, 23.688754354000025 ], [ 90.466812507000043, 23.688646854000069 ], [ 90.466768637000087, 23.688402789000065 ], [ 90.466712242000085, 23.688399853000078 ], [ 90.466608018000045, 23.68839442500007 ], [ 90.466464956000038, 23.688386975000071 ], [ 90.466454016000057, 23.688127305000023 ], [ 90.466443985000069, 23.687889230000053 ], [ 90.466577603000076, 23.687881659000027 ], [ 90.466593807000038, 23.687724554000056 ], [ 90.466809651000062, 23.687584755000046 ], [ 90.466809806000072, 23.687584654000034 ], [ 90.466730707000067, 23.687472854000077 ], [ 90.466600607000032, 23.687361054000064 ], [ 90.466500007000036, 23.68733895400004 ], [ 90.46642630100007, 23.687351955000054 ], [ 90.466389503000073, 23.687332023000067 ], [ 90.46627359200005, 23.687358271000051 ], [ 90.466047230000072, 23.687409529000035 ], [ 90.465784840000083, 23.687435673000039 ], [ 90.465788545000066, 23.687416748000032 ], [ 90.465762128000051, 23.687285385000052 ], [ 90.465735839000047, 23.687189870000054 ], [ 90.465696659000059, 23.687118292000036 ], [ 90.465561745000059, 23.687135130000058 ], [ 90.465439597000056, 23.687141419000056 ], [ 90.465375427000083, 23.687144723000074 ], [ 90.465286770000034, 23.687036601000045 ], [ 90.465256708000084, 23.686856042000045 ], [ 90.465128917000072, 23.686775133000026 ], [ 90.464834779000057, 23.686803114000043 ], [ 90.464707117000046, 23.686758336000025 ], [ 90.464606573000083, 23.686701113000026 ], [ 90.464577373000054, 23.68666296400005 ], [ 90.464556519000041, 23.686636259000068 ], [ 90.464539720000062, 23.686582776000023 ], [ 90.464532215000077, 23.686477696000054 ], [ 90.464526615000068, 23.686399275000042 ], [ 90.464509534000058, 23.686265494000054 ], [ 90.464457369000058, 23.686217765000038 ], [ 90.464343444000065, 23.686230218000048 ], [ 90.464293335000036, 23.68623569500005 ], [ 90.46425582300003, 23.686249644000043 ], [ 90.464048457000047, 23.68632675200007 ], [ 90.463558133000049, 23.686293825000064 ], [ 90.463445273000048, 23.686342419000027 ], [ 90.463232809000033, 23.686382244000072 ], [ 90.46317682800003, 23.686373042000071 ], [ 90.463072732000057, 23.68628970900005 ], [ 90.463007562000087, 23.686206259000073 ], [ 90.46298123300005, 23.686098794000031 ], [ 90.46296800500005, 23.686027137000053 ], [ 90.462934675000042, 23.685958672000027 ], [ 90.462915726000062, 23.685919750000039 ], [ 90.462759815000084, 23.685860469000033 ], [ 90.462513121000086, 23.685813409000048 ], [ 90.46230531100008, 23.685754282000062 ], [ 90.462123366000071, 23.685671181000032 ], [ 90.462045222000086, 23.685587769000051 ], [ 90.462041149000072, 23.685554976000049 ], [ 90.462031869000043, 23.685480265000024 ], [ 90.462031533000072, 23.685384671000065 ], [ 90.46203111300008, 23.685265179000055 ], [ 90.462069575000044, 23.685133622000023 ], [ 90.462081720000072, 23.68510425900007 ], [ 90.462133904000041, 23.684978089000026 ], [ 90.462172450000082, 23.684870430000046 ], [ 90.462172197000086, 23.684798735000072 ], [ 90.462171987000033, 23.684738989000039 ], [ 90.462119919000031, 23.684691347000069 ], [ 90.461938599000064, 23.684614694000061 ], [ 90.461717487000044, 23.684632801000078 ], [ 90.461587738000048, 23.684633188000078 ], [ 90.461509763000038, 23.684597573000076 ], [ 90.461405502000048, 23.684466440000051 ], [ 90.461353183000085, 23.68434710300005 ], [ 90.461287931000072, 23.684239754000032 ], [ 90.461248712000042, 23.684156225000038 ], [ 90.461144578000074, 23.684060941000041 ], [ 90.460914498000079, 23.684023592000074 ], [ 90.460509976000083, 23.684151459000077 ], [ 90.460470717000078, 23.684142544000053 ], [ 90.460406951000039, 23.684061532000044 ], [ 90.46037868500008, 23.684025623000025 ], [ 90.460359413000049, 23.683863752000036 ], [ 90.460365292000063, 23.683836222000025 ], [ 90.460370070000067, 23.683827348000023 ], [ 90.460377150000056, 23.683814205000033 ], [ 90.46041776900006, 23.683738779000066 ], [ 90.460427464000077, 23.683727222000073 ], [ 90.46047148100007, 23.683670803000041 ], [ 90.460472555000081, 23.683669427000041 ], [ 90.460476432000064, 23.683664457000077 ], [ 90.460567999000034, 23.683547087000022 ], [ 90.460573195000052, 23.683536631000038 ], [ 90.46061747400006, 23.683447522000051 ], [ 90.460625483000058, 23.683363375000056 ], [ 90.460616937000054, 23.683294572000023 ], [ 90.460615279000081, 23.683288250000032 ], [ 90.460595897000076, 23.683214335000059 ], [ 90.460541613000032, 23.683126549000065 ], [ 90.460366549000071, 23.682932057000073 ], [ 90.460237548000066, 23.682851665000044 ], [ 90.460162268000033, 23.682804752000038 ], [ 90.460142347000044, 23.682797685000025 ], [ 90.460124022000059, 23.682780918000049 ], [ 90.459939743000064, 23.682612293000034 ], [ 90.459876690000044, 23.682554596000045 ], [ 90.459276853000063, 23.682104753000033 ], [ 90.459166388000085, 23.681978423000032 ], [ 90.459158689000049, 23.68196961700005 ], [ 90.459177798000042, 23.681825040000035 ], [ 90.459239104000062, 23.68174687800007 ], [ 90.459334022000064, 23.681625864000068 ], [ 90.459676116000082, 23.681290648000072 ], [ 90.459813054000051, 23.681141495000077 ], [ 90.459953791000032, 23.681057718000034 ], [ 90.460229452000078, 23.680893624000078 ], [ 90.460509199000057, 23.680749401000071 ], [ 90.46059692700004, 23.680689958000073 ], [ 90.460691239000084, 23.680585040000039 ], [ 90.460755693000067, 23.680465355000024 ], [ 90.460755274000064, 23.68034586300007 ], [ 90.460754687000076, 23.680178574000024 ], [ 90.460753562000036, 23.68017332200003 ], [ 90.460752713000034, 23.680169357000068 ], [ 90.460714066000037, 23.679988947000027 ], [ 90.460662609000053, 23.679820368000037 ], [ 90.460687427000039, 23.679497662000074 ], [ 90.460814572000061, 23.678756426000064 ], [ 90.460827085000062, 23.67862494700006 ], [ 90.460770349000086, 23.678566541000066 ], [ 90.460722914000087, 23.67851771200003 ], [ 90.460481500000071, 23.678396528000064 ], [ 90.460142875000031, 23.67822654500003 ], [ 90.459884183000042, 23.678054202000055 ], [ 90.459880052000074, 23.678051451000044 ], [ 90.459873788000039, 23.678047405000029 ], [ 90.45967961000008, 23.677898282000058 ], [ 90.459624207000047, 23.677855735000037 ], [ 90.45936120600004, 23.67765375700003 ], [ 90.458485630000041, 23.67696804600007 ], [ 90.458301102000064, 23.676823530000036 ], [ 90.458252234000042, 23.676785258000052 ], [ 90.457691695000051, 23.676346260000059 ], [ 90.457686188000082, 23.676341947000026 ], [ 90.457258555000067, 23.676007034000065 ], [ 90.456865169000082, 23.675680156000055 ], [ 90.45627649100004, 23.675191 ], [ 90.456014961000051, 23.674973683000076 ], [ 90.455851492000079, 23.674837848000038 ], [ 90.455788147000078, 23.674785210000039 ], [ 90.455569903000082, 23.674598427000035 ], [ 90.45544975100006, 23.674494769000034 ], [ 90.45544762600008, 23.674492936000036 ], [ 90.454928822000056, 23.674045350000029 ], [ 90.453970878000064, 23.673218893000069 ], [ 90.453832110000064, 23.673128289000033 ], [ 90.453526727000053, 23.672928898000066 ], [ 90.453507013000035, 23.672911508000027 ], [ 90.453482787000041, 23.672890137000024 ], [ 90.453322614000058, 23.672748846000047 ], [ 90.45319440600008, 23.67254147400007 ], [ 90.452839039000082, 23.671943373000033 ], [ 90.452619825000056, 23.671574421000059 ], [ 90.452472603000047, 23.671364241000049 ], [ 90.452393654000048, 23.671251530000063 ], [ 90.45205315000004, 23.670765410000058 ], [ 90.451736862000075, 23.670581166000034 ], [ 90.451532822000047, 23.670464839000033 ], [ 90.451216695000085, 23.670284609000078 ], [ 90.451140832000078, 23.670251503000031 ], [ 90.450584442000036, 23.670008698000061 ], [ 90.450414253000076, 23.669924313000024 ], [ 90.450297546000058, 23.669866447000061 ], [ 90.449617502000081, 23.669529256000033 ], [ 90.449520448000044, 23.669481132000044 ], [ 90.449102260000075, 23.669187140000076 ], [ 90.44917261900008, 23.669117457000027 ], [ 90.450612440000043, 23.667691476000073 ], [ 90.450677824000081, 23.667618466000079 ], [ 90.451522277000038, 23.666675523000038 ], [ 90.452328643000044, 23.66575546200005 ], [ 90.452774369000053, 23.665564118000077 ], [ 90.452839611000059, 23.665478214000075 ], [ 90.452925852000078, 23.665364659000033 ], [ 90.452986746000079, 23.665284480000025 ], [ 90.453141100000039, 23.664863985000068 ], [ 90.453282167000054, 23.664479687000039 ], [ 90.453320228000052, 23.664375999000072 ], [ 90.453463231000057, 23.66415680700004 ], [ 90.453694003000066, 23.66380308600003 ], [ 90.453795123000077, 23.663648089000048 ], [ 90.454071601000066, 23.663247376000072 ], [ 90.454313763000073, 23.662896399000033 ], [ 90.454675662000056, 23.662371876000066 ], [ 90.454786479000063, 23.662211261000039 ], [ 90.454789285000061, 23.662207971000043 ], [ 90.455320182000037, 23.661585611000078 ], [ 90.45548850800003, 23.661388284000054 ], [ 90.45569396500008, 23.66114742700006 ], [ 90.455805316000067, 23.661016891000031 ], [ 90.455836574000045, 23.660980248000044 ], [ 90.456584976000045, 23.66010288700005 ], [ 90.457025566000084, 23.659553673000062 ], [ 90.45833372900006, 23.657922962000043 ], [ 90.459106260000055, 23.656959928000049 ], [ 90.45936458500006, 23.656635596000058 ], [ 90.460449476000065, 23.655273475000058 ], [ 90.460621070000059, 23.655114388000072 ], [ 90.460739112000056, 23.655004949000045 ], [ 90.461852505000081, 23.653588803000048 ], [ 90.462185524000063, 23.653165222000041 ], [ 90.463111623000032, 23.652207464000071 ], [ 90.463798540000084, 23.65149705400006 ], [ 90.46518504200003, 23.650345762000029 ], [ 90.46568172700006, 23.649942773000078 ], [ 90.466756544000077, 23.648696807000078 ], [ 90.467428067000071, 23.647951160000048 ], [ 90.468327668000086, 23.646952243000044 ], [ 90.468353927000067, 23.646910264000041 ], [ 90.468916379000063, 23.646011130000034 ], [ 90.46915905600008, 23.645623184000044 ], [ 90.469442034000053, 23.645170808000046 ], [ 90.470554304000075, 23.643863289000024 ], [ 90.471133555000051, 23.643182343000035 ], [ 90.471219380000036, 23.643081449000078 ], [ 90.47154161800006, 23.642468807000057 ], [ 90.471576973000083, 23.642401589000031 ], [ 90.471993583000085, 23.641609513000049 ], [ 90.47210573600006, 23.641396283000063 ], [ 90.472580858000072, 23.640783028000044 ], [ 90.472597748000055, 23.640608790000044 ], [ 90.472612605000052, 23.640455513000063 ], [ 90.472678415000075, 23.639776594000068 ], [ 90.472714837000069, 23.639083420000077 ], [ 90.472705382000072, 23.63859984000004 ], [ 90.472698950000051, 23.638270911000063 ], [ 90.472647582000036, 23.637918587000058 ], [ 90.472552674000042, 23.637267610000038 ], [ 90.47246128200004, 23.637100597000028 ], [ 90.47228146100008, 23.636713193000048 ], [ 90.472134499000049, 23.636396579000063 ], [ 90.471690817000081, 23.63564511800007 ], [ 90.471562032000065, 23.635325392000027 ], [ 90.471455260000084, 23.635060315000032 ], [ 90.471232931000031, 23.634547167000051 ], [ 90.471052670000063, 23.634394878000023 ], [ 90.470894687000055, 23.634261410000079 ], [ 90.470545126000047, 23.634094751000077 ], [ 90.470300723000037, 23.633978227000057 ], [ 90.469831006000049, 23.633880291000025 ], [ 90.469310703000076, 23.633785686000067 ], [ 90.468878177000079, 23.633707041000036 ], [ 90.468821009000067, 23.633696646000033 ], [ 90.468363294000085, 23.633613418000039 ], [ 90.468242957000086, 23.63359153600004 ], [ 90.46795660500004, 23.633521186000053 ], [ 90.467709810000031, 23.633460552000031 ], [ 90.467543812000031, 23.633419769000056 ], [ 90.467469002000087, 23.633404188000043 ], [ 90.467429942000081, 23.633396621000031 ], [ 90.467307598000048, 23.633372919000067 ], [ 90.467000390000067, 23.633313403000045 ], [ 90.466654099000039, 23.633246314000075 ], [ 90.466443760000061, 23.633179340000027 ], [ 90.465498035000053, 23.632878206000044 ], [ 90.463334247000034, 23.632189194000034 ], [ 90.462649602000056, 23.631971176000036 ], [ 90.46200815800006, 23.631754490000048 ], [ 90.460729727000057, 23.631322615000045 ], [ 90.459217265000063, 23.630811662000042 ], [ 90.457555004000085, 23.630187887000034 ], [ 90.456817113000056, 23.629910981000023 ], [ 90.456737969000073, 23.629881858000033 ], [ 90.455958358000032, 23.629610460000038 ], [ 90.455137547000049, 23.629324714000063 ], [ 90.454576716000076, 23.629129471000056 ], [ 90.454276948000086, 23.628992030000063 ], [ 90.45419499500008, 23.628954455000041 ], [ 90.453855350000083, 23.628898999000057 ], [ 90.453496087000076, 23.628839078000055 ], [ 90.452735282000049, 23.629076145000056 ], [ 90.451594558000068, 23.629664325000078 ], [ 90.451150122000058, 23.629783041000053 ], [ 90.450261266000041, 23.629668201000072 ], [ 90.447298848000059, 23.628720421000025 ], [ 90.446637928000087, 23.628508960000033 ], [ 90.445938629000068, 23.628276127000049 ], [ 90.445589082000083, 23.628008413000032 ], [ 90.445175039000048, 23.627693462000025 ], [ 90.444729638000069, 23.627344728000025 ], [ 90.44434413700003, 23.627113733000044 ], [ 90.443075634000081, 23.626353623000057 ], [ 90.442186047000064, 23.625647107000077 ], [ 90.442120314000078, 23.625595356000076 ], [ 90.441310367000085, 23.624881833000074 ], [ 90.440401488000077, 23.624080519000074 ], [ 90.439492366000081, 23.623202423000066 ], [ 90.439065777000053, 23.622790391000024 ], [ 90.438383483000052, 23.622130687000038 ], [ 90.438108113000055, 23.621865004000028 ], [ 90.437117561000036, 23.620810987000027 ], [ 90.436515617000055, 23.620171371000026 ], [ 90.435941659000036, 23.619470704000037 ], [ 90.435558639000078, 23.618886922000058 ], [ 90.435239341000056, 23.618302960000051 ], [ 90.434605272000056, 23.617101907000063 ], [ 90.434345373000042, 23.616609600000061 ], [ 90.43383381600006, 23.615500027000053 ], [ 90.43357840300007, 23.615148471000055 ], [ 90.432878819000052, 23.614800411000033 ], [ 90.431734680000034, 23.614336163000075 ], [ 90.430527064000046, 23.613754658000062 ], [ 90.430485550000071, 23.613799935000031 ], [ 90.429577815000073, 23.614809584000056 ], [ 90.426288924000062, 23.618562648000022 ], [ 90.423821, 23.621026263000033 ], [ 90.422068128000035, 23.623280892000025 ], [ 90.421861099000068, 23.623547175000056 ], [ 90.421299757000043, 23.624110949000055 ], [ 90.42110133400007, 23.624310230000049 ], [ 90.420419505000041, 23.62497637000007 ], [ 90.420397106000053, 23.624998255000037 ], [ 90.420243764000077, 23.625148066000065 ], [ 90.419899262000058, 23.625483204000034 ], [ 90.417681971000036, 23.627067628000077 ], [ 90.416372134000085, 23.628281511000068 ], [ 90.415656111000033, 23.628945067000075 ], [ 90.414288637000084, 23.630353287000048 ], [ 90.413513576000071, 23.631150220000052 ], [ 90.413377988000036, 23.631290587000024 ], [ 90.41154311300005, 23.633343597000078 ], [ 90.410720302000072, 23.634165483000061 ], [ 90.410023588000058, 23.634752186000071 ], [ 90.408965168000066, 23.635283384000047 ], [ 90.408502025000075, 23.635514934000071 ], [ 90.407487530000083, 23.635987295000064 ], [ 90.407181130000083, 23.636164802000053 ], [ 90.406816216000038, 23.636376205000033 ], [ 90.406680977000065, 23.636454552000032 ], [ 90.406473380000079, 23.636574816000063 ], [ 90.405459939000082, 23.637394915000073 ], [ 90.405066045000069, 23.637699117000068 ], [ 90.404732294000041, 23.63795686900005 ], [ 90.404700069000057, 23.637981755000055 ], [ 90.404130512000052, 23.638685524000039 ], [ 90.404007867000075, 23.638855202000059 ], [ 90.403628199000082, 23.639384786000051 ], [ 90.403372069000056, 23.639742048000073 ], [ 90.403338567000048, 23.639773023000032 ], [ 90.40248543000007, 23.640561797000032 ], [ 90.401471581000067, 23.641266706000067 ], [ 90.40053227900006, 23.641884614000048 ], [ 90.400092240000049, 23.642174083000043 ], [ 90.399507226000082, 23.642558917000031 ], [ 90.398302767000075, 23.643264300000055 ], [ 90.398120953000046, 23.643373934000067 ], [ 90.397855217000085, 23.643534172000045 ], [ 90.397035355000071, 23.644028542000058 ], [ 90.396592487000078, 23.644497109000042 ], [ 90.396275348000074, 23.644912894000072 ], [ 90.39583315200008, 23.645492629000046 ], [ 90.395487536000076, 23.646166172000051 ], [ 90.395478675000049, 23.646183441000062 ], [ 90.395280291000063, 23.646570050000037 ], [ 90.395201976000067, 23.646722668000052 ], [ 90.394508457000086, 23.64842029600004 ], [ 90.394219305000036, 23.649272349000057 ], [ 90.394130619000066, 23.649534520000032 ], [ 90.393784907000054, 23.650175873000023 ], [ 90.393626, 23.650470671000051 ], [ 90.393055627000081, 23.650939552000068 ], [ 90.392295974000035, 23.651643756000055 ], [ 90.391915666000045, 23.651938279000035 ], [ 90.391693706000069, 23.652031502000057 ], [ 90.39121790300004, 23.652231339000025 ], [ 90.391144112000063, 23.652242027000057 ], [ 90.390392760000054, 23.652350843000079 ], [ 90.389742995000063, 23.652384096000048 ], [ 90.388217454000085, 23.652462160000027 ], [ 90.387979757000039, 23.652474322000046 ], [ 90.384816383000043, 23.652742527000044 ], [ 90.384296735000078, 23.652786578000075 ], [ 90.383726461000037, 23.652834919000043 ], [ 90.382255024000074, 23.652915102000065 ], [ 90.38181957200004, 23.65293882800006 ], [ 90.381556114000034, 23.652953183000022 ], [ 90.380562179000037, 23.653007474000049 ], [ 90.380526742000086, 23.653009409000049 ], [ 90.380493367000042, 23.65301123200004 ], [ 90.379218481000066, 23.653080858000067 ], [ 90.378677743000083, 23.653112489000023 ], [ 90.378105548000065, 23.653145958000039 ], [ 90.377123515000051, 23.653203393000069 ], [ 90.376301122000086, 23.653268806000028 ], [ 90.375981430000081, 23.653294233000054 ], [ 90.375599713000042, 23.653324514000076 ], [ 90.374774216000048, 23.653326513000025 ], [ 90.37460025200005, 23.653356288000055 ], [ 90.373758618000068, 23.653502841000034 ], [ 90.373203850000039, 23.653684019000025 ], [ 90.372993932000043, 23.653752574000066 ], [ 90.371411127000044, 23.654269475000035 ], [ 90.371045862000074, 23.654322328000035 ], [ 90.371000317000039, 23.654328918000033 ], [ 90.370585953000045, 23.654388875000052 ], [ 90.369760449000069, 23.654390845000023 ], [ 90.369061638000062, 23.654333798000039 ], [ 90.368667183000071, 23.654194734000043 ], [ 90.368235310000046, 23.654042206000042 ], [ 90.367471462000083, 23.653517871000076 ], [ 90.366835277000064, 23.652969612000049 ], [ 90.36682787500007, 23.652963234000026 ], [ 90.366389638000044, 23.652585561000024 ], [ 90.365497969000046, 23.651709248000031 ], [ 90.365327130000082, 23.65152137900003 ], [ 90.365325660000053, 23.651519763000067 ], [ 90.36488101100008, 23.651030785000046 ], [ 90.364583210000035, 23.650703293000049 ], [ 90.363905873000078, 23.649958416000061 ], [ 90.362730770000042, 23.648504716000048 ], [ 90.362135974000068, 23.647768889000076 ], [ 90.361489432000042, 23.646969035000041 ], [ 90.361357029000033, 23.646805233000066 ], [ 90.359700674000067, 23.644819659000063 ], [ 90.359635403000084, 23.644755023000073 ], [ 90.359539859000051, 23.644660410000029 ], [ 90.358936277000055, 23.644062693000024 ], [ 90.358768638000072, 23.643922931000077 ], [ 90.358538870000075, 23.643731372000047 ], [ 90.358236706000071, 23.643479452000065 ], [ 90.357345789000078, 23.642837934000056 ], [ 90.356391924000036, 23.642255268000042 ], [ 90.355437137000081, 23.641555177000043 ], [ 90.354356600000074, 23.641031501000043 ], [ 90.353529764000086, 23.640507239000044 ], [ 90.352982705000045, 23.640339124000036 ], [ 90.352385978000086, 23.640157573000067 ], [ 90.352220845000033, 23.640082132000032 ], [ 90.351495739000086, 23.639750866000043 ], [ 90.349970976000066, 23.639460755000073 ], [ 90.349018715000057, 23.639462901000059 ], [ 90.348545039000044, 23.63946396700004 ], [ 90.348448229000041, 23.63946418300003 ], [ 90.348414516000048, 23.639464259000079 ], [ 90.348066457000073, 23.63946504300003 ], [ 90.347113741000044, 23.639525888000037 ], [ 90.345907793000038, 23.639763430000073 ], [ 90.345360958000072, 23.639909170000067 ], [ 90.345348565000052, 23.639912440000046 ], [ 90.344575299000041, 23.64011640800004 ], [ 90.342397865000066, 23.640758273000074 ], [ 90.342295168000078, 23.640788546000067 ], [ 90.341974177000054, 23.640883165000048 ], [ 90.339021711000044, 23.641602684000077 ], [ 90.338103155000056, 23.641826524000066 ], [ 90.335501450000038, 23.642633817000046 ], [ 90.335058131000039, 23.64277026600007 ], [ 90.334043005000069, 23.643122468000058 ], [ 90.333927935000077, 23.643176912000058 ], [ 90.332266735000076, 23.643945995000024 ], [ 90.331125629000041, 23.644650720000072 ], [ 90.328146693000065, 23.646771475000037 ], [ 90.327829665000081, 23.646997165000073 ], [ 90.327331934000085, 23.64744081300006 ], [ 90.324471438000046, 23.649987245000034 ], [ 90.323760825000079, 23.650596174000043 ], [ 90.321936558000061, 23.652158095000061 ], [ 90.31959166200005, 23.653858816000024 ], [ 90.318587920000084, 23.654558991000044 ], [ 90.317718266000043, 23.655165620000048 ], [ 90.315217086000075, 23.656909502000076 ], [ 90.314848087000087, 23.657138690000068 ], [ 90.314533429000051, 23.657334124000045 ], [ 90.310823459000062, 23.659638303000065 ], [ 90.310588159000076, 23.659784436000052 ], [ 90.310145682000041, 23.660054041000024 ], [ 90.309590033000063, 23.660390745000029 ], [ 90.308273166000049, 23.66118870300005 ], [ 90.308079408000083, 23.661306110000055 ], [ 90.307985938000058, 23.661362747000055 ], [ 90.306531204000066, 23.662244218000069 ], [ 90.305797706000078, 23.662678976000052 ], [ 90.303073938000068, 23.664293349000047 ], [ 90.300324022000041, 23.664835580000045 ], [ 90.299738794000064, 23.664950970000064 ], [ 90.29584858000004, 23.665735161000043 ], [ 90.295547583000086, 23.66587712200004 ], [ 90.292525676000082, 23.667302312000061 ], [ 90.292414247000067, 23.667354862000025 ], [ 90.289693378000038, 23.66897315500006 ], [ 90.289327811000078, 23.669367597000075 ], [ 90.287751913000079, 23.671067933000074 ], [ 90.287751006000065, 23.671069788000068 ], [ 90.286941649000084, 23.672724510000023 ], [ 90.28650162200006, 23.673624120000056 ], [ 90.285769069000082, 23.673356246000026 ], [ 90.285050255000044, 23.672869810000066 ], [ 90.284848781000051, 23.672630698000034 ], [ 90.284690523000052, 23.672442875000058 ], [ 90.284406240000067, 23.672105480000027 ], [ 90.284003093000081, 23.671631954000077 ], [ 90.283459920000041, 23.670993949000035 ], [ 90.28296746500007, 23.670299337000074 ], [ 90.282870109000044, 23.67014423300003 ], [ 90.282095350000077, 23.668909907000057 ], [ 90.281348870000045, 23.667786432000071 ], [ 90.281081822000033, 23.667502971000033 ], [ 90.279390569000043, 23.665707734000023 ], [ 90.279327882000075, 23.665641701000027 ], [ 90.278907805000074, 23.665199203000043 ], [ 90.278688441000043, 23.664968128000055 ], [ 90.278173077000076, 23.664475982000056 ], [ 90.278051464000043, 23.664359847000071 ], [ 90.276096707000079, 23.663220013000057 ], [ 90.275920600000063, 23.663117321000072 ], [ 90.274271249000037, 23.662197736000053 ], [ 90.27203075500006, 23.66091711200005 ], [ 90.271478793000085, 23.660619341000029 ], [ 90.271188964000032, 23.660353387000043 ], [ 90.271153857000058, 23.660321172000067 ], [ 90.271128117000046, 23.660264573000063 ], [ 90.270990958000084, 23.659962971000027 ], [ 90.270989789000055, 23.659395371000073 ], [ 90.271147905000078, 23.656805035000048 ], [ 90.270919760000083, 23.654834018000031 ], [ 90.270469562000073, 23.654076500000031 ], [ 90.270433910000065, 23.654024623000055 ], [ 90.270408012000075, 23.653987272000052 ], [ 90.270204023000076, 23.653693076000025 ], [ 90.270014838000066, 23.653485654000065 ], [ 90.269787500000064, 23.653381441000079 ], [ 90.269636966000064, 23.653312435000032 ], [ 90.269543962000057, 23.653299879000031 ], [ 90.269372756000053, 23.653276763000065 ], [ 90.268919323000034, 23.653313681000043 ], [ 90.268315478000034, 23.653522477000024 ], [ 90.267930973000034, 23.65369326800004 ], [ 90.267447850000053, 23.65390786200004 ], [ 90.267403947000048, 23.653936845000032 ], [ 90.266919666000035, 23.654256530000055 ], [ 90.266354021000041, 23.654569128000048 ], [ 90.265712174000043, 23.654780238000058 ], [ 90.264805971000044, 23.654885665000052 ], [ 90.26367312900004, 23.654747590000056 ], [ 90.262728100000061, 23.654437568000048 ], [ 90.262583561000042, 23.654407584000069 ], [ 90.262384595000071, 23.654366308000078 ], [ 90.261896724000053, 23.654265097000064 ], [ 90.261380186000054, 23.654286145000071 ], [ 90.261376451000046, 23.654286297000056 ], [ 90.261066373000062, 23.654300370000044 ], [ 90.26016469700005, 23.654598512000064 ], [ 90.259480727000039, 23.654824665000035 ], [ 90.258235202000037, 23.655036753000047 ], [ 90.257785108000064, 23.654991154000072 ], [ 90.257555407000041, 23.65496788300004 ], [ 90.256610380000041, 23.654655566000031 ], [ 90.255703156000038, 23.654239306000022 ], [ 90.25502296500008, 23.653962672000034 ], [ 90.25438063100006, 23.653929854000069 ], [ 90.253851804000078, 23.653964595000048 ], [ 90.253285799000082, 23.654105525000034 ], [ 90.252885106000065, 23.654234487000053 ], [ 90.252531228000066, 23.654348380000044 ], [ 90.251436927000043, 23.654804048000074 ], [ 90.250191039000072, 23.655153822000045 ], [ 90.249575787000083, 23.655185298000049 ], [ 90.249564748000068, 23.655181927000058 ], [ 90.249284488000058, 23.655085277000069 ], [ 90.248981628000081, 23.654704136000078 ], [ 90.248959108000065, 23.654655928000068 ], [ 90.248496783000064, 23.652562027000045 ], [ 90.248377539000046, 23.651882407000073 ], [ 90.24822501500006, 23.651012746000049 ], [ 90.248219563000077, 23.650981654000077 ], [ 90.247951344000057, 23.649139424000055 ], [ 90.247813808000046, 23.648660695000046 ], [ 90.247761347000051, 23.648478087000058 ], [ 90.24759963300005, 23.647739889000036 ], [ 90.248000077000086, 23.646432110000035 ], [ 90.248038275000056, 23.646047874000033 ], [ 90.248178296000049, 23.644639391000055 ], [ 90.248123347000046, 23.643014339000047 ], [ 90.248121725000033, 23.642153973000063 ], [ 90.248160940000048, 23.64182360500007 ], [ 90.248187338000037, 23.641601214000048 ], [ 90.248222084000076, 23.641308500000036 ], [ 90.248609858000066, 23.640590905000067 ], [ 90.249159987000041, 23.639992544000052 ], [ 90.249742653000055, 23.639453876000061 ], [ 90.249741520000043, 23.638856399000076 ], [ 90.249766579000038, 23.637969445000067 ], [ 90.249767630000065, 23.637932242000034 ], [ 90.249771906000035, 23.637780889000055 ], [ 90.249673324000071, 23.637093947000039 ], [ 90.249542996000059, 23.63676554500006 ], [ 90.249380186000053, 23.636407319000057 ], [ 90.249162632000036, 23.63613500200006 ], [ 90.24917126400004, 23.63613237900006 ], [ 90.24885, 23.63600075100004 ], [ 90.248599588000047, 23.635540610000078 ], [ 90.248537006000049, 23.635368636000067 ], [ 90.248511757000074, 23.635185131000071 ], [ 90.248561151000047, 23.634967091000078 ], [ 90.248622954000041, 23.634726089000026 ], [ 90.248759508000035, 23.634507909000035 ], [ 90.248858750000068, 23.634312734000048 ], [ 90.248945608000042, 23.634151992000056 ], [ 90.249094612000079, 23.63393379200005 ], [ 90.24918144600008, 23.633761579000065 ], [ 90.24918118100004, 23.633621835000042 ], [ 90.24918099000007, 23.633520676000046 ], [ 90.249018710000087, 23.633302977000028 ], [ 90.248345364000045, 23.632787835000045 ], [ 90.247447644000033, 23.632135388000052 ], [ 90.247305601000051, 23.631872625000028 ], [ 90.247097783000072, 23.631482064000068 ], [ 90.246747989000085, 23.630863154000053 ], [ 90.24637141200003, 23.630371782000054 ], [ 90.246352234000085, 23.630294589000073 ], [ 90.246301329000062, 23.629933464000032 ], [ 90.246160203000045, 23.629464901000063 ], [ 90.245731240000055, 23.628697394000028 ], [ 90.245498097000052, 23.628865057000041 ], [ 90.244524865000074, 23.630452818000037 ], [ 90.244047504000036, 23.631231582000055 ], [ 90.242450113000075, 23.633040256000072 ], [ 90.242437378000034, 23.633042231000047 ], [ 90.242398050000077, 23.633048334000023 ], [ 90.242098663000036, 23.633094786000072 ], [ 90.241983321000077, 23.633112682000046 ], [ 90.241680307000081, 23.633102816000076 ], [ 90.241282890000036, 23.633089873000074 ], [ 90.240478087000042, 23.632732636000071 ], [ 90.24042019400008, 23.632670620000056 ], [ 90.240278422000074, 23.632518751000077 ], [ 90.240294307000056, 23.632517847000031 ], [ 90.239838764000069, 23.632035304000055 ], [ 90.239535516000046, 23.631535555000028 ], [ 90.239459560000057, 23.631410379000044 ], [ 90.239080523000041, 23.630539309000028 ], [ 90.239059244000032, 23.63047732800004 ], [ 90.239014072000032, 23.630345752000039 ], [ 90.23879052400008, 23.628868561000047 ], [ 90.23839924400005, 23.627865191000069 ], [ 90.23769616900006, 23.62636062100006 ], [ 90.237353534000079, 23.625679600000069 ], [ 90.237344576000055, 23.625657146000037 ], [ 90.237198042000045, 23.625289855000062 ], [ 90.236913659000038, 23.623947999000052 ], [ 90.236573527000076, 23.621638442000062 ], [ 90.236443026000074, 23.621299914000076 ], [ 90.236102158000051, 23.620672662000061 ], [ 90.235803806000035, 23.620347940000045 ], [ 90.235749687000066, 23.620289096000079 ], [ 90.235742181000035, 23.620280935000039 ], [ 90.235336658000051, 23.619982102000051 ], [ 90.234804340000039, 23.619648320000067 ], [ 90.234678323000082, 23.619578911000076 ], [ 90.234636942000066, 23.619527786000049 ], [ 90.234427845000084, 23.619269451000036 ], [ 90.234245932000078, 23.619044699000028 ], [ 90.233840390000069, 23.618568681000056 ], [ 90.233336494000071, 23.618312177000064 ], [ 90.232888536000075, 23.61827347600007 ], [ 90.232717211000079, 23.61825867400006 ], [ 90.232308171000057, 23.618287208000027 ], [ 90.232148910000035, 23.618236040000056 ], [ 90.231431152000084, 23.617889352000077 ], [ 90.230809922000049, 23.617381889000058 ], [ 90.230410181000082, 23.617055350000044 ], [ 90.229875911000079, 23.616564308000022 ], [ 90.229440981000039, 23.61616456400003 ], [ 90.229253498000048, 23.615992247000065 ], [ 90.229051745000049, 23.615691237000078 ], [ 90.228724141000043, 23.615437071000031 ], [ 90.228405044000056, 23.615076312000042 ], [ 90.228379826000037, 23.615047802000049 ], [ 90.228256017000035, 23.614907827000025 ], [ 90.228065335000053, 23.61469224800004 ], [ 90.226817311000048, 23.613616928000056 ], [ 90.226363583000079, 23.613233703000049 ], [ 90.226061313000059, 23.612922514000047 ], [ 90.225834210000073, 23.612678960000039 ], [ 90.22575837800008, 23.612401315000056 ], [ 90.22575628900006, 23.61118190600007 ], [ 90.225762317000033, 23.610974330000033 ], [ 90.225842255000032, 23.610459300000059 ], [ 90.225970429000085, 23.609633470000063 ], [ 90.226092691000076, 23.608333173000062 ], [ 90.226071123000054, 23.607855219000044 ], [ 90.226028446000043, 23.60716698300007 ], [ 90.225975533000053, 23.607021470000063 ], [ 90.225974675000032, 23.606520714000055 ], [ 90.225938087000031, 23.606270453000036 ], [ 90.225905483000076, 23.606047450000062 ], [ 90.225898427000061, 23.605999188000055 ], [ 90.225821698000061, 23.60537378500004 ], [ 90.22573211200006, 23.604902634000041 ], [ 90.225831837000044, 23.604176750000079 ], [ 90.225835106000034, 23.604152958000043 ], [ 90.225293449000048, 23.603338491000045 ], [ 90.224965724000072, 23.60293426800007 ], [ 90.224873434000074, 23.602730836000035 ], [ 90.224721833000046, 23.602383297000074 ], [ 90.224796707000053, 23.602103175000025 ], [ 90.225023279000084, 23.601797881000039 ], [ 90.225306518000082, 23.601756754000064 ], [ 90.225742008000054, 23.601760488000025 ], [ 90.225959584000066, 23.601602436000064 ], [ 90.225974776000044, 23.601387320000072 ], [ 90.225958749000085, 23.601114892000055 ], [ 90.225946466000039, 23.601003863000074 ], [ 90.225997064000069, 23.600842040000032 ], [ 90.22605229800007, 23.600665394000032 ], [ 90.226054688000033, 23.600664598000037 ], [ 90.226241039000058, 23.60048435300007 ], [ 90.226330967000081, 23.600397372000032 ], [ 90.22649133300007, 23.600150179000025 ], [ 90.226499334000039, 23.600070173000063 ], [ 90.226400747000071, 23.599848690000044 ], [ 90.225985224000055, 23.599745419000044 ], [ 90.225881087000062, 23.599721442000032 ], [ 90.225559478000037, 23.599816546000056 ], [ 90.225552933000074, 23.599816556000064 ], [ 90.22510507800007, 23.599713437000048 ], [ 90.224988593000035, 23.599616620000063 ], [ 90.224091, 23.598846726000033 ], [ 90.224063188000059, 23.598828298000058 ], [ 90.223939038000083, 23.598537889000056 ], [ 90.223876587000063, 23.598413703000062 ], [ 90.223700045000044, 23.598299241000063 ], [ 90.223169350000035, 23.598331708000046 ], [ 90.223000554000066, 23.598254818000044 ], [ 90.222660271000052, 23.598081427000068 ], [ 90.222433626000054, 23.597907872000064 ], [ 90.222093002000065, 23.597350591000065 ], [ 90.222061802000042, 23.597242042000062 ], [ 90.222179858000061, 23.596471932000043 ], [ 90.222132865000049, 23.596285585000032 ], [ 90.222085871000047, 23.596099237000033 ], [ 90.222039022000047, 23.595998927000039 ], [ 90.221634179000034, 23.595827430000043 ], [ 90.220684180000035, 23.595615420000058 ], [ 90.220514392000041, 23.595362698000031 ], [ 90.220514209000044, 23.595253051000043 ], [ 90.220513969000081, 23.595109655000044 ], [ 90.220513754000081, 23.594980599000053 ], [ 90.220513538000034, 23.594851544000051 ], [ 90.220497667000075, 23.594665151000072 ], [ 90.220201819000067, 23.594536515000073 ], [ 90.219999400000063, 23.594450764000044 ], [ 90.219765982000069, 23.594436755000061 ], [ 90.219408230000056, 23.594508959000052 ], [ 90.219118698000045, 23.594632606000062 ], [ 90.219003966000059, 23.594681604000073 ], [ 90.218708333000052, 23.59468202100004 ], [ 90.218700867000052, 23.594680885000059 ], [ 90.218442068000058, 23.594549108000024 ], [ 90.21752267100004, 23.594080961000031 ], [ 90.217096725000033, 23.593864070000052 ], [ 90.21594867500005, 23.593279478000056 ], [ 90.213817111000083, 23.591884613000047 ], [ 90.213454395000042, 23.591648003000046 ], [ 90.212660955000047, 23.591163582000036 ], [ 90.212283279000076, 23.590954091000071 ], [ 90.212119974000075, 23.590842606000024 ], [ 90.212017196000033, 23.59077244100007 ], [ 90.211942416000056, 23.590399042000058 ], [ 90.211753077000083, 23.589981536000039 ], [ 90.21152640300005, 23.589771833000043 ], [ 90.210846661000062, 23.589705013000071 ], [ 90.209865625000077, 23.589880220000055 ], [ 90.208959655000058, 23.589881441000045 ], [ 90.208468723000067, 23.589708220000034 ], [ 90.208317449000049, 23.589532288000044 ], [ 90.20812754800005, 23.588943155000038 ], [ 90.208126394000033, 23.58821150600005 ], [ 90.20812568100007, 23.58775987100006 ], [ 90.208124143000077, 23.58678433700004 ], [ 90.208010362000039, 23.586298979000048 ], [ 90.207820463000076, 23.585707591000073 ], [ 90.207555367000055, 23.58501242400007 ], [ 90.207379551000031, 23.58459662100006 ], [ 90.207290072000035, 23.584385004000069 ], [ 90.207175935000066, 23.583863515000075 ], [ 90.207164551000062, 23.583780550000029 ], [ 90.207126078000044, 23.583500179000055 ], [ 90.207099722000066, 23.583308104000025 ], [ 90.206947754000055, 23.582682789000046 ], [ 90.206682797000042, 23.582265379000034 ], [ 90.206417784000053, 23.581811835000053 ], [ 90.205964069000061, 23.581326928000067 ], [ 90.205709323000065, 23.580904510000039 ], [ 90.205585781000082, 23.580699654000057 ], [ 90.205434150000031, 23.580284349000067 ], [ 90.205395776000046, 23.579830504000029 ], [ 90.205507698000076, 23.579134833000069 ], [ 90.205807821000064, 23.577951148000068 ], [ 90.205816964000064, 23.577915157000064 ], [ 90.206107941000084, 23.576769721000062 ], [ 90.206182713000032, 23.57621185000005 ], [ 90.206217828000035, 23.574576875000048 ], [ 90.20614107800003, 23.573671445000059 ], [ 90.20598749800007, 23.572002846000032 ], [ 90.206648198000039, 23.571447521000039 ], [ 90.207591287000071, 23.570654834000038 ], [ 90.208067594000056, 23.570726458000024 ], [ 90.208179398000084, 23.570744374000071 ], [ 90.208164442000054, 23.570581805000074 ], [ 90.208103684000037, 23.569920238000066 ], [ 90.208094538000068, 23.569820905000029 ], [ 90.207983127000034, 23.568610810000052 ], [ 90.207979995000073, 23.568576783000026 ], [ 90.206801107000047, 23.566681476000042 ], [ 90.205246066000086, 23.565893310000035 ], [ 90.204331978000084, 23.565429997000024 ], [ 90.203957114000048, 23.565239992000045 ], [ 90.202862331000063, 23.564905194000062 ], [ 90.201898344000085, 23.564610387000073 ], [ 90.200329539000052, 23.563980123000078 ], [ 90.199153118000083, 23.563620323000066 ], [ 90.198577079000074, 23.563281585000027 ], [ 90.198504613000068, 23.563260942000056 ], [ 90.197337210000057, 23.56278922000007 ], [ 90.196692187000053, 23.562386938000031 ], [ 90.196465269000043, 23.562245416000053 ], [ 90.19554652000005, 23.561601290000056 ], [ 90.195036162000065, 23.561179715000037 ], [ 90.194924767000032, 23.561087698000051 ], [ 90.193261095000082, 23.560213374000057 ], [ 90.19312768900005, 23.560180202000026 ], [ 90.192827344000079, 23.560105520000036 ], [ 90.192115153000032, 23.559930261000034 ], [ 90.191410437000059, 23.560053073000063 ], [ 90.191058342000076, 23.560297390000073 ], [ 90.190354384000045, 23.56094861400004 ], [ 90.190002278000065, 23.561288349000051 ], [ 90.189386563000085, 23.561882427000057 ], [ 90.188421830000038, 23.562546596000061 ], [ 90.188170547000084, 23.562719590000029 ], [ 90.188169973000072, 23.562719985000058 ], [ 90.188173833000064, 23.56266460300003 ], [ 90.188179837000064, 23.562578459000065 ], [ 90.187964863000047, 23.562133457000073 ], [ 90.186503263000077, 23.562594086000047 ], [ 90.186176680000074, 23.562659006000047 ], [ 90.185804958000062, 23.562497918000076 ], [ 90.185764197000083, 23.562480254000036 ], [ 90.185063883000055, 23.561735596000062 ], [ 90.184938336000073, 23.561480331000041 ], [ 90.18475926900004, 23.561158600000056 ], [ 90.18197811400006, 23.557058742000038 ], [ 90.181492614000035, 23.556490243000042 ], [ 90.181052020000038, 23.556287521000058 ], [ 90.179994402000034, 23.556288748000043 ], [ 90.178496632000076, 23.556412418000036 ], [ 90.177703934000078, 23.556453973000032 ], [ 90.177395066000031, 23.556291736000048 ], [ 90.177130053000042, 23.555725230000064 ], [ 90.177099385000076, 23.55546105600007 ], [ 90.177093917000036, 23.555413608000038 ], [ 90.177040834000081, 23.554953029000046 ], [ 90.177039581000031, 23.55401813800006 ], [ 90.177038440000047, 23.553166800000042 ], [ 90.177087399000072, 23.552962508000064 ], [ 90.177213829000038, 23.552434946000062 ], [ 90.177389343000073, 23.552028270000051 ], [ 90.177697546000047, 23.551702737000028 ], [ 90.178621777000046, 23.55113261300005 ], [ 90.179328835000035, 23.55079418300005 ], [ 90.179898674000071, 23.550521429000071 ], [ 90.18035795600008, 23.549520576000077 ], [ 90.180837006000047, 23.547796463000054 ], [ 90.18124814500004, 23.546316730000058 ], [ 90.181270827000048, 23.546235094000053 ], [ 90.181386744000065, 23.545697221000069 ], [ 90.181580676000067, 23.54533850200005 ], [ 90.181774114000063, 23.544621291000055 ], [ 90.181843009000033, 23.544042952000041 ], [ 90.181889436000063, 23.54365322600006 ], [ 90.181896934000065, 23.543354233000059 ], [ 90.181921808000084, 23.542362380000043 ], [ 90.181921809000073, 23.542362344000026 ], [ 90.181926297000075, 23.542183364000039 ], [ 90.181872678000047, 23.540967658000056 ], [ 90.181847883000046, 23.540405501000066 ], [ 90.181655224000053, 23.539585152000029 ], [ 90.181590132000053, 23.539376107000066 ], [ 90.181492555000034, 23.53910735200003 ], [ 90.181395021000071, 23.538868470000068 ], [ 90.181286662000048, 23.538675917000035 ], [ 90.180860224000071, 23.538112772000034 ], [ 90.18044969400006, 23.537570630000062 ], [ 90.180340570000055, 23.537384341000063 ], [ 90.180246998000086, 23.537198033000038 ], [ 90.180168920000085, 23.536968688000059 ], [ 90.180153133000033, 23.536796630000026 ], [ 90.180322980000085, 23.536258666000037 ], [ 90.180372445000046, 23.536101990000077 ], [ 90.18056579000006, 23.535939822000046 ], [ 90.180827433000047, 23.535720368000057 ], [ 90.180971751000072, 23.535599320000074 ], [ 90.181195871000057, 23.535411337000028 ], [ 90.181221596000057, 23.535267910000073 ], [ 90.181221367000035, 23.535100613000054 ], [ 90.181195184000046, 23.534909448000064 ], [ 90.181169067000042, 23.534766081000043 ], [ 90.181064924000054, 23.534431609000023 ], [ 90.180909105000069, 23.534216694000065 ], [ 90.180654294000078, 23.533871118000036 ], [ 90.180463892000034, 23.533612891000075 ], [ 90.180367321000062, 23.533475577000047 ], [ 90.179978318000053, 23.532922443000075 ], [ 90.179536725000048, 23.532150649000073 ], [ 90.179404184000077, 23.531640849000041 ], [ 90.179347457000063, 23.53142265300005 ], [ 90.179315455000051, 23.531299561000026 ], [ 90.179299213000036, 23.531137073000025 ], [ 90.179226073000052, 23.530405417000054 ], [ 90.179005242000073, 23.529877254000041 ], [ 90.178238556000053, 23.528433574000076 ], [ 90.178121934000046, 23.528213970000024 ], [ 90.177675372000067, 23.52759799100005 ], [ 90.177327572000081, 23.527117390000058 ], [ 90.176984334000053, 23.526959452000028 ], [ 90.176605264000045, 23.526874326000041 ], [ 90.176152807000051, 23.526772720000054 ], [ 90.175686447000032, 23.526916645000028 ], [ 90.17527221000006, 23.527275605000057 ], [ 90.175023206000049, 23.527553801000067 ], [ 90.174952080000082, 23.527633265000077 ], [ 90.171786395000083, 23.530062337000061 ], [ 90.17136516000005, 23.530385544000069 ], [ 90.165673284000036, 23.526754374000063 ], [ 90.165792123000074, 23.527132766000022 ], [ 90.165526580000062, 23.526963352000053 ], [ 90.165110680000055, 23.526698009000029 ], [ 90.165010014000075, 23.526741019000042 ], [ 90.163613884000085, 23.52734995000003 ], [ 90.162249622000047, 23.528245630000072 ], [ 90.161050530000068, 23.528784324000071 ], [ 90.16053252100005, 23.529017456000076 ], [ 90.158903976000033, 23.529872726000065 ], [ 90.156142625000086, 23.531348409000032 ], [ 90.155250337000041, 23.531825238000067 ], [ 90.155250296000077, 23.531825260000062 ], [ 90.154593843000043, 23.532244285000047 ], [ 90.152360230000056, 23.533670011000027 ], [ 90.152263335000043, 23.533731858000067 ], [ 90.151841121000075, 23.534675408000055 ], [ 90.151586491000046, 23.535244446000036 ], [ 90.149663313000076, 23.539542076000032 ], [ 90.149258812000085, 23.540445957000031 ], [ 90.148965529000066, 23.541101304000051 ], [ 90.148745181000038, 23.541277136000076 ], [ 90.14589922600004, 23.543548018000024 ], [ 90.143086088000075, 23.545792590000076 ], [ 90.142142035000063, 23.546545437000077 ], [ 90.141614380000078, 23.547302414000058 ], [ 90.141093367000053, 23.548048454000025 ], [ 90.136263450000058, 23.554963890000067 ], [ 90.135942467000064, 23.555423441000073 ], [ 90.135053106000043, 23.558551215000023 ], [ 90.134637639000061, 23.560012307000022 ], [ 90.134515759000067, 23.560440924000034 ], [ 90.134395873000074, 23.560862524000072 ], [ 90.130405201000031, 23.565398122000033 ], [ 90.130405160000066, 23.565398128000027 ], [ 90.129689232000032, 23.565387437000027 ], [ 90.127455515000065, 23.567466814000056 ], [ 90.127455478000059, 23.567466817000025 ], [ 90.121105649000071, 23.567207690000032 ], [ 90.121105602000057, 23.567207691000078 ], [ 90.116137175000063, 23.567417283000054 ], [ 90.116137129000037, 23.567417283000054 ], [ 90.115872116000048, 23.567428457000062 ], [ 90.113115555000036, 23.567543399000044 ], [ 90.111998813000071, 23.567785300000025 ], [ 90.10905467300006, 23.568422995000049 ], [ 90.110772127000075, 23.574694886000032 ], [ 90.106672264000053, 23.574780275000023 ], [ 90.100906735000081, 23.573236148000035 ], [ 90.074095003000082, 23.566052126000045 ], [ 90.074000550000051, 23.566083303000028 ], [ 90.073692588000085, 23.566815104000057 ], [ 90.073076409000066, 23.567829326000037 ], [ 90.072680044000037, 23.568195340000045 ], [ 90.071798981000086, 23.568683520000036 ], [ 90.070081131000052, 23.569456607000063 ], [ 90.069685475000085, 23.569565800000078 ], [ 90.069685428000071, 23.569565813000054 ], [ 90.068319014000053, 23.569942903000026 ], [ 90.068318966000049, 23.569942914000023 ], [ 90.066028019000044, 23.570431667000037 ], [ 90.066027973000075, 23.570431674000076 ], [ 90.064838359000078, 23.570554113000071 ], [ 90.064838313000052, 23.570554118000075 ], [ 90.063736888000051, 23.570676509000066 ], [ 90.063736843000072, 23.570676520000063 ], [ 90.06184255200003, 23.571408926000061 ], [ 90.061842508000041, 23.571408939000037 ], [ 90.060961603000067, 23.571612513000048 ], [ 90.060961557000041, 23.571612521000077 ], [ 90.060256681000055, 23.571694085000047 ], [ 90.060256636000076, 23.571694097000034 ], [ 90.05946367100006, 23.572019567000041 ], [ 90.05946362800006, 23.572019582000053 ], [ 90.056423751000068, 23.57299398300006 ], [ 90.056423706000032, 23.572993996000037 ], [ 90.05281106700005, 23.573848852000026 ], [ 90.052811021000082, 23.573848862000034 ], [ 90.049154173000034, 23.574541061000048 ], [ 90.049154127000065, 23.574541071000056 ], [ 90.045629246000033, 23.575271532000045 ], [ 90.045629200000064, 23.575271541000063 ], [ 90.04347034500006, 23.575678626000069 ], [ 90.043470299000035, 23.575678633000052 ], [ 90.04069458500004, 23.575882616000058 ], [ 90.040694539000071, 23.57588262400003 ], [ 90.04050135600005, 23.575925573000063 ], [ 90.040501298000038, 23.575925584000061 ], [ 90.039945553000052, 23.576045402000034 ], [ 90.039945639000052, 23.576329930000043 ], [ 90.040165931000047, 23.57665505500006 ], [ 90.040739047000045, 23.577061382000068 ], [ 90.045322459000033, 23.579943826000033 ], [ 90.049069068000051, 23.582867050000061 ], [ 90.053476741000054, 23.585708660000023 ], [ 90.054640221000056, 23.586349582000025 ], [ 90.051935515000082, 23.58863128400003 ], [ 90.050393410000083, 23.589444736000075 ], [ 90.050393348000057, 23.589444765000053 ], [ 90.048719284000072, 23.590258215000063 ], [ 90.048719221000056, 23.59025824400004 ], [ 90.047221192000052, 23.590909041000032 ], [ 90.047221130000082, 23.590909070000066 ], [ 90.046178172000054, 23.591424214000028 ], [ 90.046178099000031, 23.591424249000056 ], [ 90.044753890000038, 23.59212694200005 ], [ 90.044359781000082, 23.592357390000075 ], [ 90.042110223000066, 23.593672282000057 ], [ 90.039466603000051, 23.595581146000029 ], [ 90.038468560000069, 23.596353284000031 ], [ 90.037977065000064, 23.597806654000067 ], [ 90.037685791000058, 23.598935819000076 ], [ 90.037245062000068, 23.600155347000054 ], [ 90.03699068800006, 23.600742537000031 ], [ 90.036853246000078, 23.601058716000068 ], [ 90.036559455000031, 23.602007224000033 ], [ 90.03651069600005, 23.602910511000061 ], [ 90.036070116000076, 23.604762328000049 ], [ 90.035972798000046, 23.607336684000074 ], [ 90.035972958000059, 23.607923812000024 ], [ 90.035921679000069, 23.608556108000073 ], [ 90.035862963000056, 23.608886827000049 ], [ 90.035812854000085, 23.609169023000049 ], [ 90.035812845000066, 23.609169071000053 ], [ 90.03579168300007, 23.609288240000069 ], [ 90.035777326000073, 23.60936909000003 ], [ 90.035817880000081, 23.609447895000073 ], [ 90.035973307000063, 23.609611495000024 ], [ 90.036504249000075, 23.610170354000047 ], [ 90.036873576000062, 23.610362598000052 ], [ 90.037631700000077, 23.610757214000046 ], [ 90.037998462000076, 23.61090580900003 ], [ 90.038615776000086, 23.61115591600003 ], [ 90.038857161000067, 23.611253712000064 ], [ 90.040327709000053, 23.611795302000075 ], [ 90.041112028000043, 23.612156406000054 ], [ 90.042876513000067, 23.612201092000078 ], [ 90.04380791300008, 23.612652469000068 ], [ 90.045033444000069, 23.613239247000024 ], [ 90.045033614000033, 23.613736047000032 ], [ 90.044794322000087, 23.614508415000046 ], [ 90.044739854000056, 23.614684570000065 ], [ 90.044446136000033, 23.615768582000044 ], [ 90.043956473000037, 23.617213960000072 ], [ 90.04351575700008, 23.618478666000044 ], [ 90.043074840000031, 23.619156244000067 ], [ 90.042718606000051, 23.619995814000049 ], [ 90.042603541000062, 23.620070369000075 ], [ 90.042368150000073, 23.620685469000023 ], [ 90.041997200000083, 23.621369559000073 ], [ 90.041311309000037, 23.622453670000027 ], [ 90.040674326000044, 23.623221621000027 ], [ 90.040576390000069, 23.623540050000031 ], [ 90.040380472000038, 23.624034642000026 ], [ 90.040135384000052, 23.624034706000032 ], [ 90.039152041000079, 23.628973975000065 ], [ 90.036263504000033, 23.629400507000071 ], [ 90.026845404000085, 23.629786316000036 ], [ 90.025624212000082, 23.629836201000046 ], [ 90.025457722000056, 23.629828275000023 ], [ 90.021086795000031, 23.629620098000032 ], [ 90.019529784000042, 23.629441905000078 ], [ 90.018583387000035, 23.629333630000076 ], [ 90.016705886000068, 23.628900275000035 ], [ 90.014203984000062, 23.628180161000046 ], [ 90.012950594000074, 23.62781896100006 ], [ 90.010682221000081, 23.627532347000056 ], [ 90.007631101000072, 23.627460265000025 ], [ 90.007627121000041, 23.627500914000052 ], [ 90.007193550000068, 23.63197438900005 ], [ 90.006696866000084, 23.637100477000047 ], [ 90.006692576000034, 23.637143381000044 ], [ 90.006022511000083, 23.644053431000032 ], [ 90.005989129000056, 23.644396676000042 ], [ 90.008962255000085, 23.64526141500005 ], [ 90.010504455000046, 23.645830379000074 ], [ 90.01051579500006, 23.645834893000028 ], [ 90.01052713100006, 23.645839408000029 ], [ 90.010605311000063, 23.646415239000078 ], [ 90.011153206000074, 23.646776509000063 ], [ 90.013109043000043, 23.646848616000057 ], [ 90.014204491000044, 23.647063047000074 ], [ 90.014204560000053, 23.647713401000033 ], [ 90.01467402600008, 23.648072408000075 ], [ 90.015705804000049, 23.648706853000078 ], [ 90.015828379000084, 23.648781362000022 ], [ 90.016082419000043, 23.648937149000062 ], [ 90.016415226000049, 23.649244225000075 ], [ 90.01702139300005, 23.649801929000034 ], [ 90.018586500000083, 23.651386989000059 ], [ 90.019368968000038, 23.652540822000049 ], [ 90.019995161000054, 23.653622405000078 ], [ 90.020106136000038, 23.653929503000029 ], [ 90.020386636000069, 23.654704020000054 ], [ 90.020621543000061, 23.655855657000075 ], [ 90.020778292000045, 23.656865037000046 ], [ 90.020856569000046, 23.657729907000032 ], [ 90.020856752000043, 23.658883834000051 ], [ 90.020856969000079, 23.66025228500007 ], [ 90.020700671000043, 23.662126589000025 ], [ 90.020622752000065, 23.663567311000065 ], [ 90.020524858000044, 23.664660280000078 ], [ 90.020306430000062, 23.665130008000062 ], [ 90.019815297000036, 23.665895591000037 ], [ 90.019021094000038, 23.666810249000036 ], [ 90.01890925400005, 23.666938978000076 ], [ 90.018305038000051, 23.667808446000038 ], [ 90.01804061100006, 23.668156236000073 ], [ 90.017964947000053, 23.668400127000041 ], [ 90.017927309000072, 23.66881789200005 ], [ 90.018078449000086, 23.669199504000062 ], [ 90.018569493000086, 23.669827217000034 ], [ 90.019173945000034, 23.670522660000074 ], [ 90.019270186000085, 23.670585876000075 ], [ 90.019702961000064, 23.67087035000003 ], [ 90.020038578000083, 23.671093867000025 ], [ 90.020382779000045, 23.671321897000041 ], [ 90.020836113000087, 23.671739599000034 ], [ 90.021516250000047, 23.672227270000064 ], [ 90.021931601000063, 23.672712716000035 ], [ 90.022103849000075, 23.673093097000049 ], [ 90.022120765000068, 23.673130452000066 ], [ 90.022498428000063, 23.673652034000042 ], [ 90.022641467000085, 23.673706880000054 ], [ 90.022951736000039, 23.673825846000057 ], [ 90.02321624800004, 23.673965813000052 ], [ 90.023782621000066, 23.673999600000059 ], [ 90.024311599000043, 23.673999517000027 ], [ 90.024651460000086, 23.67389558800005 ], [ 90.025104686000077, 23.67361776100006 ], [ 90.025633613000082, 23.673373793000053 ], [ 90.025897759000031, 23.673199871000065 ], [ 90.026086492000047, 23.67292208300006 ], [ 90.026199846000054, 23.672712054000044 ], [ 90.026378500000078, 23.672612665000031 ], [ 90.026653098000054, 23.672608102000027 ], [ 90.027231464000067, 23.672860915000058 ], [ 90.027370922000046, 23.672921862000067 ], [ 90.027975294000044, 23.672955626000032 ], [ 90.028541979000067, 23.673025524000025 ], [ 90.029033003000052, 23.673269316000074 ], [ 90.029345039000077, 23.673474752000061 ], [ 90.029826275000062, 23.673790802000042 ], [ 90.030166284000074, 23.674346246000027 ], [ 90.030287730000055, 23.674696238000024 ], [ 90.03046867200004, 23.675217839000027 ], [ 90.030619913000066, 23.675843322000048 ], [ 90.030620025000076, 23.676331086000062 ], [ 90.030544768000084, 23.676920482000071 ], [ 90.030318076000071, 23.677374417000067 ], [ 90.03020482200003, 23.67799995300004 ], [ 90.030206831000044, 23.678006593000077 ], [ 90.030394067000032, 23.678625427000043 ], [ 90.030658371000072, 23.679113140000027 ], [ 90.030998672000067, 23.679530831000022 ], [ 90.031096286000036, 23.679596574000072 ], [ 90.031565155000067, 23.679912348000073 ], [ 90.032094206000068, 23.680122248000032 ], [ 90.032547523000062, 23.680192157000079 ], [ 90.033642962000044, 23.68036580200004 ], [ 90.03409643100008, 23.680272333000062 ], [ 90.034662908000087, 23.680155568000032 ], [ 90.035229265000055, 23.680017692000035 ], [ 90.03545607600006, 23.68005151400007 ], [ 90.035531529000082, 23.680259246000048 ], [ 90.035418537000055, 23.680643160000045 ], [ 90.035267521000037, 23.680957080000042 ], [ 90.035154221000084, 23.681338736000043 ], [ 90.035229740000034, 23.681790350000028 ], [ 90.035337974000072, 23.681990797000026 ], [ 90.035380918000044, 23.682070327000076 ], [ 90.035607733000063, 23.682104150000043 ], [ 90.035871864000057, 23.681860208000046 ], [ 90.036173990000066, 23.681582384000023 ], [ 90.036438456000042, 23.681442315000027 ], [ 90.036627274000068, 23.681512273000067 ], [ 90.037382900000068, 23.681929851000064 ], [ 90.037592589000042, 23.682099165000068 ], [ 90.037685172000067, 23.682173660000046 ], [ 90.037874400000078, 23.682591375000072 ], [ 90.03802565400008, 23.683112974000039 ], [ 90.038101143000063, 23.683424583000033 ], [ 90.038101254000082, 23.683808469000041 ], [ 90.037987921000081, 23.684052378000047 ], [ 90.037761457000045, 23.684190185000034 ], [ 90.037043704000041, 23.684434239000041 ], [ 90.035797290000062, 23.684886164000034 ], [ 90.03534404100003, 23.685130150000077 ], [ 90.035192992000077, 23.685340194000048 ], [ 90.035155349000036, 23.685547954000072 ], [ 90.035155453000073, 23.685931842000059 ], [ 90.035344360000067, 23.686313427000073 ], [ 90.035609108000074, 23.687182760000042 ], [ 90.036364628000058, 23.687112582000054 ], [ 90.036553523000066, 23.687426421000055 ], [ 90.036818087000086, 23.687600238000073 ], [ 90.037082337000072, 23.687740181000038 ], [ 90.03753577100008, 23.688121703000036 ], [ 90.037951538000073, 23.688609364000058 ], [ 90.038201181000034, 23.688674298000024 ], [ 90.038480613000047, 23.688746980000076 ], [ 90.039085072000034, 23.688816833000033 ], [ 90.039235949000044, 23.689060677000043 ], [ 90.039236031000087, 23.689338430000078 ], [ 90.038971839000055, 23.689408498000034 ], [ 90.038140569000063, 23.689374833000045 ], [ 90.037951779000082, 23.689444883000078 ], [ 90.037914167000054, 23.689756517000035 ], [ 90.03791424700006, 23.690034272000048 ], [ 90.03802771800008, 23.690244254000049 ], [ 90.03844308500004, 23.690384158000029 ], [ 90.03859423800003, 23.690521868000076 ], [ 90.038632316000076, 23.690765741000064 ], [ 90.038443308000069, 23.691147418000071 ], [ 90.037990113000035, 23.691635292000058 ], [ 90.037574943000038, 23.692193158000066 ], [ 90.037272815000051, 23.692540987000029 ], [ 90.037121819000049, 23.69295878500003 ], [ 90.037121898000066, 23.693236539000054 ], [ 90.037046245000056, 23.693444309000029 ], [ 90.036819784000045, 23.693654370000047 ], [ 90.036744111000075, 23.693792138000049 ], [ 90.036744171000066, 23.69400214500007 ], [ 90.036840152000082, 23.694144386000062 ], [ 90.036933067000064, 23.694279855000048 ], [ 90.037424453000085, 23.694383612000024 ], [ 90.038142014000073, 23.694349564000049 ], [ 90.039086647000033, 23.694105447000027 ], [ 90.039653017000035, 23.693827549000048 ], [ 90.039790641000081, 23.693818481000051 ], [ 90.040257466000071, 23.693791263000037 ], [ 90.040861928000083, 23.69379110400007 ], [ 90.041353064000077, 23.694070988000078 ], [ 90.041693359000078, 23.694244773000037 ], [ 90.042222099000071, 23.694208499000069 ], [ 90.042524286000059, 23.694070668000052 ], [ 90.042713104000086, 23.694070616000033 ], [ 90.042939975000081, 23.69420830200005 ], [ 90.043015517000072, 23.69462604000006 ], [ 90.042977941000061, 23.695009938000055 ], [ 90.042789165000045, 23.69514773800006 ], [ 90.042524635000063, 23.695147812000073 ], [ 90.041844774000083, 23.695184126000072 ], [ 90.041278018000071, 23.695218152000052 ], [ 90.040560136000067, 23.695218340000054 ], [ 90.03995567000004, 23.695218499000077 ], [ 90.039653479000037, 23.695358583000029 ], [ 90.03965360400008, 23.69577408300006 ], [ 90.039668949000031, 23.695830535000027 ], [ 90.039804891000074, 23.69633181100005 ], [ 90.040031911000085, 23.696957262000069 ], [ 90.04003199400006, 23.697226321000073 ], [ 90.040032029000031, 23.697341151000046 ], [ 90.040032104000034, 23.697585031000074 ], [ 90.039994135000086, 23.697722789000068 ], [ 90.039654246000055, 23.697896755000045 ], [ 90.039276610000059, 23.697932981000065 ], [ 90.038558713000043, 23.697933162000027 ], [ 90.037878857000067, 23.698037204000059 ], [ 90.037500983000086, 23.698315050000076 ], [ 90.037576855000054, 23.698872798000025 ], [ 90.036934418000044, 23.69908070300005 ], [ 90.036934466000048, 23.699247896000031 ], [ 90.036934508000058, 23.699394588000075 ], [ 90.037048002000063, 23.699672315000043 ], [ 90.037312584000063, 23.699812257000076 ], [ 90.03806815300004, 23.699672067000051 ], [ 90.039768189000085, 23.699635508000028 ], [ 90.040183766000041, 23.699357650000024 ], [ 90.040599099000076, 23.699287537000032 ], [ 90.040712581000037, 23.699497518000044 ], [ 90.040712732000031, 23.699985278000042 ], [ 90.040486717000078, 23.701654119000068 ], [ 90.040524756000082, 23.702733508000051 ], [ 90.040562696000052, 23.703499012000066 ], [ 90.040600744000074, 23.70461227900006 ], [ 90.04063896200006, 23.705271647000075 ], [ 90.040827883000077, 23.705549351000059 ], [ 90.041205584000068, 23.705655384000067 ], [ 90.042150371000048, 23.705655128000046 ], [ 90.043397118000087, 23.705688657000053 ], [ 90.043699421000042, 23.705828577000034 ], [ 90.043850737000071, 23.706384042000025 ], [ 90.04369986200004, 23.707149601000026 ], [ 90.043662221000034, 23.708262883000032 ], [ 90.043593252000051, 23.708934189000047 ], [ 90.043587051000031, 23.708994546000042 ], [ 90.043398407000041, 23.709586237000053 ], [ 90.043209466000064, 23.710211799000035 ], [ 90.042945336000059, 23.710593501000062 ], [ 90.042529799000079, 23.711081376000038 ], [ 90.04215223500006, 23.711463110000068 ], [ 90.041774355000086, 23.711813225000071 ], [ 90.041472170000077, 23.712091060000034 ], [ 90.041283425000074, 23.712402735000069 ], [ 90.041170095000041, 23.712716651000051 ], [ 90.041188839000085, 23.712854393000043 ], [ 90.041207889000077, 23.712994394000077 ], [ 90.041359026000066, 23.712994351000077 ], [ 90.04211454700004, 23.712472516000048 ], [ 90.043512392000082, 23.71219437600007 ], [ 90.044948223000063, 23.711846209000043 ], [ 90.047101885000075, 23.711985575000028 ], [ 90.047555294000063, 23.711985434000042 ], [ 90.04804630700005, 23.711705275000043 ], [ 90.048650735000081, 23.711393458000032 ], [ 90.04914182300007, 23.71132330000006 ], [ 90.050048729000082, 23.711566891000075 ], [ 90.050286514000049, 23.711648518000061 ], [ 90.050351040000066, 23.711670667000078 ], [ 90.050578019000056, 23.711984477000044 ], [ 90.050578243000075, 23.712567082000078 ], [ 90.05057832600005, 23.712783862000038 ], [ 90.050635561000036, 23.713153087000023 ], [ 90.050653932000046, 23.713271602000077 ], [ 90.050728012000036, 23.713594234000027 ], [ 90.050805323000077, 23.71393093100005 ], [ 90.050956731000042, 23.714626395000039 ], [ 90.051111215000049, 23.71491713000006 ], [ 90.051823914000067, 23.716258390000064 ], [ 90.051826506000054, 23.716263268000034 ], [ 90.051994959000069, 23.716624516000024 ], [ 90.052393542000061, 23.717480223000052 ], [ 90.052469364000046, 23.717724077000071 ], [ 90.052469488000042, 23.718035703000055 ], [ 90.052393901000073, 23.718383483000025 ], [ 90.052129728000068, 23.718627452000078 ], [ 90.05190288600005, 23.718697532000078 ], [ 90.051789800000051, 23.718801445000054 ], [ 90.051789883000083, 23.719011454000054 ], [ 90.051790020000055, 23.719359209000061 ], [ 90.051941204000059, 23.719463033000068 ], [ 90.052205533000063, 23.719600694000064 ], [ 90.052243425000086, 23.720054569000069 ], [ 90.052243652000072, 23.720627469000078 ], [ 90.052243729000054, 23.720820082000046 ], [ 90.052168530000074, 23.721375614000067 ], [ 90.052093317000072, 23.721897272000035 ], [ 90.051791146000085, 23.722211257000026 ], [ 90.051450915000032, 23.72241912000004 ], [ 90.050657516000058, 23.722559388000036 ], [ 90.050544133000074, 23.722699430000034 ], [ 90.050506544000086, 23.723011068000062 ], [ 90.050568208000072, 23.723110406000046 ], [ 90.050998011000047, 23.723812551000037 ], [ 90.051224945000058, 23.723950222000042 ], [ 90.051314206000086, 23.723972816000071 ], [ 90.05232081500003, 23.724227608000035 ], [ 90.053756805000035, 23.724751008000055 ], [ 90.054995872000063, 23.725035098000035 ], [ 90.055570793000072, 23.725165868000033 ], [ 90.055872947000069, 23.724818003000053 ], [ 90.056023980000077, 23.724540194000042 ], [ 90.056175070000052, 23.724400135000053 ], [ 90.056628492000073, 23.724332224000023 ], [ 90.05681749200005, 23.72433215500007 ], [ 90.057195384000067, 23.724332016000062 ], [ 90.05776209000004, 23.723914046000061 ], [ 90.058246066000038, 23.723615789000064 ], [ 90.058441924000078, 23.72349603400005 ], [ 90.058895233000044, 23.72318197900006 ], [ 90.059235194000053, 23.723077974000034 ], [ 90.059650961000045, 23.72314781700004 ], [ 90.059991097000079, 23.723425439000039 ], [ 90.060218022000072, 23.72352922500005 ], [ 90.060671471000035, 23.723529047000056 ], [ 90.061975853000035, 23.723692201000063 ], [ 90.062371044000031, 23.723741630000063 ], [ 90.062561105000043, 23.723765402000026 ], [ 90.062964606000037, 23.723817175000079 ], [ 90.06316543500003, 23.723841933000074 ], [ 90.064979268000059, 23.723911184000031 ], [ 90.066717391000054, 23.724014320000038 ], [ 90.067019835000053, 23.724291941000047 ], [ 90.06716715400006, 23.724596727000062 ], [ 90.067168749000075, 23.724600336000037 ], [ 90.067511265000064, 23.724813360000041 ], [ 90.069854165000038, 23.724638442000071 ], [ 90.070027438000068, 23.724524323000026 ], [ 90.07011835600008, 23.724464444000034 ], [ 90.070231720000038, 23.724326645000076 ], [ 90.070307226000068, 23.723908855000047 ], [ 90.070306852000044, 23.723213341000076 ], [ 90.070306554000069, 23.722655580000037 ], [ 90.070344022000086, 23.72220393300006 ], [ 90.070683840000072, 23.721856022000054 ], [ 90.071288467000045, 23.721925747000057 ], [ 90.072950936000041, 23.721644961000038 ], [ 90.073317888000076, 23.721586076000051 ], [ 90.07342095000007, 23.721569779000049 ], [ 90.073475458000075, 23.721561160000078 ], [ 90.074877963000063, 23.721332416000052 ], [ 90.075293227000031, 23.721054461000051 ], [ 90.075444071000049, 23.720530496000038 ], [ 90.075519458000031, 23.719941081000059 ], [ 90.07555676700008, 23.719243294000023 ], [ 90.075669962000063, 23.718827740000052 ], [ 90.075858553000046, 23.718373758000041 ], [ 90.076047328000072, 23.718235918000062 ], [ 90.076614168000049, 23.718199509000044 ], [ 90.07831447600006, 23.718234786000039 ], [ 90.079447938000044, 23.718301953000037 ], [ 90.079598998000051, 23.718164128000069 ], [ 90.079749931000038, 23.717816296000024 ], [ 90.079674173000058, 23.717258571000059 ], [ 90.079673857000046, 23.716736938000054 ], [ 90.079673624000066, 23.716355308000061 ], [ 90.079635641000039, 23.715901440000039 ], [ 90.079635578000079, 23.715797565000059 ], [ 90.080240118000063, 23.715763379000066 ], [ 90.080844787000046, 23.715936944000077 ], [ 90.081037384000069, 23.716048846000035 ], [ 90.081102608000037, 23.716420053000036 ], [ 90.081147519000069, 23.716666168000074 ], [ 90.081147908000048, 23.717293934000054 ], [ 90.081148295000048, 23.717919443000028 ], [ 90.08114867900008, 23.71853761400007 ], [ 90.081148706000079, 23.718581079000046 ], [ 90.081149049000032, 23.719136588000026 ], [ 90.081149437000079, 23.719764354000063 ], [ 90.081149737000032, 23.720249855000077 ], [ 90.081187685000032, 23.720633722000059 ], [ 90.08137664800006, 23.720807499000045 ], [ 90.081867840000086, 23.720874984000034 ], [ 90.082056829000067, 23.721084893000068 ], [ 90.081982409000034, 23.72268596400005 ], [ 90.081982819000075, 23.723345342000073 ], [ 90.082008374000054, 23.724004709000042 ], [ 90.082164084000055, 23.724433676000046 ], [ 90.082423733000041, 23.72486484500007 ], [ 90.083165110000039, 23.725363770000058 ], [ 90.083201589000055, 23.725388320000036 ], [ 90.085120763000077, 23.72662925800006 ], [ 90.085483962000069, 23.72691584100005 ], [ 90.085548065000069, 23.72695193800007 ], [ 90.085743132000061, 23.727057964000039 ], [ 90.086157961000083, 23.727057733000038 ], [ 90.086780019000059, 23.727009964000047 ], [ 90.087344728000062, 23.727036829000042 ], [ 90.088750289000075, 23.727103687000067 ], [ 90.091135360000067, 23.727149722000036 ], [ 90.093468581000081, 23.727148329000045 ], [ 90.095128037000052, 23.727339261000054 ], [ 90.095532538000043, 23.727469983000049 ], [ 90.097046584000054, 23.727959060000046 ], [ 90.097824754000044, 23.728387618000056 ], [ 90.098509786000079, 23.728777814000068 ], [ 90.098751399000037, 23.728915436000023 ], [ 90.098913967000044, 23.729007916000057 ], [ 90.099288811000065, 23.728833799000029 ], [ 90.100158033000071, 23.72843354400004 ], [ 90.102490867000085, 23.72790586800005 ], [ 90.103579344000082, 23.727570936000063 ], [ 90.10466770000005, 23.72709373400005 ], [ 90.105341413000076, 23.72685391400006 ], [ 90.10560048800005, 23.726472110000032 ], [ 90.105651727000065, 23.725756241000056 ], [ 90.105651151000075, 23.725040408000041 ], [ 90.105651052000042, 23.724917496000046 ], [ 90.105650113000081, 23.723751003000075 ], [ 90.105856441000071, 23.722605982000061 ], [ 90.105959602000041, 23.721650711000052 ], [ 90.105801277000069, 23.718453279000073 ], [ 90.105801070000041, 23.71819584800005 ], [ 90.105800661000046, 23.717690023000046 ], [ 90.105748387000062, 23.717116488000045 ], [ 90.105748119000054, 23.716782281000064 ], [ 90.105851587000075, 23.716592526000056 ], [ 90.106473777000076, 23.716400158000056 ], [ 90.106543209000051, 23.716392345000031 ], [ 90.110309888000074, 23.715968418000045 ], [ 90.111605323000049, 23.715441342000076 ], [ 90.112486596000053, 23.715298441000073 ], [ 90.112849413000049, 23.715106233000029 ], [ 90.11321214700007, 23.714821440000037 ], [ 90.113268241000071, 23.714812368000025 ], [ 90.113834092000047, 23.714723883000033 ], [ 90.114663284000073, 23.714628430000062 ], [ 90.115544671000066, 23.714627773000075 ], [ 90.115855966000083, 23.71476980500006 ], [ 90.116117790000033, 23.715771334000067 ], [ 90.116168193000078, 23.715964134000046 ], [ 90.116427670000064, 23.716440408000039 ], [ 90.117361694000067, 23.717347480000058 ], [ 90.117776620000086, 23.717489426000043 ], [ 90.117822709000052, 23.717602301000056 ], [ 90.11793239800005, 23.717870937000043 ], [ 90.117726523000044, 23.719399861000056 ], [ 90.117260888000033, 23.720497676000036 ], [ 90.116846592000059, 23.721071563000066 ], [ 90.116824777000033, 23.721115032000057 ], [ 90.116535958000043, 23.721690529000057 ], [ 90.11684727100004, 23.721834815000022 ], [ 90.11798621500003, 23.722105803000034 ], [ 90.11824744900008, 23.722167957000067 ], [ 90.119751695000048, 23.72297747500005 ], [ 90.120633226000052, 23.723071634000064 ], [ 90.121048044000077, 23.723071311000069 ], [ 90.12141091500007, 23.723262970000064 ], [ 90.121410962000084, 23.723312968000073 ], [ 90.121411932000058, 23.724360429000058 ], [ 90.121258123000075, 23.72612642100006 ], [ 90.121258565000062, 23.726605149000022 ], [ 90.121726005000085, 23.72746287800004 ], [ 90.122760936000077, 23.729060666000066 ], [ 90.123024190000081, 23.729467086000056 ], [ 90.123698920000038, 23.730326901000069 ], [ 90.123855449000075, 23.731471657000043 ], [ 90.123907854000038, 23.732092604000059 ], [ 90.123908215000085, 23.732474231000026 ], [ 90.124064335000071, 23.732855733000065 ], [ 90.124146271000086, 23.732930186000033 ], [ 90.124323650000065, 23.733094889000029 ], [ 90.125101708000045, 23.733283945000039 ], [ 90.125139421000085, 23.733283916000062 ], [ 90.12619049400007, 23.733283061000066 ], [ 90.127953428000069, 23.733186769000042 ], [ 90.128268664000075, 23.733186509000063 ], [ 90.128287424000064, 23.733186493000062 ], [ 90.128471912000066, 23.733186340000032 ], [ 90.128938576000053, 23.733185952000042 ], [ 90.129457106000075, 23.733232938000071 ], [ 90.13007951000003, 23.733519201000036 ], [ 90.130391197000051, 23.733995409000045 ], [ 90.130599041000039, 23.734568802000069 ], [ 90.130755115000056, 23.73518966000006 ], [ 90.131015181000066, 23.735857852000038 ], [ 90.13122355400003, 23.736955133000038 ], [ 90.131431568000039, 23.737384003000045 ], [ 90.132029646000035, 23.737637882000058 ], [ 90.132105815000045, 23.737670215000037 ], [ 90.132650114000057, 23.738015244000053 ], [ 90.132841577000079, 23.738137123000058 ], [ 90.133056132000036, 23.738273701000026 ], [ 90.133964764000041, 23.738852098000052 ], [ 90.134232128000065, 23.739022289000047 ], [ 90.134804032000034, 23.739386333000027 ], [ 90.134936691000064, 23.73957590200007 ], [ 90.135271407000062, 23.740054337000061 ], [ 90.135531497000045, 23.741007043000025 ], [ 90.135612145000039, 23.741199670000071 ], [ 90.136051300000076, 23.742248565000068 ], [ 90.136519042000032, 23.743250770000031 ], [ 90.136926273000086, 23.743931237000027 ], [ 90.137090385000079, 23.744205460000046 ], [ 90.137713665000035, 23.744968155000038 ], [ 90.137973179000085, 23.74534955200005 ], [ 90.138336392000042, 23.745491490000063 ], [ 90.138751382000066, 23.745588218000023 ], [ 90.139373559000035, 23.745587656000055 ], [ 90.140251619000082, 23.745316998000078 ], [ 90.14030666900004, 23.745300029000077 ], [ 90.141550351000035, 23.744677907000039 ], [ 90.141610623000076, 23.744627079000054 ], [ 90.142172260000052, 23.744153446000041 ], [ 90.142638860000034, 23.744055916000036 ], [ 90.143001926000068, 23.744342365000023 ], [ 90.143076871000062, 23.744431446000078 ], [ 90.143884666000076, 23.745391583000071 ], [ 90.144403777000036, 23.745917246000033 ], [ 90.144715338000083, 23.74620373700003 ], [ 90.145026587000075, 23.746487973000058 ], [ 90.145338097000035, 23.746727042000032 ], [ 90.145536265000032, 23.746794601000033 ], [ 90.145753145000072, 23.74686891500005 ], [ 90.146064447000072, 23.746918300000061 ], [ 90.14658298300003, 23.74691781000007 ], [ 90.146848172000034, 23.74686562100004 ], [ 90.14730865000007, 23.746772599000053 ], [ 90.147775097000078, 23.746535047000066 ], [ 90.148344804000033, 23.745960934000038 ], [ 90.148810808000064, 23.745339498000078 ], [ 90.149380619000056, 23.744862480000052 ], [ 90.149743516000058, 23.744717607000041 ], [ 90.150103511000054, 23.744717259000026 ], [ 90.15046963900005, 23.74471690300004 ], [ 90.15059683000004, 23.744770872000061 ], [ 90.151143965000074, 23.745003028000042 ], [ 90.151974230000064, 23.745431261000078 ], [ 90.152752041000042, 23.745575017000078 ], [ 90.15339044500007, 23.745551802000023 ], [ 90.154048468000042, 23.74552630900007 ], [ 90.154618765000066, 23.745476061000033 ], [ 90.155137015000037, 23.745238435000033 ], [ 90.155862743000057, 23.744903500000078 ], [ 90.156587931000047, 23.744376621000072 ], [ 90.156950191000078, 23.743707843000038 ], [ 90.157260320000034, 23.743039120000049 ], [ 90.157467454000084, 23.742657282000039 ], [ 90.157362950000049, 23.741941557000075 ], [ 90.157310614000039, 23.74151256500005 ], [ 90.157309698000063, 23.740749313000038 ], [ 90.157308895000085, 23.740080903000035 ], [ 90.157512989000054, 23.739609509000047 ], [ 90.157618956000078, 23.739364757000033 ], [ 90.157950747000086, 23.738805753000065 ], [ 90.158498717000043, 23.737882514000034 ], [ 90.158705070000053, 23.737119052000025 ], [ 90.15885996600008, 23.736403059000054 ], [ 90.158807397000032, 23.735782125000071 ], [ 90.158495773000084, 23.73544823900005 ], [ 90.156367427000077, 23.733302912000056 ], [ 90.155985774000044, 23.732974359000025 ], [ 90.155536881000046, 23.732587918000036 ], [ 90.155484668000042, 23.732253765000053 ], [ 90.155484214000069, 23.731872138000028 ], [ 90.155639045000044, 23.731348092000076 ], [ 90.156053146000033, 23.730726684000047 ], [ 90.156519117000073, 23.730152644000043 ], [ 90.156829178000066, 23.729197137000028 ], [ 90.157079069000076, 23.727923288000056 ], [ 90.157241188000057, 23.727096644000028 ], [ 90.157551412000032, 23.726285651000069 ], [ 90.157913559000065, 23.725569452000059 ], [ 90.158431377000056, 23.725042772000052 ], [ 90.159260264000068, 23.724420931000054 ], [ 90.160060387000044, 23.724099447000071 ], [ 90.160089191000054, 23.724088128000062 ], [ 90.160763093000071, 23.723848065000027 ], [ 90.161592241000051, 23.723702680000031 ], [ 90.163251691000085, 23.723845460000064 ], [ 90.16459989100008, 23.723938872000076 ], [ 90.166570651000086, 23.724413231000028 ], [ 90.166936927000052, 23.724558847000026 ], [ 90.168451330000039, 23.72516089800007 ], [ 90.168489673000067, 23.725176666000038 ], [ 90.169413543000076, 23.725254690000043 ], [ 90.170149146000085, 23.725317111000038 ], [ 90.171185860000037, 23.725173703000053 ], [ 90.17429605500007, 23.724788606000061 ], [ 90.175983702000053, 23.724475812000037 ], [ 90.176110329000039, 23.724452342000063 ], [ 90.177768651000065, 23.723971720000065 ], [ 90.178442259000064, 23.723541896000029 ], [ 90.178689488000032, 23.723401606000039 ], [ 90.179115623000087, 23.723159492000036 ], [ 90.180411421000031, 23.722823780000056 ], [ 90.181084841000086, 23.722488788000078 ], [ 90.181757768000068, 23.721580225000025 ], [ 90.18274103300007, 23.720291922000058 ], [ 90.183362556000077, 23.719909561000065 ], [ 90.183401391000075, 23.719923172000051 ], [ 90.184036752000054, 23.720145865000063 ], [ 90.184970055000065, 23.720192173000044 ], [ 90.186058865000064, 23.720287966000058 ], [ 90.18657716000007, 23.720190243000047 ], [ 90.187250720000065, 23.71976038400004 ], [ 90.187767987000086, 23.718949080000073 ], [ 90.188284837000083, 23.71785099300007 ], [ 90.188307173000055, 23.717230405000066 ], [ 90.188334660000066, 23.716466689000072 ], [ 90.188281958000061, 23.715845763000061 ], [ 90.188281135000068, 23.715272192000043 ], [ 90.188435881000032, 23.714795535000064 ], [ 90.18859106900004, 23.714413722000074 ], [ 90.188850050000042, 23.714363723000076 ], [ 90.189109615000064, 23.714507929000035 ], [ 90.189421025000058, 23.714889174000064 ], [ 90.189680935000069, 23.71527048300004 ], [ 90.18978538500005, 23.715843925000058 ], [ 90.189838304000034, 23.716607113000066 ], [ 90.189995188000069, 23.717609536000055 ], [ 90.190048410000031, 23.718372725000052 ], [ 90.190257249000069, 23.719469928000024 ], [ 90.190517492000083, 23.720282540000028 ], [ 90.191191803000038, 23.720376551000072 ], [ 90.191762397000048, 23.720615207000037 ], [ 90.192229085000065, 23.720662050000044 ], [ 90.192488243000071, 23.720517206000068 ], [ 90.193109598000035, 23.720039962000044 ], [ 90.193627672000048, 23.719799951000027 ], [ 90.194094077000045, 23.719657105000067 ], [ 90.194457142000033, 23.719704070000034 ], [ 90.195131145000062, 23.719798062000052 ], [ 90.195857821000061, 23.720465556000079 ], [ 90.196325300000069, 23.721038533000069 ], [ 90.196506064000062, 23.721162500000048 ], [ 90.196948307000071, 23.721466787000054 ], [ 90.197726310000064, 23.721799999000041 ], [ 90.198815067000055, 23.721846026000037 ], [ 90.199592365000058, 23.721510820000049 ], [ 90.200110584000072, 23.721367887000042 ], [ 90.200263995000057, 23.721342992000075 ], [ 90.200791781000078, 23.721257343000048 ], [ 90.201302902000066, 23.721174398000073 ], [ 90.201561602000083, 23.720936957000049 ], [ 90.201975673000049, 23.720457688000067 ], [ 90.202805430000069, 23.720551445000069 ], [ 90.203071837000039, 23.720974148000039 ], [ 90.203282198000068, 23.721307922000051 ], [ 90.203377081000042, 23.721458469000027 ], [ 90.203947258000085, 23.721410298000023 ], [ 90.204466062000051, 23.721648975000051 ], [ 90.204830103000063, 23.722316905000071 ], [ 90.204882363000081, 23.722601362000034 ], [ 90.204779409000082, 23.723032803000024 ], [ 90.204727743000035, 23.723127714000043 ], [ 90.204780079000045, 23.723461850000035 ], [ 90.206277648000082, 23.723577284000044 ], [ 90.20659469900005, 23.723601698000039 ], [ 90.207838239000068, 23.723028723000027 ], [ 90.209392645000037, 23.722453057000052 ], [ 90.210739021000052, 23.721401196000045 ], [ 90.212084447000052, 23.719775750000053 ], [ 90.212412493000045, 23.719266424000068 ], [ 90.213377100000059, 23.717768741000043 ], [ 90.213619464000033, 23.717264899000043 ], [ 90.214329830000054, 23.715788117000045 ], [ 90.214823814000056, 23.714761149000026 ], [ 90.215288218000069, 23.713423681000052 ], [ 90.215586750000057, 23.712639688000024 ], [ 90.215598045000036, 23.712610317000042 ], [ 90.215856228000064, 23.712086068000076 ], [ 90.21621857100007, 23.711703936000049 ], [ 90.216808929000081, 23.711285353000051 ], [ 90.217771934000041, 23.710604299000067 ], [ 90.220645727000033, 23.70900124800005 ], [ 90.221034954000061, 23.708784122000054 ], [ 90.22190706400005, 23.708357973000034 ], [ 90.221915573000047, 23.708353815000066 ], [ 90.222537571000032, 23.708352922000074 ], [ 90.22305620000003, 23.708496696000054 ], [ 90.223471128000085, 23.708590941000068 ], [ 90.223789637000039, 23.708590479000065 ], [ 90.22388589500008, 23.708590341000047 ], [ 90.225905811000075, 23.707537369000079 ], [ 90.226164353000058, 23.707250205000037 ], [ 90.226786734000086, 23.707296715000041 ], [ 90.226947604000031, 23.707400497000037 ], [ 90.229364976000056, 23.70895998900005 ], [ 90.230107996000072, 23.70943931100004 ], [ 90.23202169700005, 23.710284349000062 ], [ 90.232737860000043, 23.710600578000026 ], [ 90.235295845000053, 23.711484160000055 ], [ 90.236022382000044, 23.711817259000043 ], [ 90.236230047000049, 23.712056306000022 ], [ 90.236490213000081, 23.712676900000076 ], [ 90.23675068600005, 23.71329748900007 ], [ 90.237166243000047, 23.713725900000043 ], [ 90.237174522000032, 23.713725887000066 ], [ 90.238358785000059, 23.713724068000033 ], [ 90.239341116000048, 23.713621903000046 ], [ 90.240318792000039, 23.713520217000053 ], [ 90.241157816000054, 23.713432946000069 ], [ 90.243852515000071, 23.713094520000027 ], [ 90.246414081000069, 23.713005764000059 ], [ 90.248155179000037, 23.712945413000057 ], [ 90.252769514000079, 23.713222472000041 ], [ 90.254634659000033, 23.713540069000032 ], [ 90.256037968000044, 23.713777116000074 ], [ 90.257038322000085, 23.713947077000057 ], [ 90.256334804000062, 23.715072798000051 ], [ 90.255828335000047, 23.716008506000037 ], [ 90.255773701000066, 23.716194210000026 ], [ 90.255562950000069, 23.716910554000037 ], [ 90.255070595000063, 23.718584035000049 ], [ 90.254183854000075, 23.720105222000029 ], [ 90.253107920000048, 23.721461870000041 ], [ 90.252789843000073, 23.721862080000051 ], [ 90.252127363000056, 23.722474179000073 ], [ 90.251394287000039, 23.723151493000046 ], [ 90.250379206000048, 23.723972844000059 ], [ 90.248729745000048, 23.725262645000043 ], [ 90.247940798000059, 23.725699990000066 ], [ 90.246825946000058, 23.726317986000026 ], [ 90.245302476000063, 23.727140115000054 ], [ 90.244813982000039, 23.727457593000054 ], [ 90.241875140000047, 23.729367521000029 ], [ 90.241565199000036, 23.729564487000061 ], [ 90.239844723000033, 23.730657821000023 ], [ 90.238956873000063, 23.73171148800003 ], [ 90.238369783000053, 23.732420815000069 ], [ 90.238298394000083, 23.732507067000029 ], [ 90.237308164000069, 23.73370344500006 ], [ 90.236292798000079, 23.734289858000068 ], [ 90.235148822000042, 23.734291601000052 ], [ 90.233878214000072, 23.73429352900007 ], [ 90.231591395000066, 23.734766663000073 ], [ 90.23114320500008, 23.734812498000053 ], [ 90.230017441000086, 23.734929243000067 ], [ 90.229987894000033, 23.734932306000076 ], [ 90.228885191000074, 23.735046651000062 ], [ 90.228160674000037, 23.735121775000039 ], [ 90.226128309000046, 23.735592196000027 ], [ 90.224603997000031, 23.736061850000056 ], [ 90.224415002000057, 23.736172774000067 ], [ 90.222949004000043, 23.737028099000042 ], [ 90.222191758000065, 23.737469898000029 ], [ 90.221404133000078, 23.738197047000028 ], [ 90.220922783000049, 23.738641432000065 ], [ 90.220133388000079, 23.740101955000057 ], [ 90.220036019000077, 23.740282104000073 ], [ 90.219530176000035, 23.741802549000056 ], [ 90.219175411000037, 23.742622448000077 ], [ 90.218621723000069, 23.74390205800006 ], [ 90.218517287000054, 23.744143413000074 ], [ 90.218011803000081, 23.74589869700003 ], [ 90.218013174000077, 23.746721555000079 ], [ 90.218013947000031, 23.747185831000024 ], [ 90.218142262000072, 23.748005354000043 ], [ 90.21839764300006, 23.748707272000047 ], [ 90.218425903000082, 23.748754795000025 ], [ 90.219162431000086, 23.749993326000038 ], [ 90.219221704000063, 23.750069422000024 ], [ 90.220436255000038, 23.751628663000076 ], [ 90.221231574000058, 23.752722807000055 ], [ 90.221371540000064, 23.752915360000031 ], [ 90.221710311000038, 23.753381410000031 ], [ 90.223239423000052, 23.75560347000004 ], [ 90.223860062000085, 23.756648086000041 ], [ 90.224003994000043, 23.756889497000031 ], [ 90.224007199000084, 23.758761483000058 ], [ 90.224069536000059, 23.758989464000024 ], [ 90.224646943000039, 23.761099978000061 ], [ 90.225030356000048, 23.762386553000056 ], [ 90.225540644000034, 23.763438097000062 ], [ 90.226050737000037, 23.764372219000052 ], [ 90.22757904000008, 23.766009375000067 ], [ 90.228216943000064, 23.767410733000077 ], [ 90.228587824000044, 23.767988265000042 ], [ 90.229491670000073, 23.769398255000056 ], [ 90.230384077000053, 23.770918902000062 ], [ 90.230389614000046, 23.770929041000045 ], [ 90.230894235000051, 23.771853006000072 ], [ 90.231531890000042, 23.772904340000025 ], [ 90.23196249700004, 23.773418543000048 ], [ 90.232805585000051, 23.774424400000044 ], [ 90.233790989000056, 23.776030218000074 ], [ 90.233953261000067, 23.776294652000047 ], [ 90.234844082000052, 23.77687815400003 ], [ 90.236159278000059, 23.776833076000059 ], [ 90.237464182000053, 23.776788339000063 ], [ 90.237575265000032, 23.77767588100005 ], [ 90.237614508000036, 23.777989430000048 ], [ 90.237635619000059, 23.778112863000047 ], [ 90.237639376000061, 23.778134832000035 ], [ 90.23770859800004, 23.778539569000031 ], [ 90.237766065000073, 23.77887557300005 ], [ 90.23783781700007, 23.779295102000049 ], [ 90.237867308000034, 23.779467532000069 ], [ 90.237960096000052, 23.78001004500004 ], [ 90.237964868000063, 23.780037951000054 ], [ 90.237974747000067, 23.780095704000075 ], [ 90.238023019000082, 23.780403243000023 ], [ 90.238082117000033, 23.780779750000079 ], [ 90.238232310000058, 23.78173470400003 ], [ 90.238292845000046, 23.781962681000039 ], [ 90.238513948000048, 23.782796328000074 ], [ 90.238642465000055, 23.783280885000067 ], [ 90.238888066000072, 23.783956154000066 ], [ 90.239051243000063, 23.784404796000047 ], [ 90.239163417000043, 23.784728179000069 ], [ 90.239537389000077, 23.785806283000056 ], [ 90.239716688000044, 23.78632316900007 ], [ 90.239921909000032, 23.786903124000048 ], [ 90.240279713000064, 23.787914269000055 ], [ 90.240487236000035, 23.788467359000038 ], [ 90.240841970000076, 23.789412784000035 ], [ 90.240912378000075, 23.789552666000077 ], [ 90.241455255000062, 23.790631209000026 ], [ 90.241916046000085, 23.791987619000054 ], [ 90.242014220000044, 23.792318517000069 ], [ 90.242485252000051, 23.793906127000071 ], [ 90.242735292000077, 23.794750271000055 ], [ 90.243350273000033, 23.796856128000059 ], [ 90.24346255200004, 23.797187894000047 ], [ 90.243811109000035, 23.798214786000074 ], [ 90.243986634000066, 23.798573548000036 ], [ 90.244151690000081, 23.798909748000028 ], [ 90.244270553000035, 23.799151178000045 ], [ 90.245017687000086, 23.800639185000023 ], [ 90.245139496000036, 23.80088177600004 ], [ 90.245549721000032, 23.801976135000075 ], [ 90.245621886000038, 23.80216864700003 ], [ 90.24571775000004, 23.802424381000037 ], [ 90.245753666000041, 23.802520191000042 ], [ 90.246168600000033, 23.803925262000064 ], [ 90.246265566000034, 23.804253608000067 ], [ 90.246352619000049, 23.804826718000072 ], [ 90.246509404000051, 23.805858905000036 ], [ 90.246562934000053, 23.806211308000059 ], [ 90.246678097000085, 23.806969461000051 ], [ 90.246713643000078, 23.807271990000061 ], [ 90.246716524000078, 23.80729745800005 ], [ 90.24673290800007, 23.807442323000032 ], [ 90.246806779000053, 23.808095479000031 ], [ 90.246851172000049, 23.80848799100005 ], [ 90.246931035000046, 23.809144307000054 ], [ 90.247053839000046, 23.810153505000073 ], [ 90.247056140000041, 23.810172410000064 ], [ 90.247069688000067, 23.810283747000028 ], [ 90.247132695000062, 23.810819652000077 ], [ 90.247164688000055, 23.811091762000046 ], [ 90.247173211000074, 23.811164244000054 ], [ 90.247238371000037, 23.811715360000051 ], [ 90.247247419000075, 23.811791879000054 ], [ 90.24726804200003, 23.811985787000026 ], [ 90.247274749000042, 23.812048853000078 ], [ 90.247375821000048, 23.812999206000029 ], [ 90.247391728000082, 23.813148775000059 ], [ 90.247465308000073, 23.813839490000078 ], [ 90.247491059000083, 23.814081217000023 ], [ 90.247506677000047, 23.814227967000079 ], [ 90.247608351000054, 23.814987117000044 ], [ 90.247711634000041, 23.815758264000067 ], [ 90.247803177000037, 23.816441756000074 ], [ 90.247825981000062, 23.816612021000026 ], [ 90.247850369000048, 23.816793869000037 ], [ 90.247970644000077, 23.817690695000067 ], [ 90.247971009000082, 23.817693424000026 ], [ 90.248173438000038, 23.818761089000077 ], [ 90.248228242000039, 23.819050135000055 ], [ 90.248255892000032, 23.819393323000043 ], [ 90.248328158000049, 23.82028650500007 ], [ 90.24836586400005, 23.82075252900006 ], [ 90.248372374000041, 23.820832649000067 ], [ 90.248392331000048, 23.821078230000069 ], [ 90.248436869000045, 23.821626302000027 ], [ 90.248437353000043, 23.821880285000077 ], [ 90.248438261000047, 23.822357370000077 ], [ 90.248438701000055, 23.822588655000061 ], [ 90.248439482000038, 23.822998996000024 ], [ 90.248439633000032, 23.823078262000024 ], [ 90.248439724000036, 23.823125683000058 ], [ 90.248391022000078, 23.824297720000061 ], [ 90.248391463000075, 23.824529331000065 ], [ 90.24839256000007, 23.825105835000045 ], [ 90.248392891000037, 23.825279994000027 ], [ 90.248388046000059, 23.825313873000027 ], [ 90.248320951000039, 23.825793727000075 ], [ 90.248242140000059, 23.826357358000052 ], [ 90.248184114000082, 23.826644831000067 ], [ 90.247960818000081, 23.827751067000065 ], [ 90.247939389000067, 23.827857226000049 ], [ 90.247879018000049, 23.828161689000069 ], [ 90.247786210000072, 23.828629746000047 ], [ 90.247772506000047, 23.828698931000076 ], [ 90.247736355000086, 23.82888143100007 ], [ 90.247674151000069, 23.829195455000047 ], [ 90.247664385000064, 23.829244761000041 ], [ 90.247657347000086, 23.829280288000064 ], [ 90.247655362000046, 23.829290334000063 ], [ 90.24764220600008, 23.829356927000049 ], [ 90.247586837000085, 23.829637182000056 ], [ 90.247575374000064, 23.829667247000032 ], [ 90.247566198000072, 23.829713690000062 ], [ 90.247413743000038, 23.830113556000072 ], [ 90.247156591000078, 23.830788022000036 ], [ 90.246957998000084, 23.831308890000059 ], [ 90.246939685000086, 23.831360855000071 ], [ 90.246920529000079, 23.831416089000072 ], [ 90.246760239000082, 23.831878250000045 ], [ 90.246738267000069, 23.831941511000025 ], [ 90.246549667000068, 23.832486018000054 ], [ 90.246522029000062, 23.832565713000065 ], [ 90.246280575000071, 23.833261938000078 ], [ 90.246223214000054, 23.833427337000046 ], [ 90.246096773000033, 23.83379192600006 ], [ 90.245983347000049, 23.834165559000041 ], [ 90.24575522300006, 23.834917010000026 ], [ 90.245641780000085, 23.835292036000055 ], [ 90.245628285000066, 23.835329479000052 ], [ 90.245205247000058, 23.836503247000053 ], [ 90.24509174800005, 23.836818161000053 ], [ 90.245090967000067, 23.836820328000044 ], [ 90.245086702000037, 23.836812924000071 ], [ 90.24479300400003, 23.836303060000034 ], [ 90.243872883000051, 23.834897717000047 ], [ 90.243120420000082, 23.833987701000069 ], [ 90.243055541000047, 23.833909237000057 ], [ 90.240807348000033, 23.831190207000077 ], [ 90.239889171000073, 23.830798730000026 ], [ 90.239546184000062, 23.83075178200005 ], [ 90.239131730000054, 23.830695050000031 ], [ 90.238665796000078, 23.830631270000026 ], [ 90.237075651000055, 23.830746629000032 ], [ 90.235791825000035, 23.831085056000063 ], [ 90.234578257000067, 23.831514154000047 ], [ 90.234334779000051, 23.831600243000025 ], [ 90.233713674000057, 23.831819849000055 ], [ 90.233687348000046, 23.831832494000025 ], [ 90.232185672000071, 23.832553784000027 ], [ 90.231024747000049, 23.833174253000038 ], [ 90.230022061000057, 23.833510817000047 ], [ 90.229916496000044, 23.83354625000004 ], [ 90.229680019000057, 23.833625625000025 ], [ 90.228579249000063, 23.833740166000041 ], [ 90.228264821000039, 23.833792569000025 ], [ 90.227233810000087, 23.833967967000035 ], [ 90.226624283000035, 23.834427259000051 ], [ 90.225939135000033, 23.834944506000056 ], [ 90.225936248000039, 23.834946685000034 ], [ 90.225890032000052, 23.834981575000029 ], [ 90.224423123000065, 23.835602438000024 ], [ 90.224102578000043, 23.835815697000044 ], [ 90.222895815000072, 23.836618546000068 ], [ 90.222040821000064, 23.837464312000066 ], [ 90.221401532000073, 23.837943951000057 ], [ 90.221063496000056, 23.838197343000047 ], [ 90.220485896000071, 23.838298724000026 ], [ 90.219779365000079, 23.838422733000073 ], [ 90.218678451000073, 23.838480753000056 ], [ 90.216919770000061, 23.838595183000052 ], [ 90.216904688000056, 23.83859616500007 ], [ 90.214518886000064, 23.838430144000029 ], [ 90.213212145000057, 23.838160986000048 ], [ 90.213172561000079, 23.838161041000035 ], [ 90.21181467200006, 23.837269896000066 ], [ 90.21170298100003, 23.837196596000069 ], [ 90.208627162000084, 23.835205599000062 ], [ 90.207539560000043, 23.834501558000056 ], [ 90.206682428000079, 23.834053346000076 ], [ 90.206132383000067, 23.834334087000059 ], [ 90.203934963000052, 23.836841256000071 ], [ 90.203553808000038, 23.837011117000031 ], [ 90.203224910000074, 23.837045422000074 ], [ 90.203237369000078, 23.836769917000026 ], [ 90.202501799000061, 23.836350878000076 ], [ 90.201353100000063, 23.835663657000055 ], [ 90.200121642000056, 23.835026218000053 ], [ 90.198801142000036, 23.834546948000025 ], [ 90.198594863000039, 23.834497537000061 ], [ 90.198161850000076, 23.83446648000006 ], [ 90.197032752000041, 23.834458165000058 ], [ 90.196072482000034, 23.834451087000048 ], [ 90.194467876000033, 23.834395585000038 ], [ 90.194120199000054, 23.83438355800007 ], [ 90.192683604000081, 23.834227291000047 ], [ 90.192099234000068, 23.834139952000044 ], [ 90.190772482000057, 23.833976758000063 ], [ 90.190277413000047, 23.833893820000071 ], [ 90.189899236000031, 23.833799446000057 ], [ 90.188633912000057, 23.833245505000036 ], [ 90.187878058000081, 23.832962648000034 ], [ 90.187635398000054, 23.832871838000074 ], [ 90.187572728000077, 23.832848384000044 ], [ 90.187003984000057, 23.832635543000038 ], [ 90.185697408000067, 23.832187757000042 ], [ 90.185511758000075, 23.832181207000076 ], [ 90.185326047000046, 23.832131752000066 ], [ 90.18494107500004, 23.831998985000041 ], [ 90.184487317000048, 23.831827913000041 ], [ 90.183916655000075, 23.831659235000075 ], [ 90.183306938000044, 23.83150788100005 ], [ 90.183201458000042, 23.831481697000072 ], [ 90.182974641000044, 23.831439061000026 ], [ 90.182747766000034, 23.83135578100007 ], [ 90.182410590000075, 23.831166499000062 ], [ 90.182121639000059, 23.83101554600006 ], [ 90.181819268000083, 23.830921061000026 ], [ 90.180897928000036, 23.830777625000053 ], [ 90.180430555000044, 23.830739786000038 ], [ 90.179949366000073, 23.830695185000025 ], [ 90.17942705300004, 23.830646118000061 ], [ 90.178794620000076, 23.830622012000049 ], [ 90.178258585000037, 23.83063392400004 ], [ 90.178107260000047, 23.830595710000068 ], [ 90.178010499000038, 23.830293234000067 ], [ 90.177900374000046, 23.830090132000066 ], [ 90.177817610000034, 23.829927644000065 ], [ 90.17758372600008, 23.829647909000073 ], [ 90.177461965000077, 23.82946288100004 ], [ 90.177377101000047, 23.829332009000041 ], [ 90.177291466000042, 23.829243708000035 ], [ 90.177046786000062, 23.82899141300004 ], [ 90.177008282000031, 23.828958710000052 ], [ 90.176677642000072, 23.828677877000075 ], [ 90.176675084000067, 23.828675704000034 ], [ 90.176262340000051, 23.82841197700003 ], [ 90.175712044000079, 23.828082918000064 ], [ 90.175065751000034, 23.827781065000067 ], [ 90.174570556000049, 23.82757839900006 ], [ 90.174157917000059, 23.827389185000072 ], [ 90.173676550000039, 23.827200044000051 ], [ 90.173606334000056, 23.827180522000049 ], [ 90.173401526000077, 23.827123577000066 ], [ 90.172837705000063, 23.826997758000061 ], [ 90.172530922000078, 23.826912861000039 ], [ 90.172480113000063, 23.826898801000027 ], [ 90.172295937000058, 23.826840295000068 ], [ 90.172108252000044, 23.827476207000075 ], [ 90.171579465000036, 23.827717397000072 ], [ 90.171456348000049, 23.827893668000058 ], [ 90.171281882000073, 23.827988704000063 ], [ 90.169682091000084, 23.828054679000047 ], [ 90.169650205000039, 23.828055994000067 ], [ 90.169336699000041, 23.828119566000055 ], [ 90.167032902000074, 23.828316279000035 ], [ 90.166984373000048, 23.828277943000046 ], [ 90.166303038000081, 23.828361269000027 ], [ 90.165960335000079, 23.828403179000077 ], [ 90.163966464000055, 23.828647 ], [ 90.163736914000083, 23.828620147000038 ], [ 90.16140078400008, 23.828986170000064 ], [ 90.160499106000032, 23.829088727000055 ], [ 90.160450885000046, 23.829050389000031 ], [ 90.159419829000058, 23.829243400000053 ], [ 90.159281099000054, 23.829211930000042 ], [ 90.158265328000084, 23.829357494000078 ], [ 90.158201820000045, 23.829366594000078 ], [ 90.157067470000072, 23.829401626000049 ], [ 90.156708851000076, 23.829467477000037 ], [ 90.156512885000041, 23.82946239000006 ], [ 90.156150694000075, 23.829452988000071 ], [ 90.155787990000078, 23.829443573000049 ], [ 90.155664871000056, 23.829316854000069 ], [ 90.15566434200008, 23.828873563000059 ], [ 90.155664149000074, 23.828711899000041 ], [ 90.155908294000085, 23.828372934000072 ], [ 90.155724268000085, 23.827923756000075 ], [ 90.154684069000041, 23.827642537000031 ], [ 90.153912941000044, 23.82761610700004 ], [ 90.151995476000081, 23.827550371000029 ], [ 90.151796316000059, 23.827543260000027 ], [ 90.151564664000034, 23.827534989000071 ], [ 90.151344589000075, 23.827736177000077 ], [ 90.151259379000066, 23.82781529500005 ], [ 90.151306165000051, 23.827986674000044 ], [ 90.151313795000078, 23.828014624000048 ], [ 90.151443650000033, 23.828490290000047 ], [ 90.151539739000043, 23.829323441000042 ], [ 90.151567016000058, 23.829560516000072 ], [ 90.151566016000061, 23.82957933800003 ], [ 90.151447504000032, 23.831809719000034 ], [ 90.151448470000048, 23.832640703000038 ], [ 90.151448681000034, 23.832823610000048 ], [ 90.151012136000077, 23.834891776000063 ], [ 90.151008822000051, 23.834907472000054 ], [ 90.150961930000051, 23.835129624000047 ], [ 90.150881534000064, 23.835689435000063 ], [ 90.150809984000034, 23.836187649000067 ], [ 90.150719322000043, 23.836818931000039 ], [ 90.150383928000053, 23.837901817000045 ], [ 90.150231699000074, 23.838393315000076 ], [ 90.150148381000065, 23.838588106000032 ], [ 90.150216783000076, 23.838693819000071 ], [ 90.150333880000062, 23.838851436000027 ], [ 90.150466516000051, 23.838966020000043 ], [ 90.150677345000076, 23.839295615000026 ], [ 90.150716756000065, 23.83967556500005 ], [ 90.150865214000078, 23.839990881000062 ], [ 90.151052546000074, 23.840220124000041 ], [ 90.151068508000037, 23.840542740000046 ], [ 90.150959610000086, 23.840736425000046 ], [ 90.150772685000049, 23.840858491000063 ], [ 90.150538999000048, 23.840987772000062 ], [ 90.150383292000072, 23.841145654000059 ], [ 90.150328912000077, 23.841303439000058 ], [ 90.150276331000043, 23.841453242000057 ], [ 90.150133392000043, 23.84186046700006 ], [ 90.150094601000035, 23.842018235000069 ], [ 90.149985791000063, 23.842290785000046 ], [ 90.149806821000084, 23.842556234000028 ], [ 90.149448739000036, 23.842965248000041 ], [ 90.149059411000053, 23.843316935000075 ], [ 90.148864593000042, 23.843534608000027 ], [ 90.14873990600006, 23.843733884000073 ], [ 90.148516781000069, 23.844016103000058 ], [ 90.14729740000007, 23.845594581000057 ], [ 90.146613607000063, 23.846545859000059 ], [ 90.146602211000072, 23.846561713000028 ], [ 90.146314068000038, 23.846488919000024 ], [ 90.146119225000064, 23.846513002000052 ], [ 90.145963409000046, 23.846584845000052 ], [ 90.14569047100008, 23.846477561000029 ], [ 90.145665697000084, 23.84648214200007 ], [ 90.145560584000066, 23.84650158200003 ], [ 90.145313988000055, 23.846716901000036 ], [ 90.144924791000051, 23.847207189000073 ], [ 90.144652157000053, 23.847374736000063 ], [ 90.144392474000085, 23.847506422000038 ], [ 90.144224115000043, 23.847984551000025 ], [ 90.144133439000086, 23.848223622000035 ], [ 90.143108250000068, 23.849264167000058 ], [ 90.141680718000032, 23.850687452000045 ], [ 90.140940976000081, 23.851417037000033 ], [ 90.140811226000039, 23.851572497000063 ], [ 90.140786268000056, 23.852079467000067 ], [ 90.140756557000032, 23.852679848000037 ], [ 90.140663675000042, 23.853291737000063 ], [ 90.140580939000074, 23.85367418900006 ], [ 90.140269572000079, 23.854085528000041 ], [ 90.13996856600005, 23.854468179000037 ], [ 90.139542597000059, 23.854631076000032 ], [ 90.139272443000038, 23.854707796000071 ], [ 90.138731856000049, 23.854603130000044 ], [ 90.138452581000081, 23.854590496000071 ], [ 90.138182921000066, 23.854969131000075 ], [ 90.136992980000059, 23.856639910000069 ], [ 90.136794399000053, 23.856917832000079 ], [ 90.136391385000081, 23.857382277000056 ], [ 90.135411917000056, 23.858511021000027 ], [ 90.13532792500007, 23.858608192000077 ], [ 90.134166922000077, 23.86012665800007 ], [ 90.134146482000062, 23.860168700000031 ], [ 90.133808197000064, 23.860864500000048 ], [ 90.132579828000075, 23.863391001000025 ], [ 90.131900865000034, 23.86424063100003 ], [ 90.130929463000086, 23.864855664000061 ], [ 90.129828563000046, 23.865195314000061 ], [ 90.128666215000067, 23.865476296000054 ], [ 90.127687601000048, 23.865646468000023 ], [ 90.127381817000071, 23.865872531000036 ], [ 90.127260212000067, 23.866434901000048 ], [ 90.127260927000066, 23.867166527000052 ], [ 90.12728321000003, 23.867670067000063 ], [ 90.127323381000053, 23.868573276000063 ], [ 90.127079250000065, 23.869079293000027 ], [ 90.126960280000048, 23.869201328000031 ], [ 90.126529160000075, 23.869642015000068 ], [ 90.125861605000068, 23.869988053000043 ], [ 90.124572200000046, 23.87065749900006 ], [ 90.12308599000005, 23.871792639000034 ], [ 90.122065403000079, 23.872572124000044 ], [ 90.120630316000074, 23.873613993000049 ], [ 90.120047697000075, 23.874036964000027 ], [ 90.118946855000047, 23.875162922000072 ], [ 90.118397258000073, 23.87572504700006 ], [ 90.117725037000071, 23.876739452000038 ], [ 90.117665616000068, 23.87687949900004 ], [ 90.11702693400008, 23.878394478000075 ], [ 90.117007741000066, 23.878440003000037 ], [ 90.116870464000044, 23.878765623000049 ], [ 90.116767301000039, 23.878857004000054 ], [ 90.116462230000081, 23.879127229000062 ], [ 90.115365358000076, 23.880098993000047 ], [ 90.114732653000033, 23.88065952200003 ], [ 90.114234342000032, 23.881538031000048 ], [ 90.114088112000047, 23.881795828000065 ], [ 90.11403299300008, 23.881982076000043 ], [ 90.113559025000086, 23.883583599000076 ], [ 90.113495885000077, 23.883796946000075 ], [ 90.113254444000063, 23.884666493000054 ], [ 90.112936191000074, 23.885811586000045 ], [ 90.11258074300008, 23.886907027000063 ], [ 90.11254888600007, 23.886986083000068 ], [ 90.111605114000042, 23.889337454000042 ], [ 90.110502515000064, 23.89077958200005 ], [ 90.110182314000042, 23.891198377000023 ], [ 90.110031432000085, 23.891395716000034 ], [ 90.10935685000004, 23.892504451000036 ], [ 90.108945584000082, 23.893180391000044 ], [ 90.108882850000043, 23.893417535000026 ], [ 90.108668323000074, 23.894223828000065 ], [ 90.108647197000039, 23.894659657000034 ], [ 90.108731528000078, 23.894917021000026 ], [ 90.108886813000083, 23.895009703000028 ], [ 90.109105634000059, 23.89514030600003 ], [ 90.108840042000054, 23.895456629000023 ], [ 90.108458658000075, 23.89570980700006 ], [ 90.107890380000072, 23.896044406000044 ], [ 90.105137490000061, 23.897116652000022 ], [ 90.104695156000048, 23.897561798000027 ], [ 90.104464785000062, 23.897792281000022 ], [ 90.104342606000046, 23.898185272000035 ], [ 90.103914743000075, 23.898691377000034 ], [ 90.103792878000036, 23.899479535000069 ], [ 90.103487594000057, 23.900098460000038 ], [ 90.103181689000053, 23.900324476000037 ], [ 90.102347457000064, 23.900343357000054 ], [ 90.100611475000051, 23.90038263200006 ], [ 90.099265294000077, 23.900439955000024 ], [ 90.099249587000031, 23.90051961000006 ], [ 90.099143271000059, 23.901058755000065 ], [ 90.09914370000007, 23.901621022000029 ], [ 90.098899312000071, 23.902014089000033 ], [ 90.098470725000084, 23.902014364000024 ], [ 90.09779792900008, 23.902240603000052 ], [ 90.097462507000046, 23.902367517000073 ], [ 90.09675776000006, 23.902634171000045 ], [ 90.093330951000041, 23.903144359000066 ], [ 90.093347406000078, 23.903397255000073 ], [ 90.09339304100007, 23.904099497000061 ], [ 90.093485908000048, 23.904750621000062 ], [ 90.093577569000047, 23.905393276000041 ], [ 90.09351567300007, 23.905564929000036 ], [ 90.093394336000074, 23.905901458000073 ], [ 90.092599023000048, 23.906577112000036 ], [ 90.09143696600006, 23.907476530000054 ], [ 90.091395515000045, 23.907528972000023 ], [ 90.090947697000047, 23.908095539000044 ], [ 90.089863248000086, 23.909271652000029 ], [ 90.088195707000068, 23.911080087000073 ], [ 90.087393650000081, 23.911857330000032 ], [ 90.087089697000067, 23.911858755000026 ], [ 90.086846208000054, 23.911859897000056 ], [ 90.086118875000068, 23.911905468000043 ], [ 90.084923934000074, 23.911958070000026 ], [ 90.083785226000032, 23.912082889000033 ], [ 90.083719832000043, 23.912089699000035 ], [ 90.083712176000063, 23.912123574000077 ], [ 90.083304501000043, 23.91222766900006 ], [ 90.08295879700006, 23.912252695000063 ], [ 90.082641663000061, 23.912307062000025 ], [ 90.082411099000069, 23.912334281000028 ], [ 90.082036565000067, 23.912413514000036 ], [ 90.081863737000049, 23.912465543000053 ], [ 90.081719464000059, 23.912519815000053 ], [ 90.081546595000077, 23.91250635800003 ], [ 90.081330417000061, 23.912465827000062 ], [ 90.081099727000037, 23.912294333000034 ], [ 90.080941204000055, 23.912147639000068 ], [ 90.080825959000038, 23.911976085000049 ], [ 90.080664626000043, 23.911745844000052 ], [ 90.080639939000037, 23.911680071000035 ], [ 90.080501935000086, 23.911312374000033 ], [ 90.080151013000034, 23.909629539000036 ], [ 90.080079130000058, 23.909284825000043 ], [ 90.080038928000079, 23.909141513000066 ], [ 90.079829584000038, 23.908395263000045 ], [ 90.079527518000077, 23.907848800000068 ], [ 90.079224382000064, 23.907300399000064 ], [ 90.078780148000078, 23.906839975000025 ], [ 90.078067584000053, 23.906379689000062 ], [ 90.07801230900003, 23.906361650000065 ], [ 90.077251352000076, 23.906100096000046 ], [ 90.075653345000035, 23.905628946000036 ], [ 90.074584236000078, 23.905507533000048 ], [ 90.074008872000036, 23.905491772000062 ], [ 90.073450090000051, 23.90547646300007 ], [ 90.072308693000082, 23.905653136000069 ], [ 90.070991412000069, 23.905906658000049 ], [ 90.06987134600007, 23.906372339000029 ], [ 90.069786366000073, 23.906425524000042 ], [ 90.069704413000068, 23.90647681300004 ], [ 90.06950357900007, 23.906602501000066 ], [ 90.069032917000072, 23.906897057000037 ], [ 90.068936162000057, 23.906957609000074 ], [ 90.06814071000008, 23.907619585000077 ], [ 90.067115731000058, 23.908550373000026 ], [ 90.066213233000042, 23.909467552000024 ], [ 90.06602362700005, 23.909740864000071 ], [ 90.065934122000044, 23.909870380000029 ], [ 90.065911350000079, 23.909903332000056 ], [ 90.065911326000048, 23.909903366000037 ], [ 90.065910984000084, 23.909903861000032 ], [ 90.065540848000069, 23.910439451000059 ], [ 90.065508502000057, 23.910486255000023 ], [ 90.065490801000067, 23.910517631000062 ], [ 90.064624111000057, 23.912053749000052 ], [ 90.064209430000062, 23.912775729000032 ], [ 90.064102602000048, 23.912961722000034 ], [ 90.064090043000078, 23.913022697000031 ], [ 90.063916600000084, 23.913713747000031 ], [ 90.063905703000046, 23.913781508000056 ], [ 90.063885400000061, 23.913907752000057 ], [ 90.063852318000045, 23.914113455000063 ], [ 90.06384466600008, 23.914161059000037 ], [ 90.063836708000053, 23.914210560000072 ], [ 90.063464116000034, 23.915784607000035 ], [ 90.06347558300007, 23.916629130000047 ], [ 90.064019393000081, 23.917317624000077 ], [ 90.064749451000068, 23.917737325000076 ], [ 90.065696661000061, 23.918281124000032 ], [ 90.067476252000063, 23.919334883000033 ], [ 90.068486139000072, 23.919907992000049 ], [ 90.070438132000049, 23.921146805000035 ], [ 90.071677230000034, 23.921934307000072 ], [ 90.07364360400004, 23.922972099000049 ], [ 90.073920792000081, 23.923124982000047 ], [ 90.074932129000047, 23.923682776000078 ], [ 90.075371917000041, 23.924341925000078 ], [ 90.075541324000085, 23.924815132000049 ], [ 90.075580445000071, 23.924924410000074 ], [ 90.075693234000084, 23.925613073000022 ], [ 90.07571211700008, 23.926351179000051 ], [ 90.07571899900006, 23.926620170000035 ], [ 90.075649731000055, 23.926970187000052 ], [ 90.075624700000049, 23.92709667400004 ], [ 90.075293655000053, 23.92758684100005 ], [ 90.074840511000048, 23.927745130000062 ], [ 90.074545114000045, 23.927756564000049 ], [ 90.073844712000039, 23.927557027000034 ], [ 90.073033773000077, 23.927325995000047 ], [ 90.071319820000042, 23.926414529000056 ], [ 90.07082474300006, 23.926263466000023 ], [ 90.069565536000084, 23.925837261000027 ], [ 90.068960245000085, 23.925717855000073 ], [ 90.068268375000059, 23.925625583000055 ], [ 90.06779270800007, 23.925587407000023 ], [ 90.067317041000081, 23.925546968000049 ], [ 90.066939382000044, 23.925605845000064 ], [ 90.066541782000058, 23.92571214700007 ], [ 90.066428227000074, 23.925742287000048 ], [ 90.066090148000058, 23.92583202000003 ], [ 90.065533008000045, 23.926200329000039 ], [ 90.064957846000084, 23.927082584000061 ], [ 90.064902774000075, 23.927167059000055 ], [ 90.064237579000064, 23.928188908000038 ], [ 90.063312435000057, 23.929610051000054 ], [ 90.063263163000045, 23.929685737000057 ], [ 90.062739840000063, 23.930489611000041 ], [ 90.06286675900003, 23.930683756000064 ], [ 90.062976442000036, 23.930736093000064 ], [ 90.06333485600004, 23.930907114000036 ], [ 90.064044294000041, 23.931082952000054 ], [ 90.064836490000062, 23.931561334000037 ], [ 90.065818339000032, 23.932385121000038 ], [ 90.066441868000084, 23.933176825000032 ], [ 90.067203269000061, 23.934143573000028 ], [ 90.067251704000057, 23.935161950000065 ], [ 90.067090774000064, 23.935731059000034 ], [ 90.067019692000031, 23.937232721000044 ], [ 90.067101869000055, 23.93818334100007 ], [ 90.067146669000067, 23.938704940000036 ], [ 90.067430786000045, 23.939987409000025 ], [ 90.067513118000079, 23.940635445000055 ], [ 90.067517605000035, 23.94099447800005 ], [ 90.067526713000063, 23.941380607000042 ], [ 90.067441379000059, 23.942645175000052 ], [ 90.067281940000044, 23.943731384000046 ], [ 90.066477672000076, 23.945630786000038 ], [ 90.066471783000054, 23.945641627000043 ], [ 90.066467854000052, 23.945648856000048 ], [ 90.066436251000084, 23.945705322000038 ], [ 90.066228606000038, 23.946236063000072 ], [ 90.065533907000031, 23.947447559000068 ], [ 90.065500244000077, 23.947506262000047 ], [ 90.065483891000042, 23.947534781000059 ], [ 90.064069506000067, 23.948565064000036 ], [ 90.063849975000039, 23.948687092000057 ], [ 90.063497837000057, 23.948953693000078 ], [ 90.063271283000063, 23.949161529000037 ], [ 90.063057362000052, 23.949452912000027 ], [ 90.062888551000071, 23.949674272000038 ], [ 90.062793404000047, 23.949798507000025 ], [ 90.062692746000039, 23.949961128000041 ], [ 90.062532501000078, 23.950114745000064 ], [ 90.062403568000036, 23.950238992000038 ], [ 90.062265154000045, 23.950446793000026 ], [ 90.062164501000041, 23.950620706000052 ], [ 90.06215198700005, 23.950783293000029 ], [ 90.062152082000068, 23.95097974600003 ], [ 90.062177330000054, 23.95111748000005 ], [ 90.062240692000046, 23.951311649000047 ], [ 90.062252996000041, 23.951350031000061 ], [ 90.062353834000078, 23.951557733000072 ], [ 90.062505074000057, 23.95183541800003 ], [ 90.06265601900003, 23.952135681000073 ], [ 90.062743147000049, 23.952324886000042 ], [ 90.06275686400005, 23.952354674000048 ], [ 90.062933256000065, 23.952562346000036 ], [ 90.063084126000035, 23.952702285000044 ], [ 90.063310854000065, 23.952839935000043 ], [ 90.063537280000048, 23.952979841000058 ], [ 90.063738814000033, 23.953094920000069 ], [ 90.063978138000039, 23.953232565000064 ], [ 90.064280133000068, 23.953406311000037 ], [ 90.064625724000052, 23.953537136000023 ], [ 90.065438436000079, 23.953618083000038 ], [ 90.06665612900008, 23.953443685000025 ], [ 90.067416224000056, 23.953334966000057 ], [ 90.068588580000039, 23.95339767300004 ], [ 90.06969283400008, 23.953638965000039 ], [ 90.069991111000036, 23.95370414000007 ], [ 90.070928341000069, 23.954008551000072 ], [ 90.071343077000051, 23.954200296000067 ], [ 90.071510813000032, 23.954276993000065 ], [ 90.07244939800006, 23.954793653000024 ], [ 90.073340892000033, 23.955569285000024 ], [ 90.073448080000048, 23.955662543000074 ], [ 90.073786802000086, 23.956109479000077 ], [ 90.074023774000068, 23.956409692000022 ], [ 90.074169153000071, 23.956588011000065 ], [ 90.074513549000073, 23.956745909000063 ], [ 90.074778102000039, 23.956928685000037 ], [ 90.074838104000037, 23.957118335000075 ], [ 90.074875186000043, 23.957511224000029 ], [ 90.07481804400004, 23.958017063000057 ], [ 90.074817422000081, 23.958298134000074 ], [ 90.074816824000038, 23.958568035000042 ], [ 90.074796560000038, 23.959114501000045 ], [ 90.074663333000046, 23.959773924000046 ], [ 90.074655676000077, 23.959812318000047 ], [ 90.074649932000057, 23.959948310000073 ], [ 90.074640223000074, 23.960178134000046 ], [ 90.074558687000035, 23.960464951000063 ], [ 90.074549492000074, 23.960496567000064 ], [ 90.073995301000082, 23.960542120000071 ], [ 90.073510400000032, 23.960581976000071 ], [ 90.073416470000041, 23.960589696000056 ], [ 90.073118584000042, 23.960568400000056 ], [ 90.072412359000054, 23.960517912000057 ], [ 90.071627038000031, 23.960066665000056 ], [ 90.070402612000066, 23.959256579000055 ], [ 90.070271722000086, 23.959170831000051 ], [ 90.068517935000045, 23.958622911000077 ], [ 90.067981064000037, 23.958539770000073 ], [ 90.067689193000035, 23.958494569000038 ], [ 90.066484186000082, 23.958337029000063 ], [ 90.063483038000072, 23.958243460000062 ], [ 90.062270825000041, 23.958417828000051 ], [ 90.061992614000076, 23.958546652000052 ], [ 90.060750788000064, 23.959116184000038 ], [ 90.059942617000047, 23.959624571000063 ], [ 90.058849311000074, 23.960059449000028 ], [ 90.057872430000032, 23.960280208000029 ], [ 90.056943361000037, 23.96040701000004 ], [ 90.056881937000071, 23.960416065000061 ], [ 90.056472204000045, 23.960317425000028 ], [ 90.056113984000035, 23.960231185000055 ], [ 90.054432716000065, 23.959651462000068 ], [ 90.053573254000071, 23.959522279000055 ], [ 90.052319417000035, 23.959333808000054 ], [ 90.050545538000051, 23.959054398000035 ], [ 90.050253424000061, 23.95900933300004 ], [ 90.049114589000055, 23.959369866000031 ], [ 90.048047152000038, 23.95970778700007 ], [ 90.046336770000039, 23.960907354000028 ], [ 90.045751023000037, 23.961749797000039 ], [ 90.045622193000042, 23.962239838000073 ], [ 90.04555607900005, 23.962903734000065 ], [ 90.045439159000068, 23.964077971000052 ], [ 90.045414787000084, 23.964649273000077 ], [ 90.045402296000077, 23.964942828000062 ], [ 90.045276935000061, 23.965587433000053 ], [ 90.045136158000048, 23.966311304000044 ], [ 90.044943015000058, 23.967582287000027 ], [ 90.044924085000048, 23.967706860000078 ], [ 90.044695383000033, 23.968402409000078 ], [ 90.044604046000075, 23.968680187000075 ], [ 90.044098848000033, 23.969026646000032 ], [ 90.043869469000072, 23.969183951000048 ], [ 90.043531465000058, 23.969291253000051 ], [ 90.042958193000061, 23.969473242000049 ], [ 90.041946247000055, 23.969621864000032 ], [ 90.041833695000037, 23.969638394000071 ], [ 90.041395690000058, 23.969701738000026 ], [ 90.040950787000043, 23.969735334000063 ], [ 90.040027879000036, 23.96980502100007 ], [ 90.039411679000068, 23.969851546000029 ], [ 90.038994897000066, 23.969883013000072 ], [ 90.038915234000058, 23.969963105000033 ], [ 90.038440004000051, 23.970440899000039 ], [ 90.038173622000045, 23.971267424000075 ], [ 90.038150380000047, 23.971621946000027 ], [ 90.038123468000038, 23.972030666000023 ], [ 90.038230774000056, 23.972369351000054 ], [ 90.039330240000083, 23.972633269000028 ], [ 90.039559113000053, 23.972709985000051 ], [ 90.040661361000048, 23.973010020000061 ], [ 90.041537508000033, 23.973237852000068 ], [ 90.042254215000071, 23.973418305000052 ], [ 90.04283791000006, 23.973580724000044 ], [ 90.043094524000082, 23.973935171000051 ], [ 90.04309893900006, 23.974273880000055 ], [ 90.042771591000076, 23.974603652000042 ], [ 90.041276351000079, 23.975006336000035 ], [ 90.041150415000061, 23.975040253000031 ], [ 90.04063132400006, 23.975180044000069 ], [ 90.039922459000081, 23.975557329000026 ], [ 90.039755686000035, 23.975645436000036 ], [ 90.039304388000062, 23.976675812000053 ], [ 90.038944613000069, 23.977497220000032 ], [ 90.038777396000057, 23.977878988000043 ], [ 90.038517452000065, 23.978472458000056 ], [ 90.038502716000039, 23.978506100000061 ], [ 90.038420334000079, 23.978694183000073 ], [ 90.038381982000033, 23.978847527000028 ], [ 90.037937992000082, 23.980622701000073 ], [ 90.037931796000066, 23.980655672000069 ], [ 90.037926964000064, 23.981778839000071 ], [ 90.037948996000068, 23.982530773000065 ], [ 90.037993362000066, 23.982966573000056 ], [ 90.038219229000049, 23.983214904000079 ], [ 90.038386076000052, 23.983334541000033 ], [ 90.038462517000085, 23.983390176000057 ], [ 90.038485323000032, 23.983406774000059 ], [ 90.038898879000044, 23.983607638000024 ], [ 90.04050391700008, 23.984262065000053 ], [ 90.040621697000063, 23.984318209000037 ], [ 90.041384503000074, 23.984681833000025 ], [ 90.042470033000086, 23.985200894000059 ], [ 90.042789741000036, 23.985844357000076 ], [ 90.043528620000075, 23.986878348000062 ], [ 90.044159536000052, 23.987494621000053 ], [ 90.044855802000086, 23.987846678000039 ], [ 90.04605403100004, 23.988115035000078 ], [ 90.047803973000043, 23.988243210000064 ], [ 90.048629817000062, 23.988380695000046 ], [ 90.04946863400005, 23.988687524000056 ], [ 90.04964569100008, 23.988791763000052 ], [ 90.050154802000066, 23.989091494000036 ], [ 90.050650827000084, 23.989540691000059 ], [ 90.051106582000045, 23.989922152000076 ], [ 90.051546352000059, 23.99027426400005 ], [ 90.051593204000085, 23.990347302000032 ], [ 90.051731722000056, 23.99056323700006 ], [ 90.051738692000072, 23.990573950000055 ], [ 90.051784596000061, 23.990644510000038 ], [ 90.051809992000074, 23.99115934200006 ], [ 90.051896459000034, 23.991495765000025 ], [ 90.052193799000065, 23.992132441000024 ], [ 90.052381431000072, 23.992690120000077 ], [ 90.052405116000045, 23.992760114000077 ], [ 90.052478915000052, 23.992920411000057 ], [ 90.052567167000063, 23.993116833000045 ], [ 90.052680670000086, 23.993450990000042 ], [ 90.05276894900004, 23.993706121000059 ], [ 90.052895035000063, 23.994006402000025 ], [ 90.053033416000062, 23.994317967000029 ], [ 90.053197302000058, 23.994643074000066 ], [ 90.053400501000056, 23.994934294000075 ], [ 90.054145930000061, 23.996105416000034 ], [ 90.054165887000067, 23.996136768000042 ], [ 90.054176462000044, 23.996153383000035 ], [ 90.054713764000041, 23.996762870000055 ], [ 90.05533207700006, 23.997130714000036 ], [ 90.056430369000054, 23.997656446000065 ], [ 90.057354271000065, 23.997744167000064 ], [ 90.057584126000052, 23.997838921000039 ], [ 90.057765208000035, 23.99810756200003 ], [ 90.057849876000034, 23.998502693000034 ], [ 90.057592725000063, 23.999209567000037 ], [ 90.057244749000063, 24.000064459000043 ], [ 90.05720571300003, 24.000160359000063 ], [ 90.056777259000057, 24.000501487000065 ], [ 90.055968360000065, 24.000675656000055 ], [ 90.055307499000037, 24.000723316000062 ], [ 90.055256232000033, 24.000717429000076 ], [ 90.054817420000063, 24.000667039000064 ], [ 90.054702425000073, 24.000637460000064 ], [ 90.053958273000035, 24.000446053000076 ], [ 90.053776597000081, 24.000369297000077 ], [ 90.052489703000049, 23.999825592000036 ], [ 90.051081014000033, 23.999094454000044 ], [ 90.049000801000034, 23.99801291700004 ], [ 90.047834394000063, 23.997406462000072 ], [ 90.046609261000071, 23.996901032000039 ], [ 90.045874354000034, 23.996901254000022 ], [ 90.045685732000038, 23.996960020000074 ], [ 90.045323232000044, 23.997070772000029 ], [ 90.04446617800005, 23.997463929000048 ], [ 90.044159980000074, 23.997802727000078 ], [ 90.044114520000051, 23.997938704000035 ], [ 90.043915358000049, 23.998534414000062 ], [ 90.043915568000045, 23.999153127000056 ], [ 90.043915932000061, 24.000221191000037 ], [ 90.044160882000085, 24.000446931000056 ], [ 90.044651071000033, 24.000839691000067 ], [ 90.044905590000042, 24.001189620000048 ], [ 90.045018713000047, 24.001345394000055 ], [ 90.045080067000072, 24.001964087000033 ], [ 90.04501920000007, 24.002752171000054 ], [ 90.044651985000087, 24.003483893000066 ], [ 90.044419120000043, 24.003578800000071 ], [ 90.044100852000042, 24.003709859000026 ], [ 90.043427163000047, 24.004046506000066 ], [ 90.042753490000052, 24.004441856000028 ], [ 90.042325017000053, 24.004891330000078 ], [ 90.041957596000032, 24.005060787000048 ], [ 90.041193706000058, 24.005060994000075 ], [ 90.041161500000044, 24.005061003000037 ], [ 90.039691592000054, 24.005061391000027 ], [ 90.03895675800004, 24.005454483000051 ], [ 90.038527929000054, 24.00579330100004 ], [ 90.037476215000083, 24.005881628000054 ], [ 90.036506843000041, 24.005963152000049 ], [ 90.032097162000071, 24.006244139000046 ], [ 90.031630770000049, 24.006175453000026 ], [ 90.030566043000078, 24.006018643000061 ], [ 90.030504807000057, 24.00562575400005 ], [ 90.030627001000084, 24.005232826000054 ], [ 90.030688278000071, 24.004501197000025 ], [ 90.030626693000045, 24.00393894900003 ], [ 90.028472004000037, 24.003888440000026 ], [ 90.028328569000053, 24.003885077000064 ], [ 90.028238105000071, 24.003882956000041 ], [ 90.028219453000077, 24.003885205000074 ], [ 90.02797601900005, 24.003914570000063 ], [ 90.027319444000057, 24.003993768000043 ], [ 90.025913623000065, 24.004820467000059 ], [ 90.025788586000033, 24.004895006000027 ], [ 90.025972403000083, 24.005290136000042 ], [ 90.024637926000082, 24.006548101000078 ], [ 90.023390394000046, 24.007900881000069 ], [ 90.023424135000084, 24.009282814000073 ], [ 90.023697348000042, 24.009758302000023 ], [ 90.023870427000077, 24.010059521000073 ], [ 90.023945621000053, 24.010226587000034 ], [ 90.024065800000074, 24.010493602000054 ], [ 90.024192577000065, 24.01077527800004 ], [ 90.024404507000042, 24.011956215000055 ], [ 90.024495109000043, 24.013344913000026 ], [ 90.02414675700004, 24.013875612000049 ], [ 90.023308007000082, 24.014492195000059 ], [ 90.02319602700004, 24.015474472000051 ], [ 90.023196769000037, 24.016188021000062 ], [ 90.022358894000035, 24.016664596000055 ], [ 90.021101495000039, 24.016667033000033 ], [ 90.020346720000077, 24.016091329000062 ], [ 90.020193060000054, 24.015973931000076 ], [ 90.02026240500004, 24.015328113000066 ], [ 90.020457113000077, 24.014820019000069 ], [ 90.020680007000067, 24.014238369000054 ], [ 90.020750468000074, 24.014054498000064 ], [ 90.020749739000053, 24.013056229000028 ], [ 90.020749714000033, 24.013022299000056 ], [ 90.020749283000043, 24.012430947000041 ], [ 90.020678394000072, 24.011064826000052 ], [ 90.020613926000067, 24.011001892000024 ], [ 90.020117991000063, 24.010517754000034 ], [ 90.020049318000076, 24.010450713000068 ], [ 90.020034736000071, 24.010452129000043 ], [ 90.019975442000032, 24.010457883000072 ], [ 90.018977584000083, 24.010554721000062 ], [ 90.018722248000074, 24.010579592000056 ], [ 90.01802452000004, 24.011128387000042 ], [ 90.016837341000041, 24.011977556000033 ], [ 90.01662749500008, 24.012318382000046 ], [ 90.016488355000035, 24.012544369000068 ], [ 90.016279156000053, 24.012986973000068 ], [ 90.016210152000042, 24.013023821000047 ], [ 90.015720876000046, 24.013285094000025 ], [ 90.015313324000033, 24.013348829000051 ], [ 90.014463839000086, 24.013481670000033 ], [ 90.013136399000075, 24.013350822000064 ], [ 90.012647190000052, 24.013066346000073 ], [ 90.012646486000051, 24.012156343000072 ], [ 90.012645920000068, 24.011250157000063 ], [ 90.012645879000047, 24.011184513000046 ], [ 90.012645758000076, 24.010991182000055 ], [ 90.012854572000037, 24.009701806000066 ], [ 90.013327292000042, 24.008846063000078 ], [ 90.01349325700005, 24.008545621000053 ], [ 90.013540830000068, 24.008026261000055 ], [ 90.013093132000051, 24.007852428000035 ], [ 90.012524088000077, 24.007911186000058 ], [ 90.012126502000058, 24.008026379000057 ], [ 90.011531352000077, 24.008200296000041 ], [ 90.010691330000043, 24.00860681000006 ], [ 90.009988356000065, 24.009187182000062 ], [ 90.009513679000065, 24.009826245000056 ], [ 90.008994116000054, 24.010174021000068 ], [ 90.008779975000039, 24.01052177400004 ], [ 90.008773452000071, 24.010533490000057 ], [ 90.008509307000054, 24.011007967000069 ], [ 90.008396551000033, 24.011210506000054 ], [ 90.008515783000064, 24.011402436000026 ], [ 90.008466626000086, 24.011492760000067 ], [ 90.008613825000054, 24.011763721000023 ], [ 90.008515515000056, 24.011991790000025 ], [ 90.008318565000081, 24.012172448000058 ], [ 90.008047256000054, 24.012208033000036 ], [ 90.00797411800005, 24.012217626000051 ], [ 90.007875499000079, 24.01248860000004 ], [ 90.007907215000046, 24.012635145000047 ], [ 90.007924369000079, 24.012714405000054 ], [ 90.007874934000085, 24.013303763000067 ], [ 90.007578774000081, 24.014207006000049 ], [ 90.00718517200005, 24.014568315000076 ], [ 90.006348471000081, 24.014886740000065 ], [ 90.00625044800006, 24.014841582000031 ], [ 90.005807666000067, 24.014977083000076 ], [ 90.005561534000037, 24.014931932000025 ], [ 90.005266551000034, 24.015022265000027 ], [ 90.004902261000041, 24.015356347000022 ], [ 90.004724837000083, 24.015519058000052 ], [ 90.004626213000051, 24.015880351000078 ], [ 90.004658438000035, 24.016149836000068 ], [ 90.004675086000077, 24.01628905900003 ], [ 90.004625923000049, 24.016334221000022 ], [ 90.004821984000046, 24.01678583000006 ], [ 90.005067824000037, 24.017101952000075 ], [ 90.005018356000051, 24.017237438000052 ], [ 90.005264191000037, 24.017465494000078 ], [ 90.005411688000038, 24.017465488000028 ], [ 90.005804479000062, 24.017712413000027 ], [ 90.006345554000063, 24.018052551000039 ], [ 90.006640860000061, 24.018097699000066 ], [ 90.00673888700004, 24.018188017000057 ], [ 90.008017814000084, 24.018233118000069 ], [ 90.008312815000068, 24.018323423000027 ], [ 90.008607807000033, 24.018278246000023 ], [ 90.009148945000049, 24.018368538000061 ], [ 90.009345604000032, 24.018323364000025 ], [ 90.009554438000066, 24.018375667000043 ], [ 90.009555787000068, 24.018376004000061 ], [ 90.009670755000059, 24.018404798000063 ], [ 90.009886440000059, 24.018458815000031 ], [ 90.010181737000039, 24.018413634000069 ], [ 90.010280366000075, 24.018278143000032 ], [ 90.010231472000044, 24.017824275000066 ], [ 90.010477599000069, 24.017733935000024 ], [ 90.011313418000043, 24.017779039000061 ], [ 90.011657877000061, 24.017688688000078 ], [ 90.011952878000045, 24.017778990000068 ], [ 90.01283816800003, 24.017778917000044 ], [ 90.013379310000062, 24.017914354000027 ], [ 90.013772353000036, 24.018140127000038 ], [ 90.01436209600007, 24.018684267000026 ], [ 90.014362105000032, 24.018774590000078 ], [ 90.014755181000055, 24.019271326000023 ], [ 90.014803821000044, 24.020041322000054 ], [ 90.01480407400004, 24.020042136000029 ], [ 90.01490188300005, 24.020357443000023 ], [ 90.014802988000042, 24.020809065000037 ], [ 90.014852159000043, 24.020854223000072 ], [ 90.015098020000039, 24.021080005000044 ], [ 90.015146901000037, 24.021260645000041 ], [ 90.015392464000058, 24.02157900800006 ], [ 90.015933632000042, 24.021759597000027 ], [ 90.016375882000034, 24.022166003000052 ], [ 90.016621462000046, 24.022572427000057 ], [ 90.016621185000076, 24.022798236000028 ], [ 90.016719538000075, 24.022935965000045 ], [ 90.016719264000074, 24.02320693300004 ], [ 90.016747852000037, 24.023272415000065 ], [ 90.016801048000048, 24.023395170000072 ], [ 90.016817323000055, 24.023432730000025 ], [ 90.016718449000052, 24.024019837000026 ], [ 90.01662153400008, 24.024197923000031 ], [ 90.016620136000085, 24.024200492000034 ], [ 90.01662037400007, 24.024201824000045 ], [ 90.016669031000049, 24.024473715000056 ], [ 90.016597501000035, 24.024571982000055 ], [ 90.016570405000039, 24.024609207000026 ], [ 90.016570133000073, 24.024880177000057 ], [ 90.016422383000076, 24.025376967000057 ], [ 90.016372408000052, 24.026282455000057 ], [ 90.016568527000061, 24.026734046000058 ], [ 90.017207501000087, 24.027366235000045 ], [ 90.017207518000077, 24.027503976000048 ], [ 90.017374939000035, 24.027811909000036 ], [ 90.017403938000086, 24.027865245000044 ], [ 90.01740340200007, 24.028452341000047 ], [ 90.01720617400008, 24.028951396000025 ], [ 90.017139212000075, 24.02901668100003 ], [ 90.01643640900005, 24.029701891000059 ], [ 90.016418632000068, 24.029719223000029 ], [ 90.016270559000077, 24.030125691000023 ], [ 90.016220848000046, 24.030715051000072 ], [ 90.016236226000046, 24.030828651000036 ], [ 90.016254325000034, 24.030962350000038 ], [ 90.016260462000048, 24.031007684000031 ], [ 90.016269756000042, 24.031076335000023 ], [ 90.016171136000082, 24.03130215300007 ], [ 90.016121419000058, 24.031846349000034 ], [ 90.016023099000051, 24.032027004000042 ], [ 90.016071980000049, 24.032162484000025 ], [ 90.015727233000064, 24.032704456000033 ], [ 90.014693499000032, 24.033519718000036 ], [ 90.014349006000032, 24.033655236000072 ], [ 90.014299829000038, 24.033610078000038 ], [ 90.013955634000069, 24.033655271000043 ], [ 90.013857280000082, 24.033564958000056 ], [ 90.013562250000064, 24.033564984000066 ], [ 90.013168854000071, 24.033339211000055 ], [ 90.012971862000086, 24.033339228000045 ], [ 90.012431260000085, 24.033113468000067 ], [ 90.011840888000052, 24.033023191000041 ], [ 90.011545864000084, 24.033068374000038 ], [ 90.011250519000043, 24.032978074000027 ], [ 90.010217615000045, 24.033023308000054 ], [ 90.009922295000081, 24.033203972000024 ], [ 90.00916707500005, 24.033285594000063 ], [ 90.009086078000053, 24.033294347000037 ], [ 90.008003123000037, 24.034064407000074 ], [ 90.007818116000067, 24.034318917000064 ], [ 90.007806145000075, 24.034335385000077 ], [ 90.007707215000039, 24.034832163000033 ], [ 90.007676599000035, 24.03491099300004 ], [ 90.007460777000063, 24.035466691000067 ], [ 90.007508494000035, 24.036868945000037 ], [ 90.007751635000034, 24.037577962000057 ], [ 90.007802969000068, 24.037726993000035 ], [ 90.008195777000083, 24.038314068000034 ], [ 90.008356624000044, 24.03846300400005 ], [ 90.008490836000078, 24.038587277000033 ], [ 90.008638359000031, 24.038632431000053 ], [ 90.009411395000086, 24.039842704000023 ], [ 90.009460570000044, 24.03986076800004 ], [ 90.009894560000077, 24.040244611000048 ], [ 90.010005835000072, 24.040483957000049 ], [ 90.009973492000086, 24.041116616000068 ], [ 90.009969010000077, 24.041204280000045 ], [ 90.010467278000078, 24.042069083000058 ], [ 90.010848109000051, 24.042452928000046 ], [ 90.010957132000044, 24.042505116000029 ], [ 90.011244293000061, 24.042642575000059 ], [ 90.011480945000073, 24.042633526000031 ], [ 90.012568061000081, 24.043525579000061 ], [ 90.012798944000053, 24.043715032000023 ], [ 90.013499081000077, 24.043710456000042 ], [ 90.014015099000062, 24.04341189400003 ], [ 90.014412456000059, 24.043181986000036 ], [ 90.014789569000072, 24.043177435000075 ], [ 90.01516700500008, 24.043321915000035 ], [ 90.015382784000053, 24.043511569000032 ], [ 90.015276500000084, 24.043992545000037 ], [ 90.015438797000058, 24.044134788000065 ], [ 90.016031369000075, 24.044179888000031 ], [ 90.016354379000063, 24.044080500000064 ], [ 90.016784973000085, 24.04408045200006 ], [ 90.017054540000061, 24.044270100000062 ], [ 90.017323773000044, 24.044220391000067 ], [ 90.017431350000038, 24.044270057000062 ], [ 90.018025847000047, 24.044888696000044 ], [ 90.018188783000085, 24.045175449000055 ], [ 90.018292890000055, 24.045267532000025 ], [ 90.018566565000071, 24.045509598000024 ], [ 90.019051907000062, 24.045746634000068 ], [ 90.019213259000082, 24.045699196000044 ], [ 90.019334908000076, 24.045518002000051 ], [ 90.019373968000082, 24.045459822000055 ], [ 90.019264474000067, 24.044931448000057 ], [ 90.018893579000064, 24.044585 ] ] ] ] } }
]
}
