{
"type": "FeatureCollection",
"name": "municipality",
"crs": { "type": "name", "properties": { "name": "urn:ogc:def:crs:OGC:1.3:CRS84" } },
"features": [
{ "type": "Feature", "properties": { "FEATURE_ID": "DH22_4988", "GEO_CODE": "3026001440", "GEO_CODE_CLEAN": "3026001440", "ADMIN_LEVEL": "municipality", "LEVEL_STANDARD": "municipality", "LEVEL_ORDER": 4, "location_name": "Dhamrai Pourasabha", "PARENT_GEO_CODE": "30260014", "PARENT_LOCATION_NAME": "Dhamrai", "CHILD_COUNT": 0, "HAS_CHILDREN": 0, "ADMIN_PATH": "3026/30260014/3026001440", "CENSUS_DATA_AVAILABLE": 1, "CENSUS_TABLE_COUNT": 18, "CENSUS_COVERAGE_PCT": 100.0, "SDG_DATA_AVAILABLE": 1, "SDG_INDICATOR_COUNT": 22, "NAME_MATCH_STATUS": "CODE_MATCH_NAME_VARIANT", "CENSUS_LOCATION_NAME": "Dhamrai Paurashava", "DIVISION_CODE": "30", "DIVISION_NAME": "Dhaka", "DISTRICT_CODE": "26", "DISTRICT_NAME": "Dhaka", "CITY_CODE": "00", "CITY_NAME": " ", "UPAZILA_CODE": "14", "UPAZILA_NAME": "Dhamrai", "MUNICIPALITY_CODE": "40", "MUNICIPALITY_NAME": "Dhamrai Pourasabha", "UNION_CODE": null, "UNION_NAME": null, "MAUZA_CODE": null, "CENTROID_LAT": 23.910882336416126, "CENTROID_LON": 90.216498606035771, "MAUZA_NAME": null, "VILLAGE_CODE": null, "VILLAGE_NAME": null, "RMO_CODE": null, "location_id": "2089", "source_row_number": 2095.0, "level": "paurashava", "district": 26.0, "city_corporation": null, "upazila_thana": 14.0, "paurashava": 40.0, "union_ward": null, "mauza": null, "village_mahalla": null, "household_except_floating_household_total_c_01": 23387.0, "general_c_01": 21919.0, "institutional_c_01": 25.0, "others_c_01": 1443.0, "population_including_floating_population_total_c_01": 81260.0, "male_c_01": 41561.0, "female_c_01": 39691.0, "hijra_c_01": 8.0, "sex_ratio_c_01": 104.71, "total_c_02": 81260.0, "age_group_in_years_0_4_c_02": 6227.0, "5_9_c_02": 6334.0, "10_14_c_02": 6775.0, "15_19_c_02": 7756.0, "20_24_c_02": 8698.0, "25_29_c_02": 9408.0, "30_34_c_02": 7914.0, "35_39_c_02": 7696.0, "40_44_c_02": 5649.0, "45_49_c_02": 4035.0, "50_54_c_02": 3533.0, "55_59_c_02": 2223.0, "60_64_c_02": 2127.0, "65_69_c_02": 1204.0, "70_74_c_02": 915.0, "75_79_c_02": 319.0, "80_c_02": 447.0, "total_c_03": 81260.0, "muslim_c_03": 71069.0, "hindu_c_03": 9898.0, "christian_c_03": 37.0, "buddhist_c_03": 250.0, "others_c_03": 6.0, "male_population_number_c_04": 35009.0, "total_c_04": 100.0, "never_married_c_04": 32.76, "currently_married_c_04": 65.98, "widowed_widower_c_04": 0.83, "divorced_c_04": 0.21, "separated_c_04": 0.21, "female_population_number_c_04": 33682.0, "total_1_c_04": 100.0, "never_married_1_c_04": 21.32, "currently_married_1_c_04": 68.65, "widowed_widower_1_c_04": 8.49, "divorced_1_c_04": 0.77, "separated_1_c_04": 0.77, "5_years_and_above_total_c_05": 84.87, "male_c_05": 86.76, "female_c_05": 82.9, "7_years_and_above_total_c_05": 85.44, "male_1_c_05": 87.45, "female_1_c_05": 83.34, "15_years_and_above_total_c_05": 83.65, "male_2_c_05": 86.1, "female_2_c_05": 81.1, "population_number_c_06": 75025.0, "field_of_education_total_c_06": 65179.0, "general_c_06": 60398.0, "technical_c_06": 791.0, "religious_c_06": 3406.0, "others_c_06": 584.0, "highest_level_of_education_attained_total_c_06": 65179.0, "attended_school_but_not_completed_play_nursery_kg_pre_primary_class_i_c_06": 406.0, "play_nursery_kg_pre_primary_student_c_06": 1664.0, "student_class_i_c_06": 1024.0, "class_i_v_c_06": 15779.0, "class_vi_ix_c_06": 18410.0, "ssc_dakhil_o_level_equivalent_c_06": 10282.0, "hsc_alim_a_level_equivalent_c_06": 8526.0, "diploma_nursing_midwifery_c_06": 592.0, "graduate_and_above_c_06": 7464.0, "non_formal_informal_education_and_others_c_06": 1032.0, "total_male_c_07": 10129.0, "female_c_07": 9129.0, "5_9_years_male_c_07": 2754.0, "female_1_c_07": 2420.0, "10_14_years_male_c_07": 3012.0, "female_2_c_07": 2985.0, "15_19_years_male_c_07": 2477.0, "female_3_c_07": 2305.0, "20_24_years_male_c_07": 1429.0, "female_4_c_07": 1104.0, "25_29_years_male_c_07": 457.0, "female_5_c_07": 315.0, "population_total_c_08": 75025.0, "male_c_08": 38382.0, "female_c_08": 36643.0, "employed_total_c_08": 34305.0, "male_1_c_08": 25098.0, "female_1_c_08": 9207.0, "household_work_total_c_08": 15247.0, "male_2_c_08": 234.0, "female_2_c_08": 15013.0, "looking_for_work_total_c_08": 727.0, "male_3_c_08": 534.0, "female_3_c_08": 193.0, "do_not_work_total_c_08": 24746.0, "male_4_c_08": 12516.0, "female_4_c_08": 12230.0, "total_c_09": 34305.0, "male_c_09": 25098.0, "female_c_09": 9207.0, "agriculture_total_c_09": 733.0, "male_1_c_09": 676.0, "female_1_c_09": 57.0, "industry_total_c_09": 17334.0, "male_2_c_09": 10654.0, "female_2_c_09": 6680.0, "service_total_c_09": 16238.0, "male_3_c_09": 13768.0, "female_3_c_09": 2470.0, "total_c_10": 23.8, "15_19_years_c_10": 19.11, "20_24_years_c_10": 27.99, "male_total_c_10": 8.74, "15_19_years_1_c_10": 10.22, "20_24_years_1_c_10": 7.37, "female_total_c_10": 36.65, "15_19_years_2_c_10": 26.92, "20_24_years_2_c_10": 45.11, "population_having_mobile_phone_for_own_use_5_years_and_above_total_c_11_": 69.88, "male_c_11_": 76.28, "female_c_11_": 63.17, "15_years_and_above_total_c_11_": 83.6, "male_1_c_11_": 91.51, "female_1_c_11_": 75.39, "internet_user_5_years_and_above_total_c_11_": 47.89, "male_2_c_11_": 55.78, "female_2_c_11_": 39.62, "15_years_and_above_total_1_c_11_": 53.05, "male_3_c_11_": 62.55, "female_3_c_11_": 43.18, "having_account_in_financial_institution_bank_insurance_micro_credit_post_office_etc_total_c_12": 32.53, "male_c_12": 39.17, "female_c_12": 25.63, "having_mobile_banking_account_total_c_12": 47.22, "male_1_c_12": 59.41, "female_1_c_12": 34.54, "ethnic_population_total_c_13": 29.0, "male_c_13": 15.0, "female_c_13": 14.0, "ethnic_population_in_major_groups_garo_c_13": 8.0, "chakma_c_13": 9.0, "marma_c_13": 2.0, "others_c_13": 10.0, "general_household_c_14": 21919.0, "type_of_structure_total_c_14": 100.0, "pucca_c_14": 54.87, "semi_pucca_c_14": 31.89, "kancha_c_14": 13.23, "jhupri_c_14": 0.0, "ownership_status_total_c_14": 100.0, "own_dwelling_unit_c_14": 36.02, "rented_but_having_own_dwelling_unit_elsewhere_c_14": 58.27, "rented_and_having_no_own_dwelling_unit_elsewhere_c_14": 4.9, "rent_free_but_having_own_dwelling_unit_elsewhere_c_14": 0.34, "rent_free_and_having_no_own_dwelling_unit_elsewhere_c_14": 0.47, "general_household_c_15": 21919.0, "source_of_drinking_water_total_c_15": 100.0, "tap_pipe_supply_c_15": 0.0, "tube_well_deep_shallow_c_15": 100.0, "bottled_jar_water_c_15": 0.0, "well_c_15": 0.0, "pond_river_canal_lake_c_15": 0.0, "spring_c_15": 0.0, "rain_water_c_15": 0.0, "others_c_15": 0.0, "general_household_c_16": 21919.0, "toilet_facilities_total_c_16": 100.0, "safe_disposal_with_flushing_pouring_water_c_16": 81.93, "unsafe_disposal_with_flushing_pouring_water_c_16": 12.33, "pit_latrine_with_slab_ventilated_improved_latrine_composting_latrine_c_16": 5.37, "pit_latrine_without_slab_open_pit_c_16": 0.24, "raw_open_hanging_latrine_permanent_temporary_c_16": 0.11, "open_defecation_no_latrine_available_c_16": 0.02, "general_household_c_17": 21919.0, "source_of_cooking_fuel_total_c_17": 100.0, "straw_leaf_bran_husk_c_17": 0.96, "wood_chalk_chopped_wood_c_17": 7.94, "wood_coal_charcoal_dried_dung_c_17": 1.44, "kerosene_paraffin_c_17": 0.01, "petrol_diesel_c_17": 0.02, "electricity_c_17": 0.15, "supply_gas_c_17": 70.2, "lp_gas_c_17": 18.8, "biogas_c_17": 0.28, "others_c_17": 0.21, "electricity_coverage_c_17": 99.96, "general_household_c_18": 21919.0, "household_comprising_1_person_c_18": 1631.0, "2_person_c_18": 4631.0, "3_person_c_18": 5599.0, "4_person_c_18": 5644.0, "5_person_c_18": 2493.0, "6_person_c_18": 1042.0, "7_person_c_18": 413.0, "8_person_c_18": 217.0, "9_person_c_18": 121.0, "10_person_c_18": 59.0, "10_person_1_c_18": 69.0, "average_household_size_c_18": 3.47, "code_15": null, "code_18": null, "LOCATION_NAME_CLEAN": "Dhamrai Pourasabha", "LOCATION_KEY": "3026001440", "sdg_4_2_2_learning_total": 58.25, "sdg_4_2_2_learning_male": 58.03, "sdg_4_2_2_learning_female": 58.48, "sdg_5_b_1_mobile_total": 69.88, "sdg_5_b_1_mobile_male": 76.28, "sdg_5_b_1_mobile_female": 63.17, "sdg_6_2_1a_basic_sanitation": 59.27, "sdg_6_2_1b_handwashing": 92.05, "sdg_7_1_1_electricity": 99.88, "sdg_7_1_2_clean_fuel": 88.67, "sdg_8_6_1_neet_total": 23.8, "sdg_8_6_1_neet_male": 8.74, "sdg_8_6_1_neet_female": 36.65, "sdg_8_10_2_financial_inclusion_total": 57.86, "sdg_8_10_2_financial_inclusion_male": 69.14, "sdg_8_10_2_financial_inclusion_female": 46.15, "sdg_11_1_1_urban_slum_total": 0.02, "sdg_11_1_1_urban_slum_male": 0.02, "sdg_11_1_1_urban_slum_female": 0.03, "sdg_17_8_1_internet_total": 47.89, "sdg_17_8_1_internet_male": 55.78, "sdg_17_8_1_internet_female": 39.62, "IS_LEAF": 0 }, "geometry": { "type": "MultiPolygon", "coordinates": [ [ [ [ 90.199664831000064, 23.932191653000075 ], [ 90.199846800000046, 23.932172297000022 ], [ 90.200023598000087, 23.932172067000067 ], [ 90.200205596000046, 23.932171830000073 ], [ 90.200382372000036, 23.932157262000032 ], [ 90.200517563000062, 23.932152306000035 ], [ 90.200663117000033, 23.93212343700003 ], [ 90.200808686000073, 23.932104129000038 ], [ 90.200936479000063, 23.932047540000042 ], [ 90.200938596000071, 23.93204660400005 ], [ 90.201000929000031, 23.932003505000068 ], [ 90.201151572000072, 23.931902935000039 ], [ 90.201328206000085, 23.931797551000045 ], [ 90.20142687200007, 23.931711387000064 ], [ 90.201499543000068, 23.931630038000037 ], [ 90.201644763000047, 23.931386085000042 ], [ 90.201696643000048, 23.931309543000054 ], [ 90.201727688000062, 23.931247352000071 ], [ 90.201744820000044, 23.931189946000075 ], [ 90.201763400000061, 23.931127686000025 ], [ 90.201810604000059, 23.931027393000022 ], [ 90.20182348700007, 23.930926355000054 ], [ 90.201843673000042, 23.930858718000025 ], [ 90.20182804500007, 23.930751138000062 ], [ 90.201815090000082, 23.930568540000024 ], [ 90.201785021000035, 23.930454971000074 ], [ 90.201782183000034, 23.930394055000079 ], [ 90.20177829000005, 23.930310488000032 ], [ 90.201762468000084, 23.930167117000053 ], [ 90.201732436000043, 23.93006721200004 ], [ 90.201713315000063, 23.929922490000024 ], [ 90.201689938000072, 23.929812134000031 ], [ 90.20165025700004, 23.929667110000025 ], [ 90.201652297000066, 23.92954112700005 ], [ 90.201657245000035, 23.92937861300004 ], [ 90.201667570000041, 23.929330803000028 ], [ 90.201680125000053, 23.929240352000079 ], [ 90.201688140000044, 23.92918260600004 ], [ 90.201713946000041, 23.929058301000055 ], [ 90.201724107000075, 23.928905339000039 ], [ 90.201713485000084, 23.928761963000056 ], [ 90.201702885000032, 23.928632926000034 ], [ 90.201694711000073, 23.928508215000022 ], [ 90.201358793000054, 23.928394342000047 ], [ 90.201372672000048, 23.928165372000024 ], [ 90.20140041500008, 23.927707654000073 ], [ 90.201865162000047, 23.925627891000033 ], [ 90.202018741000074, 23.925192847000062 ], [ 90.202099332000046, 23.924964559000045 ], [ 90.202198158000044, 23.924684615000047 ], [ 90.202434350000033, 23.924201219000054 ], [ 90.202759966000031, 23.923546033000036 ], [ 90.203048654000042, 23.923146733000067 ], [ 90.203238688000056, 23.922883885000033 ], [ 90.203303639000069, 23.922794047000025 ], [ 90.203693157000032, 23.922506750000025 ], [ 90.203891545000033, 23.922461992000024 ], [ 90.20436267000008, 23.922355701000072 ], [ 90.204644604000066, 23.922292091000031 ], [ 90.205000550000079, 23.922211785000059 ], [ 90.205291454000076, 23.922146151000049 ], [ 90.205581765000034, 23.92204991400007 ], [ 90.205810427000074, 23.921974114000022 ], [ 90.205856416000074, 23.921958868000047 ], [ 90.205932110000049, 23.92193377500007 ], [ 90.206242104000069, 23.92183101300003 ], [ 90.206811522000066, 23.921642248000069 ], [ 90.207356085000072, 23.921489093000048 ], [ 90.207462573000043, 23.92145914300005 ], [ 90.207708036000042, 23.921390107000036 ], [ 90.208331978000047, 23.921389262000048 ], [ 90.208651780000082, 23.921535709000068 ], [ 90.208722229000045, 23.921567970000069 ], [ 90.208725026000081, 23.921571047000043 ], [ 90.208917558000053, 23.921782789000076 ], [ 90.208990932000063, 23.922430976000044 ], [ 90.20900191000004, 23.922527947000049 ], [ 90.209025912000072, 23.922739987000057 ], [ 90.209053013000073, 23.922979395000027 ], [ 90.209054695000077, 23.922994245000041 ], [ 90.209075794000057, 23.923180626000033 ], [ 90.209076376000041, 23.923542180000027 ], [ 90.209076517000085, 23.923630277000029 ], [ 90.209077548000039, 23.924269978000041 ], [ 90.209299797000085, 23.92479527100005 ], [ 90.20955269500007, 23.925192435000042 ], [ 90.209767750000083, 23.925279659000068 ], [ 90.209891342000049, 23.925329785000031 ], [ 90.209921745000031, 23.925337139000078 ], [ 90.209938519000048, 23.925341196000034 ], [ 90.209969806000061, 23.925348763000045 ], [ 90.210204056000066, 23.925405420000061 ], [ 90.210457288000043, 23.925466665000044 ], [ 90.210915083000032, 23.925603693000028 ], [ 90.211288516000081, 23.925563260000047 ], [ 90.211811223000041, 23.925614476000078 ], [ 90.212080829000058, 23.925681498000074 ], [ 90.212486403000071, 23.925680938000028 ], [ 90.212829504000069, 23.925632667000059 ], [ 90.213172338000049, 23.925421887000027 ], [ 90.213515091000033, 23.925163309000027 ], [ 90.213940677000039, 23.924684752000076 ], [ 90.214085748000059, 23.924510456000064 ], [ 90.214337089000082, 23.92420848200004 ], [ 90.214331110000046, 23.924192908000066 ], [ 90.214373039000066, 23.92416528800004 ], [ 90.21439981900005, 23.924147649000076 ], [ 90.214418455000043, 23.924091173000079 ], [ 90.214493511000057, 23.923987195000052 ], [ 90.214593998000055, 23.923847053000031 ], [ 90.214694485000052, 23.923709168000073 ], [ 90.214795030000062, 23.923605157000054 ], [ 90.21494556500005, 23.923464946000024 ], [ 90.215129740000066, 23.923318847000075 ], [ 90.215222169000072, 23.923245526000073 ], [ 90.215586551000058, 23.923001142000032 ], [ 90.216020032000074, 23.922765692000041 ], [ 90.216033819000074, 23.922763297000074 ], [ 90.21605932600005, 23.92275886300007 ], [ 90.216592219000063, 23.922663273000069 ], [ 90.217221707000078, 23.922490770000024 ], [ 90.217330379000032, 23.922476427000049 ], [ 90.217740518000085, 23.922422292000078 ], [ 90.218034241000055, 23.922341308000057 ], [ 90.21811096600004, 23.922320153000044 ], [ 90.218666757000051, 23.922147749000032 ], [ 90.218869296000037, 23.922077462000061 ], [ 90.218922095000039, 23.922068355000079 ], [ 90.219307060000062, 23.922018128000047 ], [ 90.219692455000086, 23.922042416000068 ], [ 90.219717646000049, 23.922049154000035 ], [ 90.220100668000043, 23.922120867000046 ], [ 90.22042827100006, 23.922162798000045 ], [ 90.220903179000061, 23.92222358500004 ], [ 90.221386793000079, 23.922222890000057 ], [ 90.221603661000074, 23.922206473000074 ], [ 90.221900097000059, 23.922184034000054 ], [ 90.222086179000087, 23.922169947000043 ], [ 90.223021051000046, 23.921922460000076 ], [ 90.223228470000038, 23.921827678000056 ], [ 90.224109067000086, 23.921425277000026 ], [ 90.224344648000056, 23.921317626000075 ], [ 90.224858739000069, 23.921111169000028 ], [ 90.226088420000053, 23.920617324000034 ], [ 90.226104171000031, 23.920493104000059 ], [ 90.226400270000056, 23.91902847700004 ], [ 90.226407381000058, 23.918993291000049 ], [ 90.226518628000065, 23.918685262000054 ], [ 90.22671173100008, 23.918150579000041 ], [ 90.226834738000036, 23.917957387000058 ], [ 90.227219727000033, 23.917352723000079 ], [ 90.227252108000073, 23.917295255000056 ], [ 90.227289861000031, 23.917228248000072 ], [ 90.227378897000051, 23.917070228000057 ], [ 90.227435695000054, 23.916969552000069 ], [ 90.227469364000058, 23.916909874000055 ], [ 90.227574231000062, 23.916723994000051 ], [ 90.227676184000074, 23.916543279000052 ], [ 90.227698391000047, 23.916503916000067 ], [ 90.227879972000039, 23.916182058000061 ], [ 90.227912072000038, 23.916102978000026 ], [ 90.228184469000041, 23.915431924000075 ], [ 90.228280648000066, 23.915120024000032 ], [ 90.228364424000063, 23.914848345000053 ], [ 90.228387189000046, 23.914774520000037 ], [ 90.228691125000068, 23.913884383000038 ], [ 90.228735746000041, 23.913766894000048 ], [ 90.229046251000057, 23.91294675000006 ], [ 90.229065195000032, 23.912889224000025 ], [ 90.22908430800004, 23.912831181000058 ], [ 90.22940112200007, 23.911869113000023 ], [ 90.229662825000048, 23.911223713000027 ], [ 90.229700918000049, 23.911129766000045 ], [ 90.229705294000041, 23.911118975000022 ], [ 90.229905892000033, 23.910457187000077 ], [ 90.229961399000047, 23.910274068000035 ], [ 90.230059991000076, 23.909948755000073 ], [ 90.230159909000065, 23.909458485000073 ], [ 90.230273516000068, 23.908901043000071 ], [ 90.230275861000052, 23.908889541000065 ], [ 90.230301670000074, 23.908762897000031 ], [ 90.230413682000062, 23.908214015000055 ], [ 90.230425611000044, 23.908107724000047 ], [ 90.230433867000045, 23.908034158000078 ], [ 90.23049118800003, 23.907523421000064 ], [ 90.230493778000039, 23.90750034000007 ], [ 90.23051373100003, 23.907324181000035 ], [ 90.230513508000058, 23.907198750000077 ], [ 90.230513, 23.906911970000067 ], [ 90.230512899000075, 23.906855004000079 ], [ 90.230511989000036, 23.906341914000052 ], [ 90.230482667000047, 23.906088544000056 ], [ 90.230452479000064, 23.905827687000055 ], [ 90.230408784000076, 23.905450124000026 ], [ 90.230408242000067, 23.90544716200003 ], [ 90.230312268000034, 23.904923724000071 ], [ 90.230254397000067, 23.904608090000067 ], [ 90.230096597000056, 23.904216234000046 ], [ 90.230044761000045, 23.904087511000057 ], [ 90.230029545000036, 23.904049728000075 ], [ 90.229962679000039, 23.903883680000035 ], [ 90.229896073000077, 23.903718937000065 ], [ 90.229836040000066, 23.903588434000028 ], [ 90.22948709700006, 23.902829864000068 ], [ 90.229360235000058, 23.902579712000033 ], [ 90.228822259000083, 23.901518903000067 ], [ 90.228574979000086, 23.901090233000048 ], [ 90.228362496000045, 23.900722481000059 ], [ 90.228157169000042, 23.899880517000042 ], [ 90.228155609000055, 23.898990833000028 ], [ 90.228307591000032, 23.898475764000068 ], [ 90.228459652000083, 23.898005855000065 ], [ 90.229019265000034, 23.897630181000068 ], [ 90.229136148000066, 23.897573875000035 ], [ 90.229685146000065, 23.897309409000059 ], [ 90.230190079000067, 23.897066168000038 ], [ 90.230953364000072, 23.896597600000064 ], [ 90.231294411000079, 23.896238052000058 ], [ 90.231309427000042, 23.896222220000027 ], [ 90.231766097000047, 23.895284427000036 ], [ 90.231799636000062, 23.894810178000057 ], [ 90.231815808000079, 23.89458208700006 ], [ 90.23176309300004, 23.893597636000038 ], [ 90.231710716000066, 23.892802867000057 ], [ 90.231642086000079, 23.892564815000071 ], [ 90.23145433500008, 23.891913567000074 ], [ 90.231096014000059, 23.89083699400004 ], [ 90.230737387000033, 23.889760425000077 ], [ 90.230378663000067, 23.888449009000055 ], [ 90.230224214000032, 23.887559554000063 ], [ 90.230223764000073, 23.887304389000064 ], [ 90.229260260000046, 23.887355506000063 ], [ 90.228875402000085, 23.887405758000057 ], [ 90.228738235000037, 23.887609189000045 ], [ 90.228711138000051, 23.887911814000063 ], [ 90.228656727000043, 23.88821673700005 ], [ 90.228519732000052, 23.888519522000024 ], [ 90.228382473000067, 23.888671019000071 ], [ 90.228272316000073, 23.888698281000075 ], [ 90.227777201000038, 23.888545463000071 ], [ 90.22744715500005, 23.888521112000035 ], [ 90.227254730000084, 23.888724626000055 ], [ 90.227200353000057, 23.889052130000039 ], [ 90.227173827000058, 23.88950830400006 ], [ 90.227504139000075, 23.889683947000037 ], [ 90.227504406000037, 23.889837498000077 ], [ 90.227532081000049, 23.890038428000025 ], [ 90.227615058000083, 23.890266371000052 ], [ 90.227642863000085, 23.890367944000047 ], [ 90.227643263000061, 23.890596010000024 ], [ 90.22753354200006, 23.890873918000068 ], [ 90.227259193000066, 23.89127852200005 ], [ 90.227039878000085, 23.89155659000005 ], [ 90.226819990000081, 23.891683368000031 ], [ 90.226352674000054, 23.891810510000028 ], [ 90.226187827000047, 23.891989142000057 ], [ 90.225940617000049, 23.892115958000034 ], [ 90.22558297900008, 23.892116482000063 ], [ 90.225252969000053, 23.892116965000071 ], [ 90.224372450000033, 23.891890186000069 ], [ 90.223602094000057, 23.891814531000023 ], [ 90.223052020000068, 23.891840168000044 ], [ 90.222172327000067, 23.892094350000036 ], [ 90.222111027000039, 23.89215088900005 ], [ 90.221623072000057, 23.892600953000056 ], [ 90.220881505000079, 23.893209447000061 ], [ 90.220497007000063, 23.893666133000067 ], [ 90.220387533000064, 23.89391919600007 ], [ 90.220387790000075, 23.894070489000057 ], [ 90.220442956000056, 23.894196861000069 ], [ 90.220636381000077, 23.894752075000042 ], [ 90.220830244000069, 23.895384063000051 ], [ 90.220968510000034, 23.895815160000041 ], [ 90.22096889900007, 23.896043226000074 ], [ 90.220916701000078, 23.896219432000066 ], [ 90.22088678700004, 23.896321090000072 ], [ 90.220557752000047, 23.896901891000027 ], [ 90.220506868000086, 23.897185325000066 ], [ 90.220503010000073, 23.897206811000046 ], [ 90.220503612000073, 23.89756133000003 ], [ 90.220504255000037, 23.897940689000052 ], [ 90.220560373000069, 23.898446422000063 ], [ 90.220780829000034, 23.898825465000073 ], [ 90.221001505000061, 23.899152568000034 ], [ 90.221332393000068, 23.899657906000073 ], [ 90.221415408000041, 23.899910692000049 ], [ 90.221608031000073, 23.899987191000037 ], [ 90.221718545000044, 23.900163163000059 ], [ 90.221773846000076, 23.900366312000074 ], [ 90.221746557000074, 23.90056732100004 ], [ 90.221701869000071, 23.900733697000078 ], [ 90.221691950000036, 23.900770627000043 ], [ 90.221664536000048, 23.900897121000071 ], [ 90.221560045000047, 23.900993030000052 ], [ 90.221472342000084, 23.90107352900003 ], [ 90.221315060000052, 23.90119794900005 ], [ 90.220703402000083, 23.901682058000063 ], [ 90.22057987200003, 23.901808218000042 ], [ 90.219687114000067, 23.90271997800005 ], [ 90.219199917000083, 23.90310228900006 ], [ 90.219034134000083, 23.90323203500003 ], [ 90.219013326000038, 23.903248320000046 ], [ 90.218780786000082, 23.903430308000054 ], [ 90.218722109000055, 23.903407813000058 ], [ 90.218595346000086, 23.903524658000038 ], [ 90.218582949000051, 23.903115581000066 ], [ 90.218601945000046, 23.90204490800005 ], [ 90.218414597000049, 23.901930461000063 ], [ 90.218133719000036, 23.901843631000077 ], [ 90.21793503300006, 23.90186314400006 ], [ 90.217516470000078, 23.901904251000076 ], [ 90.217126366000059, 23.901785311000026 ], [ 90.216768605000084, 23.901576705000025 ], [ 90.216622334000078, 23.901656675000027 ], [ 90.216236597000034, 23.901867569000046 ], [ 90.215960877000043, 23.902018312000052 ], [ 90.215892117000067, 23.902055905000054 ], [ 90.215762295000047, 23.902145706000056 ], [ 90.215697609000074, 23.902325034000057 ], [ 90.215535447000036, 23.902504498000042 ], [ 90.215243066000085, 23.902534781000043 ], [ 90.214267856000049, 23.902267287000029 ], [ 90.214086715000064, 23.902212054000074 ], [ 90.213927793000039, 23.902163596000037 ], [ 90.213916090000055, 23.902160027000036 ], [ 90.21378930700007, 23.902121368000053 ], [ 90.213682704000064, 23.902088862000028 ], [ 90.213356589000057, 23.902129299000023 ], [ 90.213195419000044, 23.902149285000064 ], [ 90.213143933000083, 23.902280071000064 ], [ 90.21293656000006, 23.902806849000058 ], [ 90.212844544000063, 23.902997966000044 ], [ 90.212677500000041, 23.903344920000052 ], [ 90.212320279000039, 23.903464904000032 ], [ 90.21176790700008, 23.903465667000035 ], [ 90.210987797000087, 23.903287501000023 ], [ 90.210435185000051, 23.903138894000051 ], [ 90.209622827000032, 23.903110130000073 ], [ 90.20939566900006, 23.903289677000032 ], [ 90.208942887000035, 23.904604702000029 ], [ 90.208814214000085, 23.905411446000073 ], [ 90.208769805000031, 23.905541404000076 ], [ 90.208620167000049, 23.905979297000044 ], [ 90.208425495000085, 23.906158798000035 ], [ 90.207613215000038, 23.906189769000036 ], [ 90.207038941000064, 23.906038852000052 ], [ 90.206433622000077, 23.905924503000051 ], [ 90.205552923000084, 23.905623099000024 ], [ 90.205167646000064, 23.905447481000067 ], [ 90.205106326000077, 23.905305303000034 ], [ 90.204864845000031, 23.90539595000007 ], [ 90.204672667000068, 23.905599431000041 ], [ 90.20456327100004, 23.905927 ], [ 90.204371021000043, 23.90628177800005 ], [ 90.20415143200006, 23.90643336200003 ], [ 90.203986574000055, 23.906636807000041 ], [ 90.203877178000084, 23.90696663600005 ], [ 90.203767235000043, 23.907142910000061 ], [ 90.203574852000031, 23.907219940000061 ], [ 90.203492499000049, 23.907371341000044 ], [ 90.203454837000038, 23.907492705000038 ], [ 90.203437819000044, 23.907547546000046 ], [ 90.203245595000055, 23.907726188000026 ], [ 90.202887547000046, 23.908081179000078 ], [ 90.202312965000033, 23.909371308000061 ], [ 90.202268932000038, 23.909486526000023 ], [ 90.202148449000049, 23.909800560000065 ], [ 90.20203908700006, 23.91015522400005 ], [ 90.201928068000086, 23.910435372000052 ], [ 90.201765130000069, 23.910889461000068 ], [ 90.201765560000069, 23.911167208000052 ], [ 90.201875713000049, 23.91131835300007 ], [ 90.201903618000074, 23.911494447000052 ], [ 90.201738788000057, 23.911722733000033 ], [ 90.200859587000082, 23.912408084000049 ], [ 90.20063999000007, 23.912760631000026 ], [ 90.200282876000074, 23.913140454000029 ], [ 90.199980837000055, 23.913393756000062 ], [ 90.199788716000057, 23.913646910000068 ], [ 90.199761393000074, 23.91385017500005 ], [ 90.199761412000043, 23.913862938000022 ], [ 90.199761821000038, 23.914127920000055 ], [ 90.199802362000071, 23.914263500000061 ], [ 90.199844841000072, 23.91440555500003 ], [ 90.19991212900004, 23.914467496000043 ], [ 90.200065302000041, 23.914608497000074 ], [ 90.200285296000061, 23.914709824000056 ], [ 90.200422926000044, 23.914759323000055 ], [ 90.200560517000042, 23.914783983000063 ], [ 90.200698074000059, 23.914783804000024 ], [ 90.200863107000032, 23.91468423200007 ], [ 90.200917909000054, 23.914582546000076 ], [ 90.200917673000049, 23.914431255000068 ], [ 90.200807517000044, 23.91427784900003 ], [ 90.200587021000047, 23.914052328000025 ], [ 90.200504192000039, 23.913898885000037 ], [ 90.200503961000038, 23.913747593000039 ], [ 90.200723872000083, 23.913596015000053 ], [ 90.200999095000043, 23.913672430000076 ], [ 90.201136760000054, 23.913746766000031 ], [ 90.201137076000066, 23.913949996000042 ], [ 90.201219903000037, 23.914101178000067 ], [ 90.201357495000082, 23.91412583400006 ], [ 90.201522060000059, 23.913924651000059 ], [ 90.201824522000038, 23.913745866000056 ], [ 90.202154510000071, 23.913695755000049 ], [ 90.202402100000086, 23.913769947000048 ], [ 90.202691020000032, 23.913769564000063 ], [ 90.202704835000077, 23.913769545000036 ], [ 90.202842585000042, 23.913895819000061 ], [ 90.203090573000054, 23.914225172000044 ], [ 90.203154552000058, 23.914429830000074 ], [ 90.203201353000054, 23.914579545000038 ], [ 90.203228957000078, 23.914755640000067 ], [ 90.203174155000056, 23.914857325000071 ], [ 90.202926999000056, 23.915060880000055 ], [ 90.20286357100008, 23.915085530000056 ], [ 90.202734601000031, 23.915135649000035 ], [ 90.202542017000042, 23.915287196000065 ], [ 90.202432336000072, 23.915440889000024 ], [ 90.202377768000076, 23.915693870000041 ], [ 90.202433162000034, 23.915971540000044 ], [ 90.202516345000049, 23.916350790000024 ], [ 90.202569501000085, 23.916569752000044 ], [ 90.202571664000061, 23.916578784000023 ], [ 90.202709653000056, 23.916856345000042 ], [ 90.202764773000069, 23.916957887000024 ], [ 90.202765085000067, 23.917158857000061 ], [ 90.202655442000037, 23.917337390000057 ], [ 90.202463041000044, 23.917412161000073 ], [ 90.20221521600007, 23.917387649000034 ], [ 90.201940064000041, 23.917363173000069 ], [ 90.201637585000071, 23.917338729000051 ], [ 90.20152743400007, 23.917388550000055 ], [ 90.201472706000061, 23.917539916000067 ], [ 90.201445698000043, 23.917743177000034 ], [ 90.201500815000031, 23.917844719000072 ], [ 90.201886004000073, 23.917943569000045 ], [ 90.201996009000084, 23.917995360000077 ], [ 90.202023803000031, 23.918096938000076 ], [ 90.201996440000073, 23.918273103000047 ], [ 90.201776868000081, 23.918449526000074 ], [ 90.201474511000072, 23.918702827000061 ], [ 90.201144672000055, 23.918856808000044 ], [ 90.200842039000065, 23.918931721000035 ], [ 90.200539712000079, 23.919008889000054 ], [ 90.200347352000051, 23.919110755000077 ], [ 90.200264989000061, 23.919262154000023 ], [ 90.200265377000051, 23.919515059000048 ], [ 90.200265719000072, 23.919735735000074 ], [ 90.200265768000065, 23.919767965000062 ], [ 90.200404417000072, 23.920474565000063 ], [ 90.200459694000074, 23.920677721000061 ], [ 90.200514924000061, 23.920853780000073 ], [ 90.200551143000041, 23.921043411000028 ], [ 90.200561049000044, 23.921095336000064 ], [ 90.199390324000035, 23.921342989000038 ], [ 90.198643850000053, 23.921529117000034 ], [ 90.197946338000065, 23.921807763000061 ], [ 90.19791932000004, 23.922011025000074 ], [ 90.198469832000058, 23.922186446000069 ], [ 90.199597533000031, 23.922108211000022 ], [ 90.200423370000067, 23.922411977000024 ], [ 90.200547145000087, 23.922477807000064 ], [ 90.200753733000056, 23.92258767800007 ], [ 90.201029169000037, 23.922790543000076 ], [ 90.201249404000066, 23.922839934000024 ], [ 90.201331848000052, 23.922738213000059 ], [ 90.201496428000041, 23.922537028000079 ], [ 90.201744493000035, 23.922712832000059 ], [ 90.201607362000061, 23.922990758000026 ], [ 90.201653701000055, 23.923050666000051 ], [ 90.201745202000041, 23.923168965000059 ], [ 90.201828076000083, 23.923344985000028 ], [ 90.201883355000064, 23.923548144000051 ], [ 90.201828588000069, 23.923674667000057 ], [ 90.201691141000083, 23.923749364000059 ], [ 90.201573073000077, 23.92379655600007 ], [ 90.201498425000068, 23.923826392000024 ], [ 90.201388696000038, 23.923952989000043 ], [ 90.201279083000031, 23.92415636000004 ], [ 90.201196718000062, 23.924307759000044 ], [ 90.201059268000051, 23.924382454000067 ], [ 90.200921704000052, 23.924382636000075 ], [ 90.200784063000071, 23.924333137000076 ], [ 90.200618864000035, 23.924333353000065 ], [ 90.200453973000037, 23.924333569000055 ], [ 90.200233964000063, 23.924435470000049 ], [ 90.200069076000034, 23.924636655000029 ], [ 90.199931787000082, 23.924815221000074 ], [ 90.199602084000048, 23.925068553000074 ], [ 90.199299856000039, 23.925220238000065 ], [ 90.198942361000036, 23.925371993000056 ], [ 90.198612541000045, 23.925550807000036 ], [ 90.198502339000072, 23.925575790000039 ], [ 90.198309850000044, 23.925600878000068 ], [ 90.198199921000082, 23.925601018000066 ], [ 90.198171900000034, 23.925348150000048 ], [ 90.198171513000034, 23.925095244000033 ], [ 90.198088645000041, 23.924919220000049 ], [ 90.197868670000048, 23.924842731000069 ], [ 90.197620715000085, 23.924741435000044 ], [ 90.197400550000054, 23.924741716000028 ], [ 90.19701553200008, 23.924767049000025 ], [ 90.196823159000076, 23.924868911000033 ], [ 90.196658150000076, 23.924995574000036 ], [ 90.196488371000044, 23.925217087000078 ], [ 90.196650164000062, 23.925196554000024 ], [ 90.196897694000086, 23.925221075000024 ], [ 90.197200538000061, 23.925272624000058 ], [ 90.197530709000034, 23.925321879000023 ], [ 90.197573111000054, 23.925339888000053 ], [ 90.197640712000066, 23.925371415000029 ], [ 90.197723468000049, 23.925472921000051 ], [ 90.197779089000051, 23.925904145000061 ], [ 90.197751759000084, 23.926105149000023 ], [ 90.197642059000032, 23.926256583000054 ], [ 90.197532515000034, 23.926509628000076 ], [ 90.197395334000078, 23.926762710000048 ], [ 90.197285481000051, 23.927015757000049 ], [ 90.197148297000069, 23.927268838000032 ], [ 90.196846027000049, 23.927395679000028 ], [ 90.196461041000077, 23.927448108000078 ], [ 90.196406189000072, 23.927725923000025 ], [ 90.196489136000082, 23.927953880000075 ], [ 90.19670949500005, 23.928080053000031 ], [ 90.196847331000072, 23.928256006000026 ], [ 90.197122618000037, 23.928357265000045 ], [ 90.197232859000053, 23.928560353000023 ], [ 90.197345645000041, 23.928697159000023 ], [ 90.197398369000041, 23.928761111000028 ], [ 90.197563423000076, 23.92886251300007 ], [ 90.197571462000042, 23.928898632000028 ], [ 90.197577338000031, 23.928925719000063 ], [ 90.197591252000052, 23.92898893000006 ], [ 90.197591511000041, 23.929160545000059 ], [ 90.197591944000067, 23.92944280200004 ], [ 90.197572153000067, 23.929756703000066 ], [ 90.197571673000084, 23.929764457000033 ], [ 90.197542770000041, 23.930230821000066 ], [ 90.197538285000064, 23.930303203000051 ], [ 90.197511766000048, 23.931037113000059 ], [ 90.197567194000044, 23.931339625000078 ], [ 90.197546996000085, 23.93173044100007 ], [ 90.197528797000075, 23.931913400000042 ], [ 90.197761243000059, 23.931926454000063 ], [ 90.19814094600008, 23.93195838400004 ], [ 90.198265688000049, 23.931959261000031 ], [ 90.198478915000067, 23.931978105000042 ], [ 90.198498612000037, 23.931982216000051 ], [ 90.198660970000049, 23.932016107000038 ], [ 90.198791005000032, 23.932039836000058 ], [ 90.198993856000072, 23.932073032000062 ], [ 90.199170698000046, 23.932101480000028 ], [ 90.199368323000044, 23.932120344000055 ], [ 90.199539996000055, 23.932167918000061 ], [ 90.199664831000064, 23.932191653000075 ] ] ] ] } },
{ "type": "Feature", "properties": { "FEATURE_ID": "DH22_4989", "GEO_CODE": "3026001860", "GEO_CODE_CLEAN": "3026001860", "ADMIN_LEVEL": "municipality", "LEVEL_STANDARD": "municipality", "LEVEL_ORDER": 4, "location_name": "Dohar Pourasabha", "PARENT_GEO_CODE": "30260018", "PARENT_LOCATION_NAME": "Dohar", "CHILD_COUNT": 0, "HAS_CHILDREN": 0, "ADMIN_PATH": "3026/30260018/3026001860", "CENSUS_DATA_AVAILABLE": 1, "CENSUS_TABLE_COUNT": 18, "CENSUS_COVERAGE_PCT": 100.0, "SDG_DATA_AVAILABLE": 1, "SDG_INDICATOR_COUNT": 22, "NAME_MATCH_STATUS": "CODE_MATCH_NAME_VARIANT", "CENSUS_LOCATION_NAME": "Dohar Paurashava", "DIVISION_CODE": "30", "DIVISION_NAME": "Dhaka", "DISTRICT_CODE": "26", "DISTRICT_NAME": "Dhaka", "CITY_CODE": "00", "CITY_NAME": " ", "UPAZILA_CODE": "18", "UPAZILA_NAME": "Dohar", "MUNICIPALITY_CODE": "60", "MUNICIPALITY_NAME": "Dohar Pourasabha", "UNION_CODE": null, "UNION_NAME": null, "MAUZA_CODE": null, "CENTROID_LAT": 23.616837279192648, "CENTROID_LON": 90.13586514302331, "MAUZA_NAME": null, "VILLAGE_CODE": null, "VILLAGE_NAME": null, "RMO_CODE": null, "location_id": "2898", "source_row_number": 2904.0, "level": "paurashava", "district": 26.0, "city_corporation": null, "upazila_thana": 18.0, "paurashava": 60.0, "union_ward": null, "mauza": null, "village_mahalla": null, "household_except_floating_household_total_c_01": 13533.0, "general_c_01": 13215.0, "institutional_c_01": 16.0, "others_c_01": 302.0, "population_including_floating_population_total_c_01": 54589.0, "male_c_01": 25540.0, "female_c_01": 29049.0, "hijra_c_01": 0.0, "sex_ratio_c_01": 87.92, "total_c_02": 54589.0, "age_group_in_years_0_4_c_02": 4619.0, "5_9_c_02": 5145.0, "10_14_c_02": 5492.0, "15_19_c_02": 5373.0, "20_24_c_02": 4768.0, "25_29_c_02": 4536.0, "30_34_c_02": 4040.0, "35_39_c_02": 4255.0, "40_44_c_02": 3346.0, "45_49_c_02": 2574.0, "50_54_c_02": 2670.0, "55_59_c_02": 1931.0, "60_64_c_02": 2051.0, "65_69_c_02": 1310.0, "70_74_c_02": 1252.0, "75_79_c_02": 517.0, "80_c_02": 710.0, "total_c_03": 54589.0, "muslim_c_03": 51702.0, "hindu_c_03": 2875.0, "christian_c_03": 7.0, "buddhist_c_03": 5.0, "others_c_03": 0.0, "male_population_number_c_04": 20527.0, "total_c_04": 100.0, "never_married_c_04": 37.64, "currently_married_c_04": 60.64, "widowed_widower_c_04": 1.19, "divorced_c_04": 0.28, "separated_c_04": 0.25, "female_population_number_c_04": 24298.0, "total_1_c_04": 100.0, "never_married_1_c_04": 21.81, "currently_married_1_c_04": 66.66, "widowed_widower_1_c_04": 10.51, "divorced_1_c_04": 0.52, "separated_1_c_04": 0.5, "5_years_and_above_total_c_05": 80.44, "male_c_05": 81.04, "female_c_05": 79.91, "7_years_and_above_total_c_05": 80.83, "male_1_c_05": 81.62, "female_1_c_05": 80.14, "15_years_and_above_total_c_05": 77.4, "male_2_c_05": 78.24, "female_2_c_05": 76.71, "population_number_c_06": 49970.0, "field_of_education_total_c_06": 41014.0, "general_c_06": 37797.0, "technical_c_06": 188.0, "religious_c_06": 2437.0, "others_c_06": 592.0, "highest_level_of_education_attained_total_c_06": 41014.0, "attended_school_but_not_completed_play_nursery_kg_pre_primary_class_i_c_06": 585.0, "play_nursery_kg_pre_primary_student_c_06": 1284.0, "student_class_i_c_06": 1026.0, "class_i_v_c_06": 13321.0, "class_vi_ix_c_06": 13940.0, "ssc_dakhil_o_level_equivalent_c_06": 4407.0, "hsc_alim_a_level_equivalent_c_06": 3285.0, "diploma_nursing_midwifery_c_06": 106.0, "graduate_and_above_c_06": 2231.0, "non_formal_informal_education_and_others_c_06": 829.0, "total_male_c_07": 6565.0, "female_c_07": 7005.0, "5_9_years_male_c_07": 2165.0, "female_1_c_07": 2064.0, "10_14_years_male_c_07": 2407.0, "female_2_c_07": 2494.0, "15_19_years_male_c_07": 1331.0, "female_3_c_07": 1789.0, "20_24_years_male_c_07": 526.0, "female_4_c_07": 551.0, "25_29_years_male_c_07": 136.0, "female_5_c_07": 107.0, "population_total_c_08": 49970.0, "male_c_08": 23209.0, "female_c_08": 26761.0, "employed_total_c_08": 12826.0, "male_1_c_08": 11825.0, "female_1_c_08": 1001.0, "household_work_total_c_08": 15659.0, "male_2_c_08": 701.0, "female_2_c_08": 14958.0, "looking_for_work_total_c_08": 476.0, "male_3_c_08": 437.0, "female_3_c_08": 39.0, "do_not_work_total_c_08": 21009.0, "male_4_c_08": 10246.0, "female_4_c_08": 10763.0, "total_c_09": 12826.0, "male_c_09": 11825.0, "female_c_09": 1001.0, "agriculture_total_c_09": 1496.0, "male_1_c_09": 1470.0, "female_1_c_09": 26.0, "industry_total_c_09": 2755.0, "male_2_c_09": 2590.0, "female_2_c_09": 165.0, "service_total_c_09": 8575.0, "male_3_c_09": 7765.0, "female_3_c_09": 810.0, "total_c_10": 42.02, "15_19_years_c_10": 29.7, "20_24_years_c_10": 55.89, "male_total_c_10": 23.16, "15_19_years_1_c_10": 21.3, "20_24_years_1_c_10": 25.51, "female_total_c_10": 56.65, "15_19_years_2_c_10": 36.86, "20_24_years_2_c_10": 77.1, "population_having_mobile_phone_for_own_use_5_years_and_above_total_c_11_": 61.77, "male_c_11_": 67.78, "female_c_11_": 56.55, "15_years_and_above_total_c_11_": 77.27, "male_1_c_11_": 86.72, "female_1_c_11_": 69.5, "internet_user_5_years_and_above_total_c_11_": 56.41, "male_2_c_11_": 59.1, "female_2_c_11_": 54.08, "15_years_and_above_total_1_c_11_": 62.54, "male_3_c_11_": 66.75, "female_3_c_11_": 59.07, "having_account_in_financial_institution_bank_insurance_micro_credit_post_office_etc_total_c_12": 34.37, "male_c_12": 37.28, "female_c_12": 31.98, "having_mobile_banking_account_total_c_12": 33.61, "male_1_c_12": 41.6, "female_1_c_12": 27.03, "ethnic_population_total_c_13": 14.0, "male_c_13": 8.0, "female_c_13": 6.0, "ethnic_population_in_major_groups_garo_c_13": 1.0, "chakma_c_13": 0.0, "marma_c_13": 0.0, "others_c_13": 13.0, "general_household_c_14": 13215.0, "type_of_structure_total_c_14": 100.0, "pucca_c_14": 26.06, "semi_pucca_c_14": 13.48, "kancha_c_14": 60.22, "jhupri_c_14": 0.24, "ownership_status_total_c_14": 100.0, "own_dwelling_unit_c_14": 79.22, "rented_but_having_own_dwelling_unit_elsewhere_c_14": 14.71, "rented_and_having_no_own_dwelling_unit_elsewhere_c_14": 4.25, "rent_free_but_having_own_dwelling_unit_elsewhere_c_14": 1.1, "rent_free_and_having_no_own_dwelling_unit_elsewhere_c_14": 0.71, "general_household_c_15": 13215.0, "source_of_drinking_water_total_c_15": 100.0, "tap_pipe_supply_c_15": 0.0, "tube_well_deep_shallow_c_15": 99.85, "bottled_jar_water_c_15": 0.07, "well_c_15": 0.0, "pond_river_canal_lake_c_15": 0.08, "spring_c_15": 0.0, "rain_water_c_15": 0.0, "others_c_15": 0.0, "general_household_c_16": 13215.0, "toilet_facilities_total_c_16": 100.0, "safe_disposal_with_flushing_pouring_water_c_16": 74.84, "unsafe_disposal_with_flushing_pouring_water_c_16": 7.93, "pit_latrine_with_slab_ventilated_improved_latrine_composting_latrine_c_16": 15.84, "pit_latrine_without_slab_open_pit_c_16": 0.82, "raw_open_hanging_latrine_permanent_temporary_c_16": 0.25, "open_defecation_no_latrine_available_c_16": 0.33, "general_household_c_17": 13215.0, "source_of_cooking_fuel_total_c_17": 100.0, "straw_leaf_bran_husk_c_17": 3.79, "wood_chalk_chopped_wood_c_17": 76.88, "wood_coal_charcoal_dried_dung_c_17": 2.19, "kerosene_paraffin_c_17": 0.02, "petrol_diesel_c_17": 0.01, "electricity_c_17": 0.05, "supply_gas_c_17": 0.0, "lp_gas_c_17": 16.95, "biogas_c_17": 0.06, "others_c_17": 0.05, "electricity_coverage_c_17": 99.83, "general_household_c_18": 13215.0, "household_comprising_1_person_c_18": 556.0, "2_person_c_18": 1754.0, "3_person_c_18": 3293.0, "4_person_c_18": 3475.0, "5_person_c_18": 2113.0, "6_person_c_18": 970.0, "7_person_c_18": 448.0, "8_person_c_18": 274.0, "9_person_c_18": 148.0, "10_person_c_18": 86.0, "10_person_1_c_18": 98.0, "average_household_size_c_18": 4.01, "code_15": null, "code_18": null, "LOCATION_NAME_CLEAN": "Dohar Pourasabha", "LOCATION_KEY": "3026001860", "sdg_4_2_2_learning_total": 54.59, "sdg_4_2_2_learning_male": 51.44, "sdg_4_2_2_learning_female": 58.16, "sdg_5_b_1_mobile_total": 61.77, "sdg_5_b_1_mobile_male": 67.78, "sdg_5_b_1_mobile_female": 56.55, "sdg_6_2_1a_basic_sanitation": 74.81, "sdg_6_2_1b_handwashing": 89.65, "sdg_7_1_1_electricity": 99.87, "sdg_7_1_2_clean_fuel": 15.25, "sdg_8_6_1_neet_total": 42.02, "sdg_8_6_1_neet_male": 23.16, "sdg_8_6_1_neet_female": 56.65, "sdg_8_10_2_financial_inclusion_total": 46.7, "sdg_8_10_2_financial_inclusion_male": 53.54, "sdg_8_10_2_financial_inclusion_female": 41.08, "sdg_11_1_1_urban_slum_total": 0.08, "sdg_11_1_1_urban_slum_male": 0.08, "sdg_11_1_1_urban_slum_female": 0.07, "sdg_17_8_1_internet_total": 56.41, "sdg_17_8_1_internet_male": 59.1, "sdg_17_8_1_internet_female": 54.08, "IS_LEAF": 0 }, "geometry": { "type": "MultiPolygon", "coordinates": [ [ [ [ 90.141664292000087, 23.634901963000061 ], [ 90.142335548000062, 23.634591979000049 ], [ 90.143342399000062, 23.634096511000052 ], [ 90.14385435500003, 23.633809249000024 ], [ 90.144668395000053, 23.633514929000057 ], [ 90.144795342000066, 23.633611913000038 ], [ 90.145392817000072, 23.633640710000066 ], [ 90.145431961000043, 23.633387782000057 ], [ 90.145442100000082, 23.633322262000036 ], [ 90.145524021000085, 23.633170752000069 ], [ 90.145676614000081, 23.63285877900006 ], [ 90.145766546000061, 23.632778269000028 ], [ 90.146058247000042, 23.632508739000059 ], [ 90.146484276000081, 23.63231184600005 ], [ 90.146939549000081, 23.632101436000028 ], [ 90.148085617000049, 23.632019052000032 ], [ 90.148702932000049, 23.632262343000036 ], [ 90.14909246700006, 23.631832916000064 ], [ 90.149174165000034, 23.631742512000073 ], [ 90.149327303000064, 23.631697201000065 ], [ 90.149478108000039, 23.631487044000039 ], [ 90.149628757000073, 23.631139140000073 ], [ 90.149816613000041, 23.630373439000039 ], [ 90.150004813000066, 23.629643866000038 ], [ 90.150231102000077, 23.62953751200007 ], [ 90.150646540000082, 23.629537110000058 ], [ 90.15079750600006, 23.629469218000054 ], [ 90.150948305000043, 23.629259060000038 ], [ 90.151325632000066, 23.629154819000064 ], [ 90.151929716000041, 23.629084224000053 ], [ 90.152344993000042, 23.628946068000062 ], [ 90.152722398000037, 23.628909566000061 ], [ 90.152949154000055, 23.628945475000023 ], [ 90.152949314000068, 23.629083223000066 ], [ 90.152798475000054, 23.629257250000023 ], [ 90.152459033000071, 23.629535340000075 ], [ 90.152610399000082, 23.629815205000057 ], [ 90.153138890000037, 23.629814684000053 ], [ 90.153252205000058, 23.629778441000042 ], [ 90.153591849000065, 23.629674229000045 ], [ 90.153731621000077, 23.629468597000027 ], [ 90.153780251000057, 23.629396286000031 ], [ 90.154044242000055, 23.629048265000051 ], [ 90.154119324000078, 23.628804310000078 ], [ 90.154459107000037, 23.628560089000075 ], [ 90.154873992000034, 23.628351922000036 ], [ 90.155553576000045, 23.628141232000075 ], [ 90.156006735000062, 23.628176908000057 ], [ 90.156648784000083, 23.628350140000066 ], [ 90.157140772000048, 23.628573201000052 ], [ 90.157177864000062, 23.62859123000004 ], [ 90.157555478000063, 23.628730853000036 ], [ 90.158235003000073, 23.628730162000068 ], [ 90.159178815000075, 23.628381438000076 ], [ 90.159707130000072, 23.628240887000061 ], [ 90.159933676000037, 23.628102905000048 ], [ 90.160008788000084, 23.627892818000078 ], [ 90.160234778000074, 23.627300944000069 ], [ 90.16034766000007, 23.627163078000024 ], [ 90.160687374000076, 23.627126596000039 ], [ 90.160914001000037, 23.627058615000067 ], [ 90.161102594000056, 23.626952285000073 ], [ 90.161139936000041, 23.626674491000074 ], [ 90.16121488400006, 23.626082771000029 ], [ 90.161270988000069, 23.625613012000031 ], [ 90.161289483000076, 23.625457179000023 ], [ 90.161516106000079, 23.625386941000045 ], [ 90.161742635000053, 23.625490581000065 ], [ 90.161893843000087, 23.625630430000058 ], [ 90.162045392000039, 23.626048032000028 ], [ 90.162122177000072, 23.626951223000049 ], [ 90.162122817000068, 23.627472862000047 ], [ 90.161745582000037, 23.627891018000071 ], [ 90.16080213500004, 23.628275889000065 ], [ 90.160236387000054, 23.628624233000039 ], [ 90.159708015000035, 23.628972537000038 ], [ 90.159595039000067, 23.629286539000077 ], [ 90.159633111000062, 23.629354247000038 ], [ 90.159746164000069, 23.629354127000056 ], [ 90.160274916000049, 23.629319709000072 ], [ 90.16125614300006, 23.629004806000069 ], [ 90.161335097000062, 23.628987342000073 ], [ 90.162199814000076, 23.628796072000057 ], [ 90.163219067000057, 23.628517247000048 ], [ 90.163671883000063, 23.628272887000037 ], [ 90.163935800000047, 23.627888718000065 ], [ 90.163935540000068, 23.627680966000071 ], [ 90.163859564000063, 23.62743716600005 ], [ 90.16333009300007, 23.626638330000048 ], [ 90.162006642000051, 23.625178677000065 ], [ 90.161666371000081, 23.624761271000068 ], [ 90.161628435000068, 23.624551300000064 ], [ 90.161628180000037, 23.624343546000034 ], [ 90.16170341600008, 23.624239593000027 ], [ 90.161816682000051, 23.624169472000062 ], [ 90.161967504000074, 23.623995433000061 ], [ 90.162193259000048, 23.623473559000047 ], [ 90.162306181000076, 23.623125683000069 ], [ 90.162532325000086, 23.622671551000053 ], [ 90.162909324000054, 23.622323398000049 ], [ 90.163097570000048, 23.621941568000068 ], [ 90.163512680000053, 23.621697249000079 ], [ 90.164229855000031, 23.621452608000027 ], [ 90.164795865000031, 23.621348132000037 ], [ 90.164984705000052, 23.621205668000073 ], [ 90.164984403000062, 23.620966299000031 ], [ 90.164718674000085, 23.619887173000052 ], [ 90.16471824100006, 23.619539415000077 ], [ 90.164869095000086, 23.619399247000047 ], [ 90.165661483000065, 23.619050645000073 ], [ 90.166265557000031, 23.619016126000076 ], [ 90.16690757300006, 23.619189318000053 ], [ 90.167436416000044, 23.619258749000039 ], [ 90.167927183000074, 23.619258219000073 ], [ 90.168191516000036, 23.619221805000052 ], [ 90.168568712000081, 23.619047513000055 ], [ 90.169059122000078, 23.61876922600004 ], [ 90.169360732000087, 23.618421137000041 ], [ 90.169482040000048, 23.618290318000049 ], [ 90.169433616000049, 23.618284852000045 ], [ 90.168088116000035, 23.618208751000054 ], [ 90.166629915000044, 23.618234151000024 ], [ 90.165999715000055, 23.618290651000052 ], [ 90.165450515000032, 23.618366751000053 ], [ 90.165049501000055, 23.618454558000053 ], [ 90.164963216000046, 23.618473451000057 ], [ 90.164877428000068, 23.618492340000046 ], [ 90.164025816000049, 23.618679851000024 ], [ 90.163493317000075, 23.618776952000076 ], [ 90.163003815000081, 23.61882735100005 ], [ 90.162140215000079, 23.618877651000048 ], [ 90.161747216000037, 23.61891335100006 ], [ 90.161165217000075, 23.618968651000046 ], [ 90.159920217000035, 23.618941852000034 ], [ 90.159230816000047, 23.618935651000072 ], [ 90.158842216000039, 23.618957351000063 ], [ 90.158487316000048, 23.618935651000072 ], [ 90.157764216000032, 23.618796351000071 ], [ 90.157338416000073, 23.618675551000024 ], [ 90.156986915000061, 23.618616751000047 ], [ 90.156625317000078, 23.618595051000057 ], [ 90.155932117000077, 23.618593241000042 ], [ 90.155904221000071, 23.618585239000026 ], [ 90.155854731000034, 23.618575790000023 ], [ 90.155895060000034, 23.617967169000053 ], [ 90.155917256000066, 23.617632198000024 ], [ 90.156017615000053, 23.616117625000072 ], [ 90.155743122000047, 23.616102572000045 ], [ 90.155483583000034, 23.615959437000072 ], [ 90.155405503000054, 23.615732472000047 ], [ 90.155444086000045, 23.615457591000052 ], [ 90.15553404700006, 23.614764422000064 ], [ 90.15560709600004, 23.614595610000038 ], [ 90.155637511000066, 23.614525325000045 ], [ 90.155844780000052, 23.614333922000071 ], [ 90.155987120000077, 23.614070887000025 ], [ 90.156129333000081, 23.613700305000066 ], [ 90.156207378000033, 23.613463082000067 ], [ 90.156219784000086, 23.613425371000062 ], [ 90.156439749000072, 23.61300691200006 ], [ 90.156520138000076, 23.612645113000042 ], [ 90.156595904000085, 23.612448954000058 ], [ 90.156567607000056, 23.612441050000029 ], [ 90.156684880000057, 23.611943145000055 ], [ 90.156891317000031, 23.611058662000062 ], [ 90.15696914800003, 23.610855267000034 ], [ 90.157036462000065, 23.610679361000052 ], [ 90.157188656000073, 23.610281633000056 ], [ 90.157206386000041, 23.61023126200007 ], [ 90.157315471000061, 23.609921370000052 ], [ 90.157369594000045, 23.609767615000067 ], [ 90.15765368700005, 23.608763555000053 ], [ 90.157808500000044, 23.60809421700003 ], [ 90.157898615000079, 23.607544440000026 ], [ 90.157690975000037, 23.607413205000057 ], [ 90.157936502000041, 23.606695975000036 ], [ 90.157860252000035, 23.606371022000076 ], [ 90.157980079000083, 23.605795875000069 ], [ 90.15803431300003, 23.605535564000036 ], [ 90.158080738000081, 23.605320422000034 ], [ 90.158018245000051, 23.605112562000045 ], [ 90.15793984000004, 23.604953045000059 ], [ 90.157909052000036, 23.604890409000063 ], [ 90.157893225000066, 23.604668161000063 ], [ 90.15782271300003, 23.604259554000066 ], [ 90.157775566000055, 23.603872433000049 ], [ 90.157736313000044, 23.603578511000023 ], [ 90.157611459000066, 23.603270337000026 ], [ 90.157580080000059, 23.603055274000042 ], [ 90.157663629000069, 23.603064839000069 ], [ 90.157658652000066, 23.603036944000053 ], [ 90.157671514000072, 23.602947309000058 ], [ 90.157699509000054, 23.602882604000058 ], [ 90.157710308000048, 23.602857647000064 ], [ 90.157710221000059, 23.602785949000065 ], [ 90.157645307000053, 23.602720291000026 ], [ 90.157548046000045, 23.602714415000037 ], [ 90.157457297000065, 23.602732431000049 ], [ 90.157314701000075, 23.602768425000079 ], [ 90.157185114000072, 23.602840254000057 ], [ 90.15708795200004, 23.602918026000054 ], [ 90.156984371000078, 23.603049577000036 ], [ 90.156951295000056, 23.603107922000049 ], [ 90.156926056000032, 23.60312977500007 ], [ 90.15663735000004, 23.603786729000035 ], [ 90.156609251000077, 23.603832659000034 ], [ 90.15650561800004, 23.603922386000079 ], [ 90.156401965000043, 23.603994188000058 ], [ 90.156289045000051, 23.604043879000074 ], [ 90.156265879000046, 23.604054074000032 ], [ 90.156155692000084, 23.604084059000058 ], [ 90.155942034000077, 23.604089323000039 ], [ 90.155721288000052, 23.604134760000022 ], [ 90.155396894000035, 23.603955840000026 ], [ 90.154994697000063, 23.603776996000079 ], [ 90.154826107000076, 23.603765215000067 ], [ 90.154608111000073, 23.60381110000003 ], [ 90.154592819000072, 23.603822730000047 ], [ 90.154502154000056, 23.60391244300007 ], [ 90.154405039000039, 23.604032036000035 ], [ 90.154294949000075, 23.604145667000068 ], [ 90.154184853000061, 23.604253324000069 ], [ 90.154009883000072, 23.604331171000069 ], [ 90.153867263000052, 23.604349236000076 ], [ 90.153858253000067, 23.604349245000037 ], [ 90.153692205000084, 23.604349409000065 ], [ 90.153491148000057, 23.604295835000073 ], [ 90.153277144000072, 23.604260197000031 ], [ 90.153050216000054, 23.604260421000049 ], [ 90.152893062000032, 23.604284716000052 ], [ 90.152790821000053, 23.604269117000058 ], [ 90.152735307000057, 23.604305741000076 ], [ 90.152713120000044, 23.604308551000031 ], [ 90.152583543000048, 23.604392327000028 ], [ 90.152434536000044, 23.604494045000024 ], [ 90.152418151000063, 23.604510553000068 ], [ 90.152292060000036, 23.604637581000077 ], [ 90.152169008000044, 23.604757198000073 ], [ 90.152045942000086, 23.604864866000071 ], [ 90.151877737000063, 23.605187672000056 ], [ 90.151800111000057, 23.605343093000045 ], [ 90.151792396000076, 23.605363197000031 ], [ 90.151727478000055, 23.605354658000067 ], [ 90.151515309000047, 23.605326753000043 ], [ 90.151513666000085, 23.605326537000053 ], [ 90.151509779000037, 23.605335370000034 ], [ 90.15145048800008, 23.605470096000033 ], [ 90.151430813000047, 23.605514801000027 ], [ 90.15128592800005, 23.605820855000047 ], [ 90.151223463000065, 23.605962975000068 ], [ 90.151151417000051, 23.606126897000024 ], [ 90.150933759000054, 23.606299183000033 ], [ 90.15093035700005, 23.606299884000066 ], [ 90.150667826000074, 23.606353913000078 ], [ 90.15065372600003, 23.606356815000026 ], [ 90.150342416000058, 23.606280638000044 ], [ 90.149519954000084, 23.605958021000049 ], [ 90.149474988000065, 23.605940383000075 ], [ 90.149127920000069, 23.605804241000044 ], [ 90.148188075000064, 23.605437628000061 ], [ 90.147409535000065, 23.604998622000039 ], [ 90.146475200000054, 23.604387682000038 ], [ 90.145706994000079, 23.603900858000031 ], [ 90.144544513000085, 23.603347480000025 ], [ 90.143579331000069, 23.602965986000072 ], [ 90.143070829000067, 23.602794380000034 ], [ 90.14267643900007, 23.602622668000038 ], [ 90.142167868000058, 23.602384140000026 ], [ 90.14168010700007, 23.602202951000038 ], [ 90.141213300000061, 23.602212936000058 ], [ 90.140982055000052, 23.602255774000071 ], [ 90.140694714000063, 23.602309004000062 ], [ 90.140217757000073, 23.602529309000033 ], [ 90.139906777000078, 23.602749464000055 ], [ 90.13952303800005, 23.602835847000051 ], [ 90.138506307000057, 23.602741160000051 ], [ 90.137634772000069, 23.602608098000076 ], [ 90.137146967000035, 23.60237909600005 ], [ 90.136721613000077, 23.602350792000038 ], [ 90.136437593000039, 23.602372855000056 ], [ 90.136436672000059, 23.602371159000029 ], [ 90.136295304000043, 23.602111235000052 ], [ 90.136278087000051, 23.601754457000027 ], [ 90.136260890000074, 23.601413486000069 ], [ 90.136428410000065, 23.601088159000028 ], [ 90.136562605000051, 23.600826092000034 ], [ 90.136528542000065, 23.600469330000067 ], [ 90.136461112000063, 23.600130661000037 ], [ 90.136678701000051, 23.599649477000071 ], [ 90.137215714000035, 23.599418668000055 ], [ 90.137702700000034, 23.599386625000022 ], [ 90.137937457000078, 23.59921705000005 ], [ 90.138024933000054, 23.598982124000031 ], [ 90.138104841000086, 23.598767524000039 ], [ 90.138037209000061, 23.598241426000072 ], [ 90.137801631000059, 23.597916456000064 ], [ 90.137600055000064, 23.597591457000078 ], [ 90.137247201000037, 23.597298205000072 ], [ 90.136860929000079, 23.597266934000061 ], [ 90.136525262000077, 23.597298841000054 ], [ 90.136223094000059, 23.597145549000061 ], [ 90.13593725800007, 23.596789006000051 ], [ 90.135483642000054, 23.596495839000056 ], [ 90.135038242000064, 23.596232176000058 ], [ 90.135030356000073, 23.596227508000027 ], [ 90.134972723000033, 23.596207229000072 ], [ 90.134851107000031, 23.596164436000038 ], [ 90.134580559000085, 23.59607660100005 ], [ 90.134531537000043, 23.596060838000028 ], [ 90.134442684000078, 23.59603155700006 ], [ 90.133770968000078, 23.59601858700006 ], [ 90.133334654000066, 23.596172522000074 ], [ 90.133033011000066, 23.596529572000065 ], [ 90.132798297000079, 23.596744301000058 ], [ 90.13263069900006, 23.596992844000056 ], [ 90.132529146000081, 23.597130681000067 ], [ 90.132424774000071, 23.597271894000073 ], [ 90.13234632800004, 23.597186618000023 ], [ 90.132306592000077, 23.597183323000024 ], [ 90.132232212000076, 23.597177155000054 ], [ 90.132003970000085, 23.597148670000024 ], [ 90.131889816000069, 23.597100968000063 ], [ 90.131765297000072, 23.597062835000031 ], [ 90.131547429000079, 23.59703434000005 ], [ 90.131447138000055, 23.597038827000063 ], [ 90.131111768000039, 23.597053828000071 ], [ 90.130945766000082, 23.597025289000044 ], [ 90.130920337000077, 23.597017502000028 ], [ 90.130696731000057, 23.596949021000057 ], [ 90.130406212000082, 23.596882346000029 ], [ 90.130053538000084, 23.596901762000073 ], [ 90.129448530000047, 23.596916940000028 ], [ 90.128871007000043, 23.596931427000072 ], [ 90.128747461000046, 23.596802822000029 ], [ 90.126462579000076, 23.59431481300004 ], [ 90.126229404000071, 23.594544437000025 ], [ 90.125840739000068, 23.594888903000026 ], [ 90.122502765000036, 23.596985865000079 ], [ 90.122321833000058, 23.597805221000044 ], [ 90.122406608000063, 23.598719718000041 ], [ 90.122419818000083, 23.598764871000071 ], [ 90.122418001000085, 23.59878519800003 ], [ 90.122418164000067, 23.59896133500007 ], [ 90.122302522000041, 23.59911046600007 ], [ 90.122190817000046, 23.599214431000064 ], [ 90.12210426200005, 23.599352248000059 ], [ 90.121966573000066, 23.599510428000031 ], [ 90.121418945000073, 23.599553764000063 ], [ 90.120898427000043, 23.599432228000069 ], [ 90.120263546000047, 23.599552757000026 ], [ 90.120074310000064, 23.599588681000057 ], [ 90.119896668000081, 23.599604629000055 ], [ 90.119709023000041, 23.599733487000037 ], [ 90.119572769000058, 23.599787789000061 ], [ 90.119572993000077, 23.600036192000061 ], [ 90.119421945000056, 23.600329871000042 ], [ 90.119085400000074, 23.600420456000052 ], [ 90.118930740000053, 23.600449931000071 ], [ 90.118738721000057, 23.600483952000047 ], [ 90.118740903000059, 23.600513784000043 ], [ 90.118783996000047, 23.601102659000048 ], [ 90.118807873000037, 23.601427819000037 ], [ 90.118875741000068, 23.601615198000047 ], [ 90.118896407000079, 23.601732319000064 ], [ 90.11890283200006, 23.601768732000039 ], [ 90.119037624000043, 23.602125423000075 ], [ 90.119047219000038, 23.602236066000046 ], [ 90.118643735000035, 23.602907938000044 ], [ 90.118602204000069, 23.60297709200006 ], [ 90.118561255000031, 23.603083258000026 ], [ 90.118501248000086, 23.603114918000074 ], [ 90.118165739000062, 23.603347768000049 ], [ 90.118152292000048, 23.603459465000071 ], [ 90.118132296000056, 23.603625549000071 ], [ 90.118140728000071, 23.603653365000071 ], [ 90.118216473000075, 23.603903241000069 ], [ 90.118307178000066, 23.60394382000004 ], [ 90.118562100000076, 23.604702375000045 ], [ 90.119216098000038, 23.605163640000058 ], [ 90.119489596000051, 23.605356538000024 ], [ 90.119155504000048, 23.60580165600004 ], [ 90.118730275000075, 23.607095921000052 ], [ 90.117618637000078, 23.608119725000051 ], [ 90.117348313000036, 23.608296067000026 ], [ 90.116973882000082, 23.608526687000051 ], [ 90.116912225000078, 23.608555028000069 ], [ 90.116693405000035, 23.608655613000053 ], [ 90.116374326000084, 23.608777794000048 ], [ 90.115910403000044, 23.608958796000024 ], [ 90.11554355800007, 23.609103594000032 ], [ 90.115536529000053, 23.609126181000079 ], [ 90.115495304000035, 23.609272993000047 ], [ 90.115480953000031, 23.609324941000068 ], [ 90.115418064000039, 23.609568872000068 ], [ 90.11533442700005, 23.609907662000069 ], [ 90.115368545000081, 23.610388629000056 ], [ 90.115435804000072, 23.610589560000051 ], [ 90.115503216000036, 23.610959851000075 ], [ 90.115547507000031, 23.611165312000026 ], [ 90.115689103000079, 23.611814342000059 ], [ 90.115670525000041, 23.611863258000028 ], [ 90.115592861000039, 23.61202822100006 ], [ 90.115546346000031, 23.612221841000064 ], [ 90.115491882000072, 23.612308688000041 ], [ 90.115460875000053, 23.612358131000065 ], [ 90.115305438000064, 23.612566171000026 ], [ 90.115181064000069, 23.612702489000071 ], [ 90.115033345000086, 23.61283882400005 ], [ 90.114885632000039, 23.612982330000023 ], [ 90.114776805000076, 23.613104297000064 ], [ 90.114667990000044, 23.613240604000055 ], [ 90.114590299000042, 23.613376888000062 ], [ 90.114543738000066, 23.613520318000042 ], [ 90.114520514000048, 23.613656561000028 ], [ 90.114478185000053, 23.613716947000057 ], [ 90.114435028000059, 23.613778511000078 ], [ 90.114326218000031, 23.613921987000026 ], [ 90.114155179000079, 23.614087018000077 ], [ 90.114046388000077, 23.614252004000036 ], [ 90.113976477000051, 23.61438828200005 ], [ 90.113929932000076, 23.614553220000062 ], [ 90.113821123000037, 23.614696697000056 ], [ 90.11368122500005, 23.614883214000031 ], [ 90.113580250000041, 23.615091212000038 ], [ 90.113518199000055, 23.615320691000022 ], [ 90.113494999000068, 23.615485613000033 ], [ 90.113417662000074, 23.616037744000039 ], [ 90.113388672000042, 23.61621933400005 ], [ 90.113246715000059, 23.616392263000023 ], [ 90.113246873000037, 23.616392440000027 ], [ 90.113226653000083, 23.616416701000048 ], [ 90.112448445000041, 23.617350489000046 ], [ 90.112279351000041, 23.617521801000066 ], [ 90.111330942000052, 23.618482644000039 ], [ 90.110177861000068, 23.619804782000074 ], [ 90.109894328000053, 23.620129880000036 ], [ 90.108430355000053, 23.621336778000057 ], [ 90.108022137000034, 23.621771894000062 ], [ 90.10708204000008, 23.622773918000064 ], [ 90.10670065000005, 23.623180654000066 ], [ 90.106179633000067, 23.623822378000057 ], [ 90.106188174000067, 23.623829086000057 ], [ 90.106272982000064, 23.623864815000047 ], [ 90.106349808000061, 23.623897181000075 ], [ 90.106351367000059, 23.623897839000051 ], [ 90.106579301000068, 23.623945572000025 ], [ 90.107090744000061, 23.624052676000076 ], [ 90.108128526000087, 23.624338748000071 ], [ 90.108832048000068, 23.624589102000073 ], [ 90.108932864000053, 23.624624977000053 ], [ 90.10893337400006, 23.62462514300006 ], [ 90.109462779000069, 23.624797265000041 ], [ 90.109670190000031, 23.624677622000036 ], [ 90.109739323000042, 23.624597034000033 ], [ 90.111106518000042, 23.624930451000068 ], [ 90.111879103000035, 23.624965486000065 ], [ 90.112429063000036, 23.625032007000073 ], [ 90.112863379000032, 23.625053032000039 ], [ 90.11320726200006, 23.625069679000035 ], [ 90.113326088000065, 23.625066579000077 ], [ 90.114338170000053, 23.625040171000023 ], [ 90.114427349000039, 23.624999005000063 ], [ 90.11446262700008, 23.624982721000038 ], [ 90.114493712000069, 23.624934899000039 ], [ 90.115526795000051, 23.625014925000073 ], [ 90.115585120000048, 23.625019443000042 ], [ 90.116815834000079, 23.62511476800006 ], [ 90.116900969000085, 23.625092756000072 ], [ 90.11695745600008, 23.625221428000032 ], [ 90.117250335000051, 23.62574660100006 ], [ 90.117277195000042, 23.625794765000023 ], [ 90.117512657000077, 23.62633654800004 ], [ 90.117729646000043, 23.626769957000079 ], [ 90.117781823000087, 23.626876051000067 ], [ 90.117714934000048, 23.627108695000061 ], [ 90.117677387000072, 23.627257762000056 ], [ 90.11766456600003, 23.627309710000077 ], [ 90.117412828000056, 23.627418293000062 ], [ 90.117027042000075, 23.627682791000041 ], [ 90.116902574000051, 23.627751223000075 ], [ 90.116791853000052, 23.629717826000046 ], [ 90.120107215000075, 23.630315701000029 ], [ 90.120353512000065, 23.630172114000061 ], [ 90.120228477000069, 23.629898058000038 ], [ 90.120240109000065, 23.629890981000074 ], [ 90.120333017000064, 23.629834451000079 ], [ 90.120402917000035, 23.629795051000031 ], [ 90.120500770000035, 23.629736366000031 ], [ 90.120412720000047, 23.629361348000032 ], [ 90.120277685000076, 23.629198938000059 ], [ 90.120555547000038, 23.628704166000034 ], [ 90.120985902000086, 23.627695563000032 ], [ 90.12105517100008, 23.627695508000045 ], [ 90.121729414000072, 23.628192478000074 ], [ 90.121821302000058, 23.62826020600005 ], [ 90.122037980000073, 23.628419912000027 ], [ 90.122240067000064, 23.628568864000044 ], [ 90.122237038000037, 23.628579788000025 ], [ 90.122237056000074, 23.628599135000059 ], [ 90.122237171000052, 23.628722052000057 ], [ 90.122241236000036, 23.628810117000057 ], [ 90.122241527000085, 23.629124004000062 ], [ 90.122242050000068, 23.629688548000047 ], [ 90.122310840000068, 23.630192068000042 ], [ 90.12244752600003, 23.630569075000039 ], [ 90.12251589300007, 23.630946137000024 ], [ 90.122788681000031, 23.63107012100005 ], [ 90.123607068000069, 23.631132699000034 ], [ 90.123879568000064, 23.630945053000062 ], [ 90.12394716700004, 23.630504654000049 ], [ 90.123946637000074, 23.629940111000053 ], [ 90.123946280000041, 23.62956299700005 ], [ 90.124355286000082, 23.629562669000052 ], [ 90.124438566000038, 23.629608354000027 ], [ 90.124696457000084, 23.629749824000044 ], [ 90.124969545000056, 23.630189948000066 ], [ 90.124969959000055, 23.630628035000029 ], [ 90.124561311000036, 23.631007737000061 ], [ 90.124356947000081, 23.631321787000047 ], [ 90.124338820000048, 23.631473452000023 ], [ 90.124305901000071, 23.631748873000049 ], [ 90.124302777000082, 23.631775021000067 ], [ 90.12428946700004, 23.631886383000051 ], [ 90.124221557000055, 23.632326784000043 ], [ 90.124221972000043, 23.632764872000052 ], [ 90.125176947000057, 23.633077989000071 ], [ 90.125159326000073, 23.633184017000076 ], [ 90.125624781000056, 23.633152135000046 ], [ 90.12598526000005, 23.63309530500004 ], [ 90.126227886000038, 23.633086166000055 ], [ 90.126464874000078, 23.633083329000044 ], [ 90.126651152000079, 23.632979689000024 ], [ 90.126962393000042, 23.632973452000044 ], [ 90.127003483000067, 23.632972629000051 ], [ 90.127675446000069, 23.633048854000037 ], [ 90.127808482000034, 23.633079983000073 ], [ 90.128204380000057, 23.63317261800006 ], [ 90.128532021000069, 23.633296546000054 ], [ 90.128935114000058, 23.633503964000056 ], [ 90.12939698200006, 23.633659393000073 ], [ 90.129558628000041, 23.633844430000067 ], [ 90.12957030900003, 23.633882807000077 ], [ 90.129692856000077, 23.633807299000068 ], [ 90.129823532000046, 23.633726781000064 ], [ 90.129919905000065, 23.633679268000037 ], [ 90.129920215000084, 23.633679735000044 ], [ 90.12996884100005, 23.63370395000004 ], [ 90.130107078000037, 23.633772786000065 ], [ 90.130379504000075, 23.633822746000078 ], [ 90.130612997000071, 23.633851229000072 ], [ 90.130830926000044, 23.633879724000053 ], [ 90.131087802000081, 23.63394403500007 ], [ 90.131368039000051, 23.634022666000078 ], [ 90.131586040000059, 23.634122858000069 ], [ 90.131655584000043, 23.634160679000047 ], [ 90.132138877000045, 23.634423519000052 ], [ 90.132333527000071, 23.634516560000066 ], [ 90.132535914000073, 23.634566575000065 ], [ 90.132769409000048, 23.634595055000034 ], [ 90.133002882000085, 23.634602025000049 ], [ 90.133283042000073, 23.634601785000029 ], [ 90.133485380000081, 23.634601611000051 ], [ 90.13356304000007, 23.634591786000044 ], [ 90.133827776000032, 23.634579806000033 ], [ 90.133991201000072, 23.634579665000047 ], [ 90.134170192000056, 23.634579510000037 ], [ 90.134325837000063, 23.634579375000044 ], [ 90.134605988000033, 23.634571963000042 ], [ 90.134784972000034, 23.634564638000029 ], [ 90.135018453000043, 23.634578774000033 ], [ 90.135170308000056, 23.634607440000025 ], [ 90.135868758000072, 23.634678127000029 ], [ 90.135909121000054, 23.63468221200003 ], [ 90.135988613000052, 23.634690256000056 ], [ 90.13702993000004, 23.634906127000079 ], [ 90.138171646000046, 23.635029313000075 ], [ 90.13864188000008, 23.634965666000028 ], [ 90.139649206000058, 23.634903790000067 ], [ 90.140421697000079, 23.634995679000042 ], [ 90.140656794000051, 23.635088050000036 ], [ 90.141664292000087, 23.634901963000061 ] ] ] ] } },
{ "type": "Feature", "properties": { "FEATURE_ID": "DH22_4990", "GEO_CODE": "3026007280", "GEO_CODE_CLEAN": "3026007280", "ADMIN_LEVEL": "municipality", "LEVEL_STANDARD": "municipality", "LEVEL_ORDER": 4, "location_name": "Savar Pourasabha", "PARENT_GEO_CODE": "30260072", "PARENT_LOCATION_NAME": "Savar", "CHILD_COUNT": 0, "HAS_CHILDREN": 0, "ADMIN_PATH": "3026/30260072/3026007280", "CENSUS_DATA_AVAILABLE": 1, "CENSUS_TABLE_COUNT": 18, "CENSUS_COVERAGE_PCT": 100.0, "SDG_DATA_AVAILABLE": 1, "SDG_INDICATOR_COUNT": 22, "NAME_MATCH_STATUS": "CODE_MATCH_NAME_VARIANT", "CENSUS_LOCATION_NAME": "Savar Paurashava", "DIVISION_CODE": "30", "DIVISION_NAME": "Dhaka", "DISTRICT_CODE": "26", "DISTRICT_NAME": "Dhaka", "CITY_CODE": "00", "CITY_NAME": " ", "UPAZILA_CODE": "72", "UPAZILA_NAME": "Savar", "MUNICIPALITY_CODE": "80", "MUNICIPALITY_NAME": "Savar Pourasabha", "UNION_CODE": null, "UNION_NAME": null, "MAUZA_CODE": null, "CENTROID_LAT": 23.845446334914435, "CENTROID_LON": 90.259851183801231, "MAUZA_NAME": null, "VILLAGE_CODE": null, "VILLAGE_NAME": null, "RMO_CODE": null, "location_id": "4325", "source_row_number": 4331.0, "level": "paurashava", "district": 26.0, "city_corporation": null, "upazila_thana": 72.0, "paurashava": 80.0, "union_ward": null, "mauza": null, "village_mahalla": null, "household_except_floating_household_total_c_01": 113484.0, "general_c_01": 108832.0, "institutional_c_01": 122.0, "others_c_01": 4530.0, "population_including_floating_population_total_c_01": 384105.0, "male_c_01": 198719.0, "female_c_01": 185374.0, "hijra_c_01": 12.0, "sex_ratio_c_01": 107.2, "total_c_02": 384105.0, "age_group_in_years_0_4_c_02": 29725.0, "5_9_c_02": 29302.0, "10_14_c_02": 31884.0, "15_19_c_02": 37143.0, "20_24_c_02": 44869.0, "25_29_c_02": 48021.0, "30_34_c_02": 39292.0, "35_39_c_02": 36220.0, "40_44_c_02": 25864.0, "45_49_c_02": 17790.0, "50_54_c_02": 15069.0, "55_59_c_02": 9469.0, "60_64_c_02": 8261.0, "65_69_c_02": 5108.0, "70_74_c_02": 3328.0, "75_79_c_02": 1268.0, "80_c_02": 1492.0, "total_c_03": 384105.0, "muslim_c_03": 355228.0, "hindu_c_03": 25726.0, "christian_c_03": 2989.0, "buddhist_c_03": 136.0, "others_c_03": 26.0, "male_population_number_c_04": 168260.0, "total_c_04": 100.0, "never_married_c_04": 33.25, "currently_married_c_04": 65.82, "widowed_widower_c_04": 0.6, "divorced_c_04": 0.19, "separated_c_04": 0.15, "female_population_number_c_04": 156806.0, "total_1_c_04": 100.0, "never_married_1_c_04": 20.98, "currently_married_1_c_04": 70.84, "widowed_widower_1_c_04": 6.46, "divorced_1_c_04": 0.84, "separated_1_c_04": 0.88, "5_years_and_above_total_c_05": 85.33, "male_c_05": 87.0, "female_c_05": 83.53, "7_years_and_above_total_c_05": 86.0, "male_1_c_05": 87.75, "female_1_c_05": 84.12, "15_years_and_above_total_c_05": 84.58, "male_2_c_05": 86.67, "female_2_c_05": 82.36, "population_number_c_06": 354368.0, "field_of_education_total_c_06": 309609.0, "general_c_06": 287453.0, "technical_c_06": 3236.0, "religious_c_06": 16463.0, "others_c_06": 2457.0, "highest_level_of_education_attained_total_c_06": 309609.0, "attended_school_but_not_completed_play_nursery_kg_pre_primary_class_i_c_06": 3418.0, "play_nursery_kg_pre_primary_student_c_06": 7866.0, "student_class_i_c_06": 4862.0, "class_i_v_c_06": 79257.0, "class_vi_ix_c_06": 83671.0, "ssc_dakhil_o_level_equivalent_c_06": 43727.0, "hsc_alim_a_level_equivalent_c_06": 40088.0, "diploma_nursing_midwifery_c_06": 2346.0, "graduate_and_above_c_06": 37723.0, "non_formal_informal_education_and_others_c_06": 6651.0, "total_male_c_07": 45688.0, "female_c_07": 39704.0, "5_9_years_male_c_07": 11866.0, "female_1_c_07": 11032.0, "10_14_years_male_c_07": 14235.0, "female_2_c_07": 12594.0, "15_19_years_male_c_07": 10674.0, "female_3_c_07": 9159.0, "20_24_years_male_c_07": 6754.0, "female_4_c_07": 5516.0, "25_29_years_male_c_07": 2159.0, "female_5_c_07": 1403.0, "population_total_c_08": 354368.0, "male_c_08": 183543.0, "female_c_08": 170825.0, "employed_total_c_08": 167037.0, "male_1_c_08": 121877.0, "female_1_c_08": 45160.0, "household_work_total_c_08": 62648.0, "male_2_c_08": 817.0, "female_2_c_08": 61831.0, "looking_for_work_total_c_08": 3266.0, "male_3_c_08": 2461.0, "female_3_c_08": 805.0, "do_not_work_total_c_08": 121417.0, "male_4_c_08": 58388.0, "female_4_c_08": 63029.0, "total_c_09": 167037.0, "male_c_09": 121877.0, "female_c_09": 45160.0, "agriculture_total_c_09": 2589.0, "male_1_c_09": 2433.0, "female_1_c_09": 156.0, "industry_total_c_09": 86293.0, "male_2_c_09": 55290.0, "female_2_c_09": 31003.0, "service_total_c_09": 78155.0, "male_3_c_09": 64154.0, "female_3_c_09": 14001.0, "total_c_10": 25.43, "15_19_years_c_10": 22.07, "20_24_years_c_10": 28.22, "male_total_c_10": 8.64, "15_19_years_1_c_10": 10.27, "20_24_years_1_c_10": 7.21, "female_total_c_10": 39.99, "15_19_years_2_c_10": 32.93, "20_24_years_2_c_10": 45.55, "population_having_mobile_phone_for_own_use_5_years_and_above_total_c_11_": 70.3, "male_c_11_": 76.4, "female_c_11_": 63.75, "15_years_and_above_total_c_11_": 83.87, "male_1_c_11_": 91.41, "female_1_c_11_": 75.85, "internet_user_5_years_and_above_total_c_11_": 47.81, "male_2_c_11_": 55.6, "female_2_c_11_": 39.44, "15_years_and_above_total_1_c_11_": 55.11, "male_3_c_11_": 64.63, "female_3_c_11_": 44.98, "having_account_in_financial_institution_bank_insurance_micro_credit_post_office_etc_total_c_12": 32.34, "male_c_12": 38.45, "female_c_12": 25.83, "having_mobile_banking_account_total_c_12": 52.22, "male_1_c_12": 64.91, "female_1_c_12": 38.71, "ethnic_population_total_c_13": 3413.0, "male_c_13": 1644.0, "female_c_13": 1769.0, "ethnic_population_in_major_groups_garo_c_13": 117.0, "chakma_c_13": 57.0, "marma_c_13": 24.0, "others_c_13": 3215.0, "general_household_c_14": 108832.0, "type_of_structure_total_c_14": 100.0, "pucca_c_14": 59.01, "semi_pucca_c_14": 34.38, "kancha_c_14": 6.55, "jhupri_c_14": 0.06, "ownership_status_total_c_14": 100.0, "own_dwelling_unit_c_14": 20.43, "rented_but_having_own_dwelling_unit_elsewhere_c_14": 70.36, "rented_and_having_no_own_dwelling_unit_elsewhere_c_14": 8.35, "rent_free_but_having_own_dwelling_unit_elsewhere_c_14": 0.6, "rent_free_and_having_no_own_dwelling_unit_elsewhere_c_14": 0.27, "general_household_c_15": 108832.0, "source_of_drinking_water_total_c_15": 100.0, "tap_pipe_supply_c_15": 0.0, "tube_well_deep_shallow_c_15": 99.96, "bottled_jar_water_c_15": 0.01, "well_c_15": 0.02, "pond_river_canal_lake_c_15": 0.01, "spring_c_15": 0.0, "rain_water_c_15": 0.0, "others_c_15": 0.0, "general_household_c_16": 108832.0, "toilet_facilities_total_c_16": 100.0, "safe_disposal_with_flushing_pouring_water_c_16": 94.48, "unsafe_disposal_with_flushing_pouring_water_c_16": 3.64, "pit_latrine_with_slab_ventilated_improved_latrine_composting_latrine_c_16": 1.66, "pit_latrine_without_slab_open_pit_c_16": 0.16, "raw_open_hanging_latrine_permanent_temporary_c_16": 0.04, "open_defecation_no_latrine_available_c_16": 0.01, "general_household_c_17": 108832.0, "source_of_cooking_fuel_total_c_17": 100.0, "straw_leaf_bran_husk_c_17": 0.55, "wood_chalk_chopped_wood_c_17": 3.77, "wood_coal_charcoal_dried_dung_c_17": 0.38, "kerosene_paraffin_c_17": 0.02, "petrol_diesel_c_17": 0.01, "electricity_c_17": 0.15, "supply_gas_c_17": 83.25, "lp_gas_c_17": 11.76, "biogas_c_17": 0.04, "others_c_17": 0.07, "electricity_coverage_c_17": 99.98, "general_household_c_18": 108832.0, "household_comprising_1_person_c_18": 8894.0, "2_person_c_18": 26183.0, "3_person_c_18": 27991.0, "4_person_c_18": 25804.0, "5_person_c_18": 11646.0, "6_person_c_18": 4598.0, "7_person_c_18": 1886.0, "8_person_c_18": 863.0, "9_person_c_18": 450.0, "10_person_c_18": 242.0, "10_person_1_c_18": 275.0, "average_household_size_c_18": 3.35, "code_15": null, "code_18": null, "LOCATION_NAME_CLEAN": "Savar Pourasabha", "LOCATION_KEY": "3026007280", "sdg_4_2_2_learning_total": 53.37, "sdg_4_2_2_learning_male": 51.08, "sdg_4_2_2_learning_female": 55.83, "sdg_5_b_1_mobile_total": 70.3, "sdg_5_b_1_mobile_male": 76.4, "sdg_5_b_1_mobile_female": 63.75, "sdg_6_2_1a_basic_sanitation": 56.07, "sdg_6_2_1b_handwashing": 93.34, "sdg_7_1_1_electricity": 99.97, "sdg_7_1_2_clean_fuel": 94.8, "sdg_8_6_1_neet_total": 25.43, "sdg_8_6_1_neet_male": 8.64, "sdg_8_6_1_neet_female": 39.99, "sdg_8_10_2_financial_inclusion_total": 60.12, "sdg_8_10_2_financial_inclusion_male": 71.61, "sdg_8_10_2_financial_inclusion_female": 47.9, "sdg_11_1_1_urban_slum_total": 0.14, "sdg_11_1_1_urban_slum_male": 0.13, "sdg_11_1_1_urban_slum_female": 0.15, "sdg_17_8_1_internet_total": 47.81, "sdg_17_8_1_internet_male": 55.6, "sdg_17_8_1_internet_female": 39.44, "IS_LEAF": 0 }, "geometry": { "type": "MultiPolygon", "coordinates": [ [ [ [ 90.253021523000086, 23.875426857000036 ], [ 90.253816511000082, 23.875425548000067 ], [ 90.253921569000056, 23.875429480000037 ], [ 90.254683388000046, 23.875457987000061 ], [ 90.254750926000042, 23.875457875000052 ], [ 90.255695080000066, 23.875456310000061 ], [ 90.256056468000054, 23.875356353000029 ], [ 90.256453262000036, 23.875156982000078 ], [ 90.256853357000068, 23.874956 ], [ 90.257104536000043, 23.874829824000074 ], [ 90.257319216000042, 23.87472198200004 ], [ 90.257536468000069, 23.874690005000048 ], [ 90.257897563000085, 23.874754887000051 ], [ 90.258186637000051, 23.874720530000047 ], [ 90.25849502300008, 23.874519040000052 ], [ 90.258686093000051, 23.87428613700007 ], [ 90.258829836000075, 23.874023957000077 ], [ 90.258827643000075, 23.873989090000066 ], [ 90.258826098000043, 23.873964521000062 ], [ 90.258812424000041, 23.873747070000036 ], [ 90.258811582000078, 23.873733662000063 ], [ 90.258802576000051, 23.873590448000073 ], [ 90.258840071000066, 23.872996507000039 ], [ 90.258839146000071, 23.872531341000069 ], [ 90.258838473000083, 23.872192723000069 ], [ 90.258838303000061, 23.872106821000045 ], [ 90.258849182000063, 23.872064704000024 ], [ 90.258907749000059, 23.871837991000064 ], [ 90.258909860000074, 23.87183320500003 ], [ 90.258978719000083, 23.871677004000048 ], [ 90.258980472000076, 23.871673028000032 ], [ 90.259050437000042, 23.871682874000044 ], [ 90.260312339000052, 23.87186046100004 ], [ 90.260529167000072, 23.871925579000049 ], [ 90.260710145000075, 23.871949503000053 ], [ 90.260776391000036, 23.871879023000076 ], [ 90.260784681000075, 23.871870203000071 ], [ 90.26078736900007, 23.87177583600004 ], [ 90.260790745000065, 23.871657307000078 ], [ 90.260792656000035, 23.871590273000038 ], [ 90.260696835000033, 23.871343271000057 ], [ 90.260778765000055, 23.871142202000044 ], [ 90.260979184000064, 23.870651945000077 ], [ 90.261023589000047, 23.870480403000045 ], [ 90.261056547000067, 23.870353084000044 ], [ 90.261017147000075, 23.870144039000024 ], [ 90.260626633000072, 23.869792200000063 ], [ 90.260256269000081, 23.869768927000052 ], [ 90.260093195000081, 23.869720856000072 ], [ 90.260054749000062, 23.869709522000051 ], [ 90.260040599000035, 23.869130010000049 ], [ 90.260020404000045, 23.868777541000043 ], [ 90.259570248000045, 23.868686122000042 ], [ 90.259513444000049, 23.868674587000044 ], [ 90.259337843000083, 23.868575556000053 ], [ 90.25920811900005, 23.868442434000031 ], [ 90.259175091000031, 23.868408541000065 ], [ 90.259060404000081, 23.867571663000035 ], [ 90.258965082000032, 23.867339600000037 ], [ 90.258952904000068, 23.867183200000056 ], [ 90.258945069000049, 23.867082566000079 ], [ 90.258934370000077, 23.866929635000076 ], [ 90.258926720000034, 23.866820279000024 ], [ 90.258923672000037, 23.866776703000028 ], [ 90.258834529000069, 23.866380138000068 ], [ 90.25880152700006, 23.866194867000047 ], [ 90.258767517000081, 23.866003940000041 ], [ 90.258739382000044, 23.865845987000057 ], [ 90.25883559500005, 23.865804481000055 ], [ 90.259182604000046, 23.865589381000063 ], [ 90.259546526000065, 23.865236505000041 ], [ 90.25976294700007, 23.864795810000032 ], [ 90.259772511000051, 23.864741848000051 ], [ 90.259804279000036, 23.864562598000077 ], [ 90.259874636000063, 23.864165613000068 ], [ 90.26001586600006, 23.863573753000026 ], [ 90.260023170000068, 23.863542127000073 ], [ 90.260025714000051, 23.863542454000026 ], [ 90.260317887000042, 23.863580017000061 ], [ 90.260488613000064, 23.863620375000039 ], [ 90.260492011000053, 23.863610813000037 ], [ 90.260486050000054, 23.863607130000048 ], [ 90.260509249000052, 23.863543865000054 ], [ 90.260555029000045, 23.863415075000034 ], [ 90.260848644000077, 23.863209091000044 ], [ 90.261714655000048, 23.863155686000027 ], [ 90.261873518000073, 23.863155415000051 ], [ 90.261918683000033, 23.863231813000027 ], [ 90.26194692100006, 23.863231766000069 ], [ 90.262199885000086, 23.86326520700004 ], [ 90.262850336000042, 23.863462811000034 ], [ 90.262987997000039, 23.863446982000028 ], [ 90.263428435000037, 23.863396339000076 ], [ 90.263544479000075, 23.863342881000051 ], [ 90.263644917000079, 23.863296611000067 ], [ 90.263969508000059, 23.86293024400004 ], [ 90.264365511000051, 23.862365041000032 ], [ 90.264428649000081, 23.862203983000029 ], [ 90.264509016000034, 23.861998982000046 ], [ 90.264606987000036, 23.861757339000064 ], [ 90.264617121000072, 23.861732342000039 ], [ 90.264674942000056, 23.861626097000055 ], [ 90.26472536600005, 23.861533444000031 ], [ 90.264731782000069, 23.861483057000044 ], [ 90.264761037000085, 23.861253309000062 ], [ 90.264803306000033, 23.860921365000024 ], [ 90.264804514000048, 23.860912330000076 ], [ 90.26475965000003, 23.860885310000072 ], [ 90.264708901000063, 23.860856047000027 ], [ 90.264713076000078, 23.860844600000064 ], [ 90.264734851000071, 23.860739778000038 ], [ 90.264756720000037, 23.860634435000065 ], [ 90.264763083000048, 23.860603778000041 ], [ 90.264778184000079, 23.860307178000028 ], [ 90.264778351000075, 23.860305657000026 ], [ 90.264852284000085, 23.859633678000023 ], [ 90.264873379000051, 23.859635269000023 ], [ 90.26591325000004, 23.859713724000073 ], [ 90.266287785000031, 23.859741979000034 ], [ 90.266351225000051, 23.859397650000062 ], [ 90.26642955300008, 23.858972521000055 ], [ 90.266468086000032, 23.858763379000038 ], [ 90.266585187000032, 23.858105180000052 ], [ 90.267038987000035, 23.858088879000036 ], [ 90.267447588000039, 23.858079432000068 ], [ 90.267462787000056, 23.858079079000049 ], [ 90.267655212000079, 23.858123990000024 ], [ 90.267659881000043, 23.858125080000036 ], [ 90.267649146000053, 23.858033165000052 ], [ 90.267633936000038, 23.857902932000059 ], [ 90.26763070100003, 23.857875229000058 ], [ 90.267607995000049, 23.857680801000072 ], [ 90.267583802000047, 23.857473630000072 ], [ 90.267572102000031, 23.857301330000041 ], [ 90.267610202000071, 23.856959330000052 ], [ 90.267615154000055, 23.856881817000044 ], [ 90.267623375000085, 23.856753121000054 ], [ 90.267637702000059, 23.856528825000055 ], [ 90.267638585000043, 23.856515023000043 ], [ 90.267639072000065, 23.856507393000072 ], [ 90.267654381000057, 23.85626772300003 ], [ 90.265298466000047, 23.856060089000039 ], [ 90.264935114000082, 23.856028063000053 ], [ 90.264955818000033, 23.855786480000063 ], [ 90.264972826000076, 23.855588014000034 ], [ 90.264988514000038, 23.855404953000061 ], [ 90.264996880000069, 23.855307326000059 ], [ 90.26491087800008, 23.855289371000026 ], [ 90.264920239000048, 23.854953484000077 ], [ 90.264922696000042, 23.85486534100005 ], [ 90.26492750500006, 23.854692798000031 ], [ 90.264929571000039, 23.854618646000063 ], [ 90.264934778000054, 23.854431796000028 ], [ 90.264912296000034, 23.854298039000071 ], [ 90.264876514000036, 23.854085145000056 ], [ 90.264829570000074, 23.853805838000028 ], [ 90.264802145000033, 23.853672279000023 ], [ 90.264742069000079, 23.853379712000049 ], [ 90.264708774000042, 23.85321755700005 ], [ 90.264700658000038, 23.853178038000067 ], [ 90.264673409000068, 23.853045328000064 ], [ 90.264669303000062, 23.852987557000063 ], [ 90.264668786000072, 23.852980286000047 ], [ 90.264666815000055, 23.852952540000047 ], [ 90.264654490000055, 23.852779116000079 ], [ 90.264652011000067, 23.852744244000064 ], [ 90.264656494000064, 23.852599210000051 ], [ 90.264659814000083, 23.852491819000022 ], [ 90.264666640000087, 23.852271030000054 ], [ 90.264723221000054, 23.85203806800007 ], [ 90.264737447000073, 23.851979497000059 ], [ 90.264749097000049, 23.851931529000069 ], [ 90.264761297000064, 23.851893867000058 ], [ 90.264866151000035, 23.851570183000035 ], [ 90.264872065000077, 23.851551928000049 ], [ 90.26487630400004, 23.851538842000025 ], [ 90.264877525000031, 23.851535338000076 ], [ 90.265051754000069, 23.851587645000052 ], [ 90.265321526000037, 23.85168442500003 ], [ 90.26537970000004, 23.851440660000037 ], [ 90.265486949000035, 23.850991263000026 ], [ 90.265597143000036, 23.850903789000029 ], [ 90.265742303000081, 23.850788557000044 ], [ 90.266042096000035, 23.850550573000078 ], [ 90.266166591000058, 23.850440425000045 ], [ 90.266305322000051, 23.850128577000078 ], [ 90.266313922000052, 23.850109245000056 ], [ 90.266318084000034, 23.850106552000057 ], [ 90.266344088000039, 23.850089722000064 ], [ 90.266404013000056, 23.850050936000059 ], [ 90.266518850000068, 23.849976611000045 ], [ 90.266803676000052, 23.849792262000051 ], [ 90.26695144200005, 23.849625848000073 ], [ 90.267025447000037, 23.849542502000077 ], [ 90.26708184000006, 23.849478991000069 ], [ 90.267163130000085, 23.849387442000022 ], [ 90.267177854000067, 23.84937577900007 ], [ 90.267391695000072, 23.849206398000035 ], [ 90.267417526000031, 23.849171571000056 ], [ 90.267636525000057, 23.848876289000032 ], [ 90.267697005000059, 23.848738439000044 ], [ 90.267691652000053, 23.848721150000074 ], [ 90.267717634000064, 23.84866192800007 ], [ 90.267817110000067, 23.848982407000051 ], [ 90.268404978000035, 23.849819136000065 ], [ 90.268792149000035, 23.850290993000044 ], [ 90.268849618000047, 23.85036103300007 ], [ 90.268943383000078, 23.850475306000078 ], [ 90.268992610000055, 23.850536188000035 ], [ 90.269153202000041, 23.850694225000041 ], [ 90.269187054000042, 23.850727538000058 ], [ 90.269218180000053, 23.850758169000073 ], [ 90.269296353000072, 23.850835097000072 ], [ 90.269345023000085, 23.850882991000049 ], [ 90.269416364000051, 23.850953197000024 ], [ 90.269641261000061, 23.851076999000043 ], [ 90.269799645000035, 23.851163755000073 ], [ 90.269843202000061, 23.851187614000025 ], [ 90.269970005000062, 23.851257071000077 ], [ 90.270106001000045, 23.85133191400007 ], [ 90.270129809000082, 23.851345016000039 ], [ 90.270144530000039, 23.851353118000077 ], [ 90.270231772000045, 23.851401130000056 ], [ 90.270421541000076, 23.851483107000035 ], [ 90.270846103000054, 23.851666507000061 ], [ 90.270916138000075, 23.851697996000041 ], [ 90.27094995300007, 23.851725034000026 ], [ 90.271049843000071, 23.851805057000036 ], [ 90.271194645000037, 23.851921057000027 ], [ 90.272045339000044, 23.851623748000065 ], [ 90.272200378000036, 23.851571 ], [ 90.272372252000082, 23.851512523000054 ], [ 90.272550632000048, 23.85140382000003 ], [ 90.272848313000054, 23.851403293000033 ], [ 90.273085902000048, 23.851429968000048 ], [ 90.273264624000035, 23.851483846000065 ], [ 90.273651417000053, 23.851537355000062 ], [ 90.273858473000075, 23.851525878000075 ], [ 90.274121077000075, 23.851511322000079 ], [ 90.274146184000074, 23.851509930000077 ], [ 90.274156498000082, 23.851509358000044 ], [ 90.274175117000084, 23.851507912000045 ], [ 90.274256224000055, 23.851501615000075 ], [ 90.274513659000036, 23.851481626000066 ], [ 90.274959932000058, 23.851507925000078 ], [ 90.275287246000062, 23.851588632000073 ], [ 90.275580435000052, 23.851692470000046 ], [ 90.275674216000084, 23.851725685000076 ], [ 90.276123449000067, 23.851985047000028 ], [ 90.276239587000077, 23.852052097000069 ], [ 90.276537676000032, 23.852243500000043 ], [ 90.276715788000047, 23.852297374000045 ], [ 90.276894455000047, 23.85232415300004 ], [ 90.277162063000048, 23.852323669000043 ], [ 90.277214412000035, 23.852314900000067 ], [ 90.277816123000036, 23.852214103000051 ], [ 90.277933684000061, 23.852245976000063 ], [ 90.277939527000058, 23.852247560000023 ], [ 90.278113978000079, 23.852294856000071 ], [ 90.278500837000081, 23.852377708000063 ], [ 90.279005921000078, 23.852349695000044 ], [ 90.279273530000069, 23.852349212000036 ], [ 90.279482036000047, 23.852265282000076 ], [ 90.279504127000052, 23.852229324000064 ], [ 90.279600083000048, 23.852073132000044 ], [ 90.27986745700008, 23.851964258000066 ], [ 90.279986590000078, 23.851991137000027 ], [ 90.280076438000037, 23.852101620000042 ], [ 90.280076902000076, 23.852317527000025 ], [ 90.280076904000055, 23.852318398000023 ], [ 90.27992828500004, 23.852564800000039 ], [ 90.279840052000054, 23.852921741000046 ], [ 90.279840523000075, 23.853140775000043 ], [ 90.279633151000041, 23.853468576000068 ], [ 90.279366069000048, 23.853715193000028 ], [ 90.279266533000055, 23.853960793000056 ], [ 90.279188397000041, 23.854153587000042 ], [ 90.279189161000033, 23.854510364000078 ], [ 90.279189922000057, 23.854864883000062 ], [ 90.279152337000085, 23.855021715000078 ], [ 90.279101429000036, 23.855234141000039 ], [ 90.27907189900003, 23.855357362000063 ], [ 90.279037974000062, 23.855595115000028 ], [ 90.279013242000076, 23.855768442000056 ], [ 90.278735664000067, 23.856563794000067 ], [ 90.278777282000078, 23.856507266000051 ], [ 90.279479583000068, 23.856684272000052 ], [ 90.279640141000073, 23.856724737000036 ], [ 90.280146087000048, 23.856805109000049 ], [ 90.281067544000052, 23.856584395000027 ], [ 90.28129129000007, 23.856435574000045 ], [ 90.281602012000064, 23.85622889900003 ], [ 90.282195714000068, 23.855735548000041 ], [ 90.282670991000032, 23.855542737000064 ], [ 90.282819705000065, 23.855623756000057 ], [ 90.283194570000035, 23.855566959000043 ], [ 90.283513683000081, 23.855518609000057 ], [ 90.283657855000058, 23.855486729000063 ], [ 90.283910374000072, 23.855319165000026 ], [ 90.283981392000044, 23.854953222000063 ], [ 90.284053461000042, 23.854788249000023 ], [ 90.284269694000045, 23.854589138000051 ], [ 90.284594173000073, 23.854489181000076 ], [ 90.285315479000076, 23.854255262000038 ], [ 90.28643390600007, 23.854020604000027 ], [ 90.287190369000086, 23.853587900000036 ], [ 90.287298422000049, 23.85332124200005 ], [ 90.287261551000086, 23.853023242000063 ], [ 90.287152650000053, 23.852626022000038 ], [ 90.287151917000074, 23.852294081000025 ], [ 90.287042325000073, 23.851860731000045 ], [ 90.286824712000055, 23.851429841000026 ], [ 90.286788455000078, 23.85113184000005 ], [ 90.286715226000069, 23.850766164000049 ], [ 90.286769647000085, 23.850632243000064 ], [ 90.28682266800007, 23.850501766000036 ], [ 90.286966714000073, 23.850135687000034 ], [ 90.287110217000077, 23.849803479000059 ], [ 90.287109412000063, 23.849437669000054 ], [ 90.286964158000046, 23.84897502900003 ], [ 90.286996043000045, 23.84896142100007 ], [ 90.286240765000059, 23.848244752000028 ], [ 90.286108138000031, 23.84806683100004 ], [ 90.285697829000071, 23.847516393000035 ], [ 90.285538856000073, 23.847327679000045 ], [ 90.285082472000056, 23.846785910000051 ], [ 90.284648766000032, 23.84632380100004 ], [ 90.284359106000068, 23.846057880000046 ], [ 90.284247728000082, 23.845972785000072 ], [ 90.283925690000046, 23.845726741000078 ], [ 90.283637, 23.845572495000056 ], [ 90.283491878000063, 23.845494955000049 ], [ 90.283202841000048, 23.845231289000026 ], [ 90.28287759300008, 23.844965429000069 ], [ 90.28276831200003, 23.844667562000041 ], [ 90.282731019000039, 23.844168591000027 ], [ 90.282678891000046, 23.843978417000073 ], [ 90.282622138000079, 23.843771365000066 ], [ 90.282296465000059, 23.843306793000068 ], [ 90.281861656000046, 23.842609837000055 ], [ 90.281680648000076, 23.842345970000054 ], [ 90.281672016000073, 23.842280048000077 ], [ 90.281652566000048, 23.84213150100004 ], [ 90.281623352000054, 23.84214320500007 ], [ 90.281599830000062, 23.841965822000077 ], [ 90.281550217000074, 23.841591703000063 ], [ 90.281621165000047, 23.841194145000031 ], [ 90.281630029000041, 23.841183509000075 ], [ 90.281981103000078, 23.840762193000046 ], [ 90.282304794000083, 23.84002997500005 ], [ 90.282320997000056, 23.839963453000053 ], [ 90.282327268000074, 23.839937705000068 ], [ 90.282359590000056, 23.839805008000042 ], [ 90.282558460000075, 23.838988524000058 ], [ 90.282516194000038, 23.838971394000055 ], [ 90.282369882000069, 23.838912096000058 ], [ 90.282131228000083, 23.838666399000033 ], [ 90.281964433000041, 23.838494240000045 ], [ 90.281893187000037, 23.838420704000043 ], [ 90.281369278000057, 23.838053760000037 ], [ 90.280880254000067, 23.837711247000072 ], [ 90.280729602000065, 23.837619385000039 ], [ 90.279986746000077, 23.83716641500007 ], [ 90.279510239000047, 23.836756305000051 ], [ 90.278943556000058, 23.836075386000061 ], [ 90.278734866000036, 23.835773177000078 ], [ 90.278585943000053, 23.835583765000024 ], [ 90.278437135000047, 23.83544629000005 ], [ 90.278023556000051, 23.835215298000037 ], [ 90.277996908000034, 23.835200414000042 ], [ 90.277752041000042, 23.835063650000052 ], [ 90.277484065000067, 23.834874451000076 ], [ 90.277186570000083, 23.834655950000069 ], [ 90.276948047000076, 23.834464439000044 ], [ 90.27691483600006, 23.834430629000053 ], [ 90.276861392000058, 23.834376275000068 ], [ 90.276846420000084, 23.834361049000051 ], [ 90.276679896000076, 23.834191692000047 ], [ 90.276531383000076, 23.834191958000076 ], [ 90.276322899000036, 23.834273623000058 ], [ 90.276115205000053, 23.83443883700005 ], [ 90.275967034000075, 23.834601687000031 ], [ 90.275848096000061, 23.834658352000076 ], [ 90.275729038000065, 23.834658564000051 ], [ 90.275580349000052, 23.83457528100007 ], [ 90.275569479000069, 23.834540897000068 ], [ 90.275520418000042, 23.834385707000024 ], [ 90.275548614000058, 23.834333149000031 ], [ 90.275668349000057, 23.834109954000041 ], [ 90.275786657000083, 23.833755220000057 ], [ 90.275785434000056, 23.833744209000031 ], [ 90.275725975000057, 23.833208868000042 ], [ 90.275547308000057, 23.832879503000072 ], [ 90.275367800000083, 23.832441752000022 ], [ 90.275099485000055, 23.832087709000064 ], [ 90.274771524000073, 23.831677318000061 ], [ 90.274508279000031, 23.831414830000028 ], [ 90.274443743000063, 23.831350479000037 ], [ 90.274205232000043, 23.831158965000043 ], [ 90.273877735000042, 23.830967606000058 ], [ 90.273639227000047, 23.830776093000054 ], [ 90.273401336000063, 23.83058683400003 ], [ 90.273162882000065, 23.830422414000054 ], [ 90.272360364000065, 23.830505127000038 ], [ 90.272190568000042, 23.830584944000066 ], [ 90.272181956000054, 23.83058899200006 ], [ 90.272123170000043, 23.830943618000049 ], [ 90.272124279000082, 23.831475887000067 ], [ 90.272124309000048, 23.831490076000023 ], [ 90.272026654000058, 23.831784746000039 ], [ 90.272006, 23.831847068000059 ], [ 90.272006625000074, 23.832147392000024 ], [ 90.272066724000069, 23.83242051700006 ], [ 90.272097194000082, 23.832612403000041 ], [ 90.272074912000051, 23.832756584000037 ], [ 90.272067524000079, 23.83280439300006 ], [ 90.271999630000039, 23.832951621000063 ], [ 90.271978939000064, 23.832996489000038 ], [ 90.27197927800006, 23.833159071000068 ], [ 90.272039319000044, 23.83340510000005 ], [ 90.272456091000038, 23.833734046000075 ], [ 90.272575431000064, 23.833869321000066 ], [ 90.272575717000052, 23.834007066000026 ], [ 90.272575907000032, 23.834097926000027 ], [ 90.272575944000039, 23.834115453000038 ], [ 90.272570150000035, 23.834131995000064 ], [ 90.272546660000046, 23.834199055000056 ], [ 90.272308604000045, 23.834226573000024 ], [ 90.271951032000061, 23.834035265000068 ], [ 90.271742935000077, 23.834008535000066 ], [ 90.271627160000037, 23.834035100000051 ], [ 90.271623935000036, 23.83403584000007 ], [ 90.271535748000076, 23.834419874000048 ], [ 90.271536428000047, 23.834747299000071 ], [ 90.271596415000033, 23.834966229000031 ], [ 90.271809728000051, 23.835056719000079 ], [ 90.27198338900007, 23.835130387000049 ], [ 90.272459520000041, 23.835375683000052 ], [ 90.272633553000048, 23.835559808000028 ], [ 90.272638503000053, 23.835565046000056 ], [ 90.272579318000055, 23.835729991000051 ], [ 90.272163398000032, 23.835812019000059 ], [ 90.271836127000086, 23.835731305000024 ], [ 90.271598065000035, 23.835758819000034 ], [ 90.271419821000052, 23.835923976000061 ], [ 90.271123470000077, 23.836251924000067 ], [ 90.27098871700008, 23.836674425000069 ], [ 90.270878404000086, 23.836788779000074 ], [ 90.270763971000065, 23.836907404000044 ], [ 90.270694289000062, 23.837043012000038 ], [ 90.270535043000052, 23.837196844000061 ], [ 90.270430814000065, 23.837246705000041 ], [ 90.270390896000038, 23.837233226000023 ], [ 90.270438087000059, 23.836905719000072 ], [ 90.270454444000052, 23.836858836000033 ], [ 90.270508246000077, 23.836704624000049 ], [ 90.270514774000048, 23.836668520000046 ], [ 90.270591977000038, 23.836241565000023 ], [ 90.270504495000068, 23.835783326000069 ], [ 90.270507217000045, 23.835320409000076 ], [ 90.270527599000047, 23.835285288000023 ], [ 90.270823368000038, 23.83477565000004 ], [ 90.270817697000041, 23.834744452000052 ], [ 90.270774947000064, 23.834509280000077 ], [ 90.27056589700004, 23.834319966000066 ], [ 90.270491706000087, 23.834351709000032 ], [ 90.270491337000067, 23.833581699000035 ], [ 90.270496176000051, 23.833547816000078 ], [ 90.27055957400006, 23.83310450700003 ], [ 90.270629258000042, 23.832617244000062 ], [ 90.270633488000044, 23.832585622000067 ], [ 90.270561134000047, 23.832319294000058 ], [ 90.270452376000037, 23.832254 ], [ 90.270236494000073, 23.832319865000045 ], [ 90.270164283000042, 23.832419346000052 ], [ 90.269947928000079, 23.83255295500004 ], [ 90.26987224100003, 23.832453730000054 ], [ 90.26982090000007, 23.832014425000068 ], [ 90.269806016000075, 23.831887062000078 ], [ 90.269805338000083, 23.831855450000035 ], [ 90.269802607000031, 23.831722227000057 ], [ 90.269801928000049, 23.831690613000035 ], [ 90.269823879000057, 23.831677249000052 ], [ 90.26990980100004, 23.83162494100003 ], [ 90.270126291000054, 23.83155681900007 ], [ 90.270342784000036, 23.83149095300007 ], [ 90.270522932000063, 23.831357408000031 ], [ 90.270584075000045, 23.831278269000052 ], [ 90.270702869000047, 23.831124508000073 ], [ 90.270810395000069, 23.830891736000069 ], [ 90.270819798000048, 23.830839517000072 ], [ 90.270826549000049, 23.830802033000055 ], [ 90.270881986000063, 23.830494182000052 ], [ 90.270894497000086, 23.830462728000043 ], [ 90.271170615000074, 23.829768540000032 ], [ 90.271384416000046, 23.82923101800003 ], [ 90.271407127000032, 23.82917019000007 ], [ 90.271672452000075, 23.828459558000077 ], [ 90.271867496000084, 23.827937159000044 ], [ 90.271919722000064, 23.827797278000048 ], [ 90.272066082000038, 23.827405269000053 ], [ 90.272245806000058, 23.82707300900006 ], [ 90.272462081000072, 23.826905527000065 ], [ 90.272569669000063, 23.826706624000053 ], [ 90.272569589000057, 23.826668387000041 ], [ 90.272568905000071, 23.826340813000058 ], [ 90.272568840000076, 23.826309200000026 ], [ 90.272419914000068, 23.82610849100007 ], [ 90.272319045000074, 23.825410913000042 ], [ 90.272314684000037, 23.825379310000073 ], [ 90.272340669000073, 23.825341309000066 ], [ 90.272587821000059, 23.824979855000038 ], [ 90.272745992000068, 23.824748533000047 ], [ 90.272854123000059, 23.824515758000075 ], [ 90.272930341000063, 23.824283040000068 ], [ 90.272933345000069, 23.824260325000068 ], [ 90.272956921000059, 23.824082021000038 ], [ 90.27296115200005, 23.824050398000054 ], [ 90.272974973000032, 23.824024957000063 ], [ 90.273011214000064, 23.823958239000035 ], [ 90.272708845000068, 23.823898973000041 ], [ 90.272462045000054, 23.823795972000028 ], [ 90.272381645000053, 23.823702673000071 ], [ 90.272108045000039, 23.823658572000056 ], [ 90.271925644000078, 23.823540773000047 ], [ 90.271716445000038, 23.823467172000051 ], [ 90.271704306000061, 23.823463758000059 ], [ 90.271232239000085, 23.823330965000025 ], [ 90.271118529000034, 23.823304280000059 ], [ 90.271079545000077, 23.823295386000041 ], [ 90.271034059000044, 23.82328351700005 ], [ 90.270936549000055, 23.823238878000041 ], [ 90.270858535000059, 23.823200180000072 ], [ 90.270836604000067, 23.823189768000077 ], [ 90.270712556000035, 23.823130872000036 ], [ 90.270683011000074, 23.823116844000026 ], [ 90.27054976200003, 23.823063305000062 ], [ 90.270449018000079, 23.823024648000057 ], [ 90.270358028000032, 23.822991946000059 ], [ 90.270287378000035, 23.822968255000035 ], [ 90.270260543000063, 23.822959257000036 ], [ 90.27022607300006, 23.822941413000024 ], [ 90.270185777000052, 23.822920552000028 ], [ 90.270143445000031, 23.822863867000024 ], [ 90.27008161200007, 23.822798254000077 ], [ 90.270060981000086, 23.822789757000066 ], [ 90.270022734000065, 23.822774004000053 ], [ 90.270016612000063, 23.822771483000054 ], [ 90.269850954000049, 23.822747875000061 ], [ 90.26973728300004, 23.822739111000033 ], [ 90.269734066000069, 23.822738569000023 ], [ 90.269649578000042, 23.822724328000049 ], [ 90.269555365000031, 23.822703581000042 ], [ 90.269541806000063, 23.822701978000055 ], [ 90.269480660000056, 23.822694750000039 ], [ 90.269456382000044, 23.822685165000053 ], [ 90.269314917000031, 23.822629319000043 ], [ 90.269305265000071, 23.822625828000071 ], [ 90.269233940000049, 23.822600031000036 ], [ 90.269203937000043, 23.822589179000033 ], [ 90.269197725000083, 23.822586932000036 ], [ 90.269180405000043, 23.822580667000068 ], [ 90.26917484900008, 23.822581813000056 ], [ 90.269137954000087, 23.822589423000068 ], [ 90.269027658000084, 23.822550184000079 ], [ 90.268896056000074, 23.822503366000035 ], [ 90.268678475000058, 23.822425960000032 ], [ 90.268589642000052, 23.822394358000054 ], [ 90.26856430600003, 23.822385667000049 ], [ 90.268547833000071, 23.822379484000066 ], [ 90.268515398000034, 23.822367944000064 ], [ 90.268508316000066, 23.822365425000044 ], [ 90.268319054000074, 23.822298093000029 ], [ 90.268221539000081, 23.822250466000071 ], [ 90.268221466000057, 23.822214618000032 ], [ 90.268135649000044, 23.822296003000076 ], [ 90.267995652000081, 23.822339578000026 ], [ 90.267910082000071, 23.822502292000024 ], [ 90.267871161000073, 23.822576300000037 ], [ 90.267747950000057, 23.822559098000056 ], [ 90.26762956500005, 23.822556598000062 ], [ 90.267580645000066, 23.822555565000073 ], [ 90.267448665000074, 23.822549102000039 ], [ 90.267333337000082, 23.822555993000037 ], [ 90.267261115000053, 23.822549473000038 ], [ 90.267262909000067, 23.822531737000077 ], [ 90.267059908000078, 23.82254623700004 ], [ 90.266913309000074, 23.822523537000052 ], [ 90.266766509000036, 23.822492637000039 ], [ 90.266717009000047, 23.822482236000042 ], [ 90.266491701000064, 23.822394995000025 ], [ 90.266482508000081, 23.822391436000032 ], [ 90.266360709000082, 23.822391436000032 ], [ 90.26632305000004, 23.822379093000052 ], [ 90.266241109000077, 23.822352237000075 ], [ 90.266033646000039, 23.822349243000076 ], [ 90.265956908000078, 23.822348136000073 ], [ 90.265828408000061, 23.822306836000052 ], [ 90.265489685000034, 23.822185746000059 ], [ 90.265476508000063, 23.822181036000075 ], [ 90.265499220000038, 23.822228590000066 ], [ 90.265507799000034, 23.82224655400006 ], [ 90.26553190900006, 23.822297036000066 ], [ 90.265499709000039, 23.822422136000057 ], [ 90.265430009000056, 23.822500636000029 ], [ 90.265258308000057, 23.822581636000052 ], [ 90.264971408000065, 23.822667535000051 ], [ 90.264648908000083, 23.822749836000071 ], [ 90.264558608000073, 23.822719535000033 ], [ 90.264211208000063, 23.82259573500005 ], [ 90.264200438000046, 23.822609268000065 ], [ 90.263987908000047, 23.822876336000036 ], [ 90.263973056000054, 23.822892872000068 ], [ 90.263932762000081, 23.822937737000075 ], [ 90.263801907000072, 23.823083435000058 ], [ 90.263618207000036, 23.823376636000035 ], [ 90.263508022000053, 23.823579532000053 ], [ 90.263502807000066, 23.823589136000066 ], [ 90.263475407000044, 23.823639635000063 ], [ 90.263429863000056, 23.823748430000023 ], [ 90.263423707000072, 23.823763136000025 ], [ 90.263349592000054, 23.823919204000049 ], [ 90.263347815000031, 23.823922945000049 ], [ 90.263343307000071, 23.823932435000074 ], [ 90.263334207000071, 23.823989035000068 ], [ 90.263317833000031, 23.824091019000036 ], [ 90.263263305000066, 23.824257770000031 ], [ 90.262798806000035, 23.824241535000056 ], [ 90.262737867000055, 23.824228723000033 ], [ 90.26239640600005, 23.824156935000076 ], [ 90.262191439000048, 23.824070959000039 ], [ 90.262178745000085, 23.824093130000051 ], [ 90.262166117000049, 23.824115186000029 ], [ 90.262087686000086, 23.824252170000022 ], [ 90.261804548000043, 23.824492433000046 ], [ 90.261671724000053, 23.824605144000031 ], [ 90.261426439000047, 23.824663819000023 ], [ 90.261425862000067, 23.824326324000026 ], [ 90.26142550600008, 23.824117634000061 ], [ 90.261426566000068, 23.824096904000044 ], [ 90.261433274000069, 23.823965557000065 ], [ 90.26144690600006, 23.823698634000039 ], [ 90.261717807000082, 23.823707834000061 ], [ 90.261827806000042, 23.823705434000033 ], [ 90.261862707000034, 23.823541034000073 ], [ 90.261874207000062, 23.823302935000072 ], [ 90.26187692600007, 23.823246546000064 ], [ 90.261886478000065, 23.823048383000071 ], [ 90.261897507000072, 23.82281963500003 ], [ 90.261900963000073, 23.822751217000075 ], [ 90.261909575000061, 23.822580665000032 ], [ 90.26192020700006, 23.822370135000028 ], [ 90.26193763200007, 23.822128018000058 ], [ 90.261952808000046, 23.821917135000035 ], [ 90.261959560000037, 23.821823277000078 ], [ 90.261968136000064, 23.821704053000076 ], [ 90.261976842000081, 23.82158303600005 ], [ 90.261985315000061, 23.821465239000077 ], [ 90.26198720800005, 23.82143893500006 ], [ 90.261976692000076, 23.821438624000052 ], [ 90.261262184000032, 23.821417525000072 ], [ 90.261261602000047, 23.821373569000059 ], [ 90.261258595000072, 23.821146257000066 ], [ 90.261257549000049, 23.82106723000004 ], [ 90.261264733000075, 23.820762511000055 ], [ 90.261261038000043, 23.820697993000067 ], [ 90.261260137000079, 23.820682259000023 ], [ 90.261256378000041, 23.820616607000034 ], [ 90.261272529000053, 23.820617370000036 ], [ 90.261917248000032, 23.820647835000045 ], [ 90.26216137800003, 23.820221314000037 ], [ 90.262288769000065, 23.820238585000027 ], [ 90.26241652200008, 23.820018529000038 ], [ 90.26245857400005, 23.819833722000055 ], [ 90.262339621000081, 23.81984165800003 ], [ 90.262291540000035, 23.819840057000079 ], [ 90.261713993000058, 23.819820826000068 ], [ 90.261436297000046, 23.819811579000032 ], [ 90.26132606300007, 23.819773476000023 ], [ 90.260428635000039, 23.819463276000079 ], [ 90.260004255000069, 23.819243522000079 ], [ 90.259628866000071, 23.819049134000068 ], [ 90.259436344000051, 23.818891033000057 ], [ 90.259038234000059, 23.818564104000075 ], [ 90.258967527000038, 23.818506040000045 ], [ 90.258956445000081, 23.818500229000051 ], [ 90.258237784000073, 23.818123386000025 ], [ 90.257663987000058, 23.818092731000036 ], [ 90.257472542000073, 23.818095308000068 ], [ 90.256066089000058, 23.818079586000067 ], [ 90.255498912000064, 23.81819899900006 ], [ 90.255474909000043, 23.818204052000056 ], [ 90.25546947600003, 23.818205196000065 ], [ 90.255460694000078, 23.818207045000065 ], [ 90.25527410400008, 23.818203915000026 ], [ 90.255216054000073, 23.818202944000063 ], [ 90.254786102000082, 23.818355478000058 ], [ 90.254732752000052, 23.818373631000043 ], [ 90.254544933000034, 23.818505606000031 ], [ 90.254403534000062, 23.818604962000052 ], [ 90.254368759000045, 23.818629398000041 ], [ 90.254249472000083, 23.818629595000061 ], [ 90.254243520000045, 23.818629605000069 ], [ 90.253702394000072, 23.820804610000039 ], [ 90.253700257000048, 23.820813202000068 ], [ 90.253720419000047, 23.820814662000032 ], [ 90.25404517700008, 23.820838173000027 ], [ 90.254160569000078, 23.820844050000062 ], [ 90.254696977000037, 23.820871373000045 ], [ 90.254668878000075, 23.821082373000024 ], [ 90.254637703000071, 23.82123297000004 ], [ 90.25461286400008, 23.821352965000074 ], [ 90.254574278000064, 23.821539373000064 ], [ 90.254483077000032, 23.821696373000066 ], [ 90.254438595000067, 23.821848347000071 ], [ 90.254404615000055, 23.821852531000047 ], [ 90.254404672000078, 23.821853486000066 ], [ 90.254414043000054, 23.822009768000044 ], [ 90.254423144000043, 23.822161534000031 ], [ 90.254428609000058, 23.822160877000044 ], [ 90.254429477000031, 23.822160772000075 ], [ 90.254438897000057, 23.822387044000038 ], [ 90.254422981000062, 23.822386808000033 ], [ 90.25430504600007, 23.822385065000049 ], [ 90.254163408000068, 23.822382972000071 ], [ 90.254127375000053, 23.822555101000034 ], [ 90.254077990000042, 23.822815276000028 ], [ 90.254065814000057, 23.822879417000024 ], [ 90.253470827000058, 23.823004296000079 ], [ 90.253468255000087, 23.823005231000025 ], [ 90.253401557000075, 23.823029486000053 ], [ 90.253250592000086, 23.823084387000051 ], [ 90.253071626000064, 23.823149469000043 ], [ 90.253043338000055, 23.823166075000074 ], [ 90.252689759000077, 23.823373649000075 ], [ 90.252258624000035, 23.823715436000043 ], [ 90.25222165100007, 23.823744746000045 ], [ 90.252045441000064, 23.823800915000049 ], [ 90.251985416000082, 23.823889618000067 ], [ 90.251915921000034, 23.823992314000066 ], [ 90.251852626000073, 23.824062195000067 ], [ 90.251656738000065, 23.824140797000041 ], [ 90.25086088200004, 23.824460140000042 ], [ 90.250840438000068, 23.824468343000035 ], [ 90.249904248000064, 23.824843988000055 ], [ 90.24963170500007, 23.824963922000052 ], [ 90.249384957000075, 23.824988220000023 ], [ 90.24921603100006, 23.824952645000053 ], [ 90.249088472000039, 23.82488446800005 ], [ 90.248890433000042, 23.824947464000047 ], [ 90.24839253600004, 23.825105841000038 ], [ 90.248392868000053, 23.82528 ], [ 90.248388023000075, 23.825313879000078 ], [ 90.248320928000055, 23.825793733000069 ], [ 90.248242117000075, 23.826357364000046 ], [ 90.248184090000052, 23.82664483700006 ], [ 90.24796079500004, 23.827751073000059 ], [ 90.247939366000082, 23.827857232000042 ], [ 90.247878994000075, 23.828161695000063 ], [ 90.247786186000042, 23.82862975200004 ], [ 90.247772482000073, 23.82869893700007 ], [ 90.247736331000056, 23.828881436000074 ], [ 90.247674128000085, 23.82919546100004 ], [ 90.247664361000034, 23.829244767000034 ], [ 90.247657324000045, 23.829280293000068 ], [ 90.247655339000062, 23.829290340000057 ], [ 90.24764218200005, 23.829356933000042 ], [ 90.247586813000055, 23.829637188000049 ], [ 90.24757535100008, 23.829667253000025 ], [ 90.247566175000031, 23.829713696000056 ], [ 90.247413720000054, 23.830113562000065 ], [ 90.247156568000037, 23.830788028000029 ], [ 90.246957974000054, 23.831308896000053 ], [ 90.246939662000045, 23.831360861000064 ], [ 90.246920505000048, 23.831416095000066 ], [ 90.246760216000041, 23.831878255000049 ], [ 90.246738244000085, 23.831941517000075 ], [ 90.246549644000083, 23.832486024000048 ], [ 90.246522005000031, 23.832565719000058 ], [ 90.24628055200003, 23.833261944000071 ], [ 90.24622319100007, 23.833427343000039 ], [ 90.246096750000049, 23.833791932000054 ], [ 90.245983324000065, 23.834165565000035 ], [ 90.245755200000076, 23.834917016000077 ], [ 90.245641757000044, 23.835292042000049 ], [ 90.245628262000082, 23.835329485000045 ], [ 90.245205224000074, 23.836503253000046 ], [ 90.245091724000076, 23.836818167000047 ], [ 90.245090944000083, 23.836820333000048 ], [ 90.245066037000072, 23.836889438000071 ], [ 90.245033681000052, 23.836979814000074 ], [ 90.244841209000072, 23.837374514000032 ], [ 90.244798060000051, 23.83746300200005 ], [ 90.244336115000067, 23.838410304000035 ], [ 90.244120916000043, 23.838853232000076 ], [ 90.244097072000045, 23.838902948000054 ], [ 90.24408569600007, 23.838926600000036 ], [ 90.243864364000046, 23.839386773000058 ], [ 90.243309045000046, 23.840541321000046 ], [ 90.243246745000079, 23.840701745000047 ], [ 90.24286124200006, 23.841688436000027 ], [ 90.242652271000054, 23.842223287000024 ], [ 90.242649974000074, 23.842229166000038 ], [ 90.242515500000081, 23.84274685400004 ], [ 90.242384618000074, 23.843250714000078 ], [ 90.242364787000042, 23.843327053000053 ], [ 90.24222132500006, 23.843879805000029 ], [ 90.241993062000063, 23.844759277000037 ], [ 90.241970930000036, 23.844879346000027 ], [ 90.241798619000065, 23.845814113000074 ], [ 90.241798309000046, 23.845815788000039 ], [ 90.241690458000051, 23.846399134000023 ], [ 90.241521314000067, 23.847979868000039 ], [ 90.241518460000066, 23.848006557000076 ], [ 90.241517910000084, 23.848011689000032 ], [ 90.241513083000086, 23.848056860000042 ], [ 90.241485336000039, 23.848318841000037 ], [ 90.241390011000078, 23.849208683000029 ], [ 90.241219501000046, 23.850599943000077 ], [ 90.241189273000032, 23.850848381000048 ], [ 90.241171836000035, 23.851044017000049 ], [ 90.24114177000007, 23.851381367000045 ], [ 90.240989658000046, 23.853097763000051 ], [ 90.240979864000053, 23.853223857000046 ], [ 90.241454980000071, 23.853235505000043 ], [ 90.241612595000049, 23.853239368000061 ], [ 90.241728498000043, 23.853242210000076 ], [ 90.241904721000083, 23.853246529000046 ], [ 90.242033194000044, 23.853249677000065 ], [ 90.24298034900005, 23.853272888000049 ], [ 90.243086525000081, 23.853275490000044 ], [ 90.243109206000042, 23.853359867000052 ], [ 90.243070044000035, 23.853799855000034 ], [ 90.243057305000036, 23.853942967000023 ], [ 90.243064906000086, 23.85419366800005 ], [ 90.243089724000072, 23.854259214000024 ], [ 90.243188872000076, 23.854521064000039 ], [ 90.243223192000073, 23.854611702000057 ], [ 90.243291568000075, 23.854792281000073 ], [ 90.243306406000045, 23.854831466000064 ], [ 90.243328174000055, 23.854907353000044 ], [ 90.243577305000031, 23.855775868000023 ], [ 90.243648675000031, 23.855980723000073 ], [ 90.243652105000081, 23.855990568000038 ], [ 90.243734306000079, 23.856226467000056 ], [ 90.243696765000038, 23.856508894000058 ], [ 90.243636104000075, 23.856965268000067 ], [ 90.243581104000043, 23.857162067000047 ], [ 90.243191105000051, 23.85713486700007 ], [ 90.24298720400003, 23.857041667000033 ], [ 90.242868922000071, 23.856962572000043 ], [ 90.242852139000036, 23.857144296000058 ], [ 90.242817671000068, 23.857517508000058 ], [ 90.242816161000064, 23.857533859000057 ], [ 90.242777318000037, 23.857954441000061 ], [ 90.241917555000043, 23.857865476000029 ], [ 90.241476528000078, 23.857819837000022 ], [ 90.241273546000059, 23.857798832000071 ], [ 90.240762954000047, 23.857745992000048 ], [ 90.240334575000077, 23.857701659000043 ], [ 90.240184122000073, 23.858290396000029 ], [ 90.240149913000039, 23.858424938000041 ], [ 90.240134151000063, 23.858486928000048 ], [ 90.239986469000087, 23.858925774000056 ], [ 90.239981902000068, 23.858939343000031 ], [ 90.239980489000061, 23.858943540000041 ], [ 90.239460001000054, 23.860490168000069 ], [ 90.239424774000042, 23.860594838000054 ], [ 90.239174271000081, 23.861173973000064 ], [ 90.238798262000046, 23.862043256000049 ], [ 90.238613666000049, 23.862470322000036 ], [ 90.238319984000043, 23.862890635000042 ], [ 90.238316324000039, 23.86289587300007 ], [ 90.238267758000063, 23.862965381000038 ], [ 90.23800682600006, 23.863338737000049 ], [ 90.237687901000072, 23.863745211000037 ], [ 90.23767889800007, 23.863761006000061 ], [ 90.237644279000051, 23.863810596000064 ], [ 90.237669495000034, 23.863822461000041 ], [ 90.237724572000047, 23.863859225000056 ], [ 90.237826944000062, 23.863927559000047 ], [ 90.238916040000049, 23.864654526000038 ], [ 90.239083163000032, 23.864766079000049 ], [ 90.239358863000064, 23.864960198000063 ], [ 90.240494382000065, 23.865759704000027 ], [ 90.240711373000067, 23.865924206000045 ], [ 90.240891970000064, 23.865991665000024 ], [ 90.24136149900005, 23.865957058000049 ], [ 90.241675501000032, 23.865787881000074 ], [ 90.24179444400005, 23.865723797000044 ], [ 90.242119781000042, 23.865723285000058 ], [ 90.242878991000055, 23.865988544000061 ], [ 90.243204023000033, 23.866152872000043 ], [ 90.24341641400008, 23.866152538000051 ], [ 90.244263037000053, 23.866351707000035 ], [ 90.244541481000056, 23.866417210000066 ], [ 90.245009168000081, 23.866491070000052 ], [ 90.245589022000047, 23.866582641000036 ], [ 90.246709859000077, 23.866878917000065 ], [ 90.247034399000086, 23.866779042000076 ], [ 90.24725092400007, 23.866692887000056 ], [ 90.247693179000066, 23.866518303000078 ], [ 90.247875935000081, 23.866427685000076 ], [ 90.248184412000057, 23.866275896000047 ], [ 90.24822239000008, 23.866279275000068 ], [ 90.248309043000063, 23.866286985000045 ], [ 90.248717618000057, 23.866156485000033 ], [ 90.249126192000062, 23.866025983000043 ], [ 90.249133555000071, 23.866023713000061 ], [ 90.249162377000061, 23.866007698000033 ], [ 90.249171801000045, 23.866074281000067 ], [ 90.249180336000052, 23.866134584000065 ], [ 90.249232928000083, 23.866351278000025 ], [ 90.249294081000073, 23.866549892000023 ], [ 90.249398712000072, 23.866694240000072 ], [ 90.24958117400007, 23.866772978000029 ], [ 90.249624775000086, 23.866781939000077 ], [ 90.24970268800007, 23.866756974000054 ], [ 90.249861022000061, 23.866736395000032 ], [ 90.249954919000061, 23.866724953000073 ], [ 90.250102333000086, 23.86677213300004 ], [ 90.250207652000086, 23.866954866000071 ], [ 90.250242142000047, 23.867013522000036 ], [ 90.250259682000035, 23.867196398000033 ], [ 90.250329394000062, 23.86737693200007 ], [ 90.250337139000067, 23.867397283000059 ], [ 90.250308751000034, 23.867453441000066 ], [ 90.250352555000063, 23.867568534000043 ], [ 90.250656905000085, 23.867823204000047 ], [ 90.250805074000084, 23.86794264100007 ], [ 90.250842544000079, 23.86795612700007 ], [ 90.250935303000063, 23.867989848000036 ], [ 90.251081380000073, 23.867978320000077 ], [ 90.251143369000033, 23.867973704000065 ], [ 90.251265634000049, 23.868029954000065 ], [ 90.25133356200007, 23.868146652000064 ], [ 90.251335232000031, 23.868149522000067 ], [ 90.251295526000035, 23.868280571000071 ], [ 90.251273624000078, 23.868352850000065 ], [ 90.251382370000044, 23.868718484000055 ], [ 90.251400225000054, 23.869050102000074 ], [ 90.251419936000048, 23.869416174000037 ], [ 90.251377478000052, 23.869578588000024 ], [ 90.251132924000046, 23.870514078000042 ], [ 90.251170164000087, 23.871044669000071 ], [ 90.251171174000035, 23.871567950000042 ], [ 90.251171209000063, 23.871586302000026 ], [ 90.251171254000042, 23.871609192000051 ], [ 90.250991671000065, 23.872074652000038 ], [ 90.250851357000045, 23.872255006000046 ], [ 90.250812250000081, 23.872305270000027 ], [ 90.250883655000052, 23.872406769000065 ], [ 90.251101160000076, 23.872505770000032 ], [ 90.251389679000056, 23.872505297000032 ], [ 90.251679139000032, 23.872671923000041 ], [ 90.251761640000041, 23.872872863000055 ], [ 90.251896865000049, 23.873202220000053 ], [ 90.251897433000067, 23.873496165000063 ], [ 90.251898022000034, 23.873800613000071 ], [ 90.252005204000056, 23.875551010000038 ], [ 90.252009595000061, 23.875622714000031 ], [ 90.252919657000064, 23.875447348000023 ], [ 90.253021523000086, 23.875426857000036 ] ] ] ] } }
]
}
